site,genus,sp,subsp,common_name,source,notes
BONA; POKE,Cnidium,cnidiifolium,,,http://www.mendeley.com/c/5448902984/g/2058663/bonanza-creek-lter-species-lists/,
BONA; POKE,Achillea,millefolium, borealis,,http://www.mendeley.com/c/5448902984/g/2058663/bonanza-creek-lter-species-lists/,
BONA; POKE,Achillea,sibirica,,,http://www.mendeley.com/c/5448902984/g/2058663/bonanza-creek-lter-species-lists/,
BONA; POKE,Antennaria,friesiana,,,http://www.mendeley.com/c/5448902984/g/2058663/bonanza-creek-lter-species-lists/,
BONA; POKE,Antennaria,pulcherrima,,,http://www.mendeley.com/c/5448902984/g/2058663/bonanza-creek-lter-species-lists/,
BONA; POKE,Antennaria,rosea,,,http://www.mendeley.com/c/5448902984/g/2058663/bonanza-creek-lter-species-lists/,
BONA; POKE,Arnica,angustifolia , angustifolia,,http://www.mendeley.com/c/5448902984/g/2058663/bonanza-creek-lter-species-lists/,
BONA; POKE,Arnica,frigida,,,http://www.mendeley.com/c/5448902984/g/2058663/bonanza-creek-lter-species-lists/,
BONA; POKE,Artemisia,arctica,,,http://www.mendeley.com/c/5448902984/g/2058663/bonanza-creek-lter-species-lists/,
BONA; POKE,Artemisia,frigida,,,http://www.mendeley.com/c/5448902984/g/2058663/bonanza-creek-lter-species-lists/,
BONA; POKE,Artemisia,tilesii,,,http://www.mendeley.com/c/5448902984/g/2058663/bonanza-creek-lter-species-lists/,
BONA; POKE,Aster,sp.,,Aster Genus,http://www.mendeley.com/c/5448902984/g/2058663/bonanza-creek-lter-species-lists/,
BONA; POKE,Crepis,nana,,,http://www.mendeley.com/c/5448902984/g/2058663/bonanza-creek-lter-species-lists/,
BONA; POKE,Erigeron,sp.,,,http://www.mendeley.com/c/5448902984/g/2058663/bonanza-creek-lter-species-lists/,
BONA; POKE,Erigeron,acris,,,http://www.mendeley.com/c/5448902984/g/2058663/bonanza-creek-lter-species-lists/,
BONA; POKE,Erigeron,glabellus,,,http://www.mendeley.com/c/5448902984/g/2058663/bonanza-creek-lter-species-lists/,
BONA; POKE,Erigeron,lonchophyllus,,,http://www.mendeley.com/c/5448902984/g/2058663/bonanza-creek-lter-species-lists/,
BONA; POKE,Eurybia,sibirica,,arctic aster,http://www.mendeley.com/c/5448902984/g/2058663/bonanza-creek-lter-species-lists/,
BONA; POKE,Petasites,frigidus,,,http://www.mendeley.com/c/5448902984/g/2058663/bonanza-creek-lter-species-lists/,
BONA; POKE,Saussurea,angustifolia,,,http://www.mendeley.com/c/5448902984/g/2058663/bonanza-creek-lter-species-lists/,
BONA; POKE,Senecio,congestus,,,http://www.mendeley.com/c/5448902984/g/2058663/bonanza-creek-lter-species-lists/,
BONA; POKE,Solidago,sp.,,Solidago Genus,http://www.mendeley.com/c/5448902984/g/2058663/bonanza-creek-lter-species-lists/,
BONA; POKE,Solidago,Canadensis,,,http://www.mendeley.com/c/5448902984/g/2058663/bonanza-creek-lter-species-lists/,
BONA; POKE,Solidago,multiradiata,,,http://www.mendeley.com/c/5448902984/g/2058663/bonanza-creek-lter-species-lists/,
BONA; POKE,Tanacetum,bipinnatum,,,http://www.mendeley.com/c/5448902984/g/2058663/bonanza-creek-lter-species-lists/,
BONA; POKE,Taraxacum,officinale,,,http://www.mendeley.com/c/5448902984/g/2058663/bonanza-creek-lter-species-lists/,
BONA; POKE,Tripleurospermum,perforata,,,http://www.mendeley.com/c/5448902984/g/2058663/bonanza-creek-lter-species-lists/,
BONA; POKE,Aulacomnium,palustre,,,http://www.mendeley.com/c/5448902984/g/2058663/bonanza-creek-lter-species-lists/,
BONA; POKE,Aulacomnium,turgidum,,,http://www.mendeley.com/c/5448902984/g/2058663/bonanza-creek-lter-species-lists/,
BONA; POKE,Bryum,sp.,,Bryum Genus,http://www.mendeley.com/c/5448902984/g/2058663/bonanza-creek-lter-species-lists/,
BONA; POKE,Bryum,algovicum , algovicum,,http://www.mendeley.com/c/5448902984/g/2058663/bonanza-creek-lter-species-lists/,
BONA; POKE,Bryum,caespiticium,,,http://www.mendeley.com/c/5448902984/g/2058663/bonanza-creek-lter-species-lists/,
BONA; POKE,Bryum,lisae , cuspidatum,,http://www.mendeley.com/c/5448902984/g/2058663/bonanza-creek-lter-species-lists/,
BONA; POKE,Bryum,pallescens,,,http://www.mendeley.com/c/5448902984/g/2058663/bonanza-creek-lter-species-lists/,
BONA; POKE,Leptobryum,pyriforme,,,http://www.mendeley.com/c/5448902984/g/2058663/bonanza-creek-lter-species-lists/,
BONA; POKE,Pohlia,sp.,,,http://www.mendeley.com/c/5448902984/g/2058663/bonanza-creek-lter-species-lists/,
BONA; POKE,Pohlia,cruda,,,http://www.mendeley.com/c/5448902984/g/2058663/bonanza-creek-lter-species-lists/,
BONA; POKE,Pohlia,nutans,,,http://www.mendeley.com/c/5448902984/g/2058663/bonanza-creek-lter-species-lists/,
BONA; POKE,Meesia,uliginosa,,meesia moss,http://www.mendeley.com/c/5448902984/g/2058663/bonanza-creek-lter-species-lists/,
BONA; POKE,Mnium,sp.,,Mnium Genus,http://www.mendeley.com/c/5448902984/g/2058663/bonanza-creek-lter-species-lists/,
BONA; POKE,Mnium,ambiguum,,,http://www.mendeley.com/c/5448902984/g/2058663/bonanza-creek-lter-species-lists/,
BONA; POKE,Mnium,spinosum,,,http://www.mendeley.com/c/5448902984/g/2058663/bonanza-creek-lter-species-lists/,
BONA; POKE,Plagiomnium,cuspidatum,,,http://www.mendeley.com/c/5448902984/g/2058663/bonanza-creek-lter-species-lists/,
BONA; POKE,Plagiomnium,medium , medium,,http://www.mendeley.com/c/5448902984/g/2058663/bonanza-creek-lter-species-lists/,
BONA; POKE,Rhizomnium,pseudopunctatum,,,http://www.mendeley.com/c/5448902984/g/2058663/bonanza-creek-lter-species-lists/,
BONA; POKE,Timmia,austriaca,,,http://www.mendeley.com/c/5448902984/g/2058663/bonanza-creek-lter-species-lists/,
BONA; POKE,Timmia,megapolitana,,,http://www.mendeley.com/c/5448902984/g/2058663/bonanza-creek-lter-species-lists/,
BONA; POKE,Campanula,lasiocarpa,,,http://www.mendeley.com/c/5448902984/g/2058663/bonanza-creek-lter-species-lists/,
BONA; POKE,Arabis,holboellii,,,http://www.mendeley.com/c/5448902984/g/2058663/bonanza-creek-lter-species-lists/,
BONA; POKE,Capsella,bursa-pastoris,,,http://www.mendeley.com/c/5448902984/g/2058663/bonanza-creek-lter-species-lists/,
BONA; POKE,Cardamine,pratensis,,,http://www.mendeley.com/c/5448902984/g/2058663/bonanza-creek-lter-species-lists/,
BONA; POKE,Rorippa,islandica,,,http://www.mendeley.com/c/5448902984/g/2058663/bonanza-creek-lter-species-lists/,
BONA; POKE,Rorippa,palustris, hispida,,http://www.mendeley.com/c/5448902984/g/2058663/bonanza-creek-lter-species-lists/,
BONA; POKE,Minuartia,Arctica,,,http://www.mendeley.com/c/5448902984/g/2058663/bonanza-creek-lter-species-lists/,
BONA; POKE,Moehringia,lateriflora,,,http://www.mendeley.com/c/5448902984/g/2058663/bonanza-creek-lter-species-lists/,Arenaria lateriflora ARLA15
BONA; POKE,Silene,menziesii,,,http://www.mendeley.com/c/5448902984/g/2058663/bonanza-creek-lter-species-lists/,
BONA; POKE,Silene,menziesii, williamsii,,http://www.mendeley.com/c/5448902984/g/2058663/bonanza-creek-lter-species-lists/,
BONA; POKE,Silene,repens,,,http://www.mendeley.com/c/5448902984/g/2058663/bonanza-creek-lter-species-lists/,
BONA; POKE,Stellaria,sp.,,Stellaria Genus,http://www.mendeley.com/c/5448902984/g/2058663/bonanza-creek-lter-species-lists/,
BONA; POKE,Stellaria,calycantha,,,http://www.mendeley.com/c/5448902984/g/2058663/bonanza-creek-lter-species-lists/,
BONA; POKE,Stellaria,longipes,,,http://www.mendeley.com/c/5448902984/g/2058663/bonanza-creek-lter-species-lists/,
BONA; POKE,Wilhelmsia,physodes,,,http://www.mendeley.com/c/5448902984/g/2058663/bonanza-creek-lter-species-lists/,
BONA; POKE,Chenopodium,album,,,http://www.mendeley.com/c/5448902984/g/2058663/bonanza-creek-lter-species-lists/,
BONA; POKE,Cornus,Canadensis,,,http://www.mendeley.com/c/5448902984/g/2058663/bonanza-creek-lter-species-lists/,
BONA; POKE,Cornus,sericea, sericea,,http://www.mendeley.com/c/5448902984/g/2058663/bonanza-creek-lter-species-lists/,CORNUS STOLONIFERA
BONA; POKE,Cornus,stolonifera,,,http://www.mendeley.com/c/5448902984/g/2058663/bonanza-creek-lter-species-lists/,
BONA; POKE,Carex,sp.,,Carex Genus,http://www.mendeley.com/c/5448902984/g/2058663/bonanza-creek-lter-species-lists/,
BONA; POKE,Carex,aquatilis,,,http://www.mendeley.com/c/5448902984/g/2058663/bonanza-creek-lter-species-lists/,
BONA; POKE,Carex,atherodes,,Wheat Sedge,http://www.mendeley.com/c/5448902984/g/2058663/bonanza-creek-lter-species-lists/,
BONA; POKE,Carex,aurea,,,http://www.mendeley.com/c/5448902984/g/2058663/bonanza-creek-lter-species-lists/,
BONA; POKE,Carex,bigelowii,,,http://www.mendeley.com/c/5448902984/g/2058663/bonanza-creek-lter-species-lists/,
BONA; POKE,Carex,canescens,,,http://www.mendeley.com/c/5448902984/g/2058663/bonanza-creek-lter-species-lists/,
BONA; POKE,Carex,capillaris,,,http://www.mendeley.com/c/5448902984/g/2058663/bonanza-creek-lter-species-lists/,
BONA; POKE,Carex,concinna,,,http://www.mendeley.com/c/5448902984/g/2058663/bonanza-creek-lter-species-lists/,
BONA; POKE,Carex,deflexa,,,http://www.mendeley.com/c/5448902984/g/2058663/bonanza-creek-lter-species-lists/,critically imperiled rare
BONA; POKE,Carex,disperma,,,http://www.mendeley.com/c/5448902984/g/2058663/bonanza-creek-lter-species-lists/,
BONA; POKE,Carex,foenea, foenea,,http://www.mendeley.com/c/5448902984/g/2058663/bonanza-creek-lter-species-lists/,CAREX AENEA
BONA; POKE,Carex,loliacea,,,http://www.mendeley.com/c/5448902984/g/2058663/bonanza-creek-lter-species-lists/,
BONA; POKE,Carex,membranacea,,,http://www.mendeley.com/c/5448902984/g/2058663/bonanza-creek-lter-species-lists/,
BONA; POKE,Carex,norvegica, inferalpina,,http://www.mendeley.com/c/5448902984/g/2058663/bonanza-creek-lter-species-lists/,CAREX MEDIA
BONA; POKE,Carex,peckii,,,http://www.mendeley.com/c/5448902984/g/2058663/bonanza-creek-lter-species-lists/,
BONA; POKE,Carex,podocarpa,,,http://www.mendeley.com/c/5448902984/g/2058663/bonanza-creek-lter-species-lists/,
BONA; POKE,Carex,praticola,,,http://www.mendeley.com/c/5448902984/g/2058663/bonanza-creek-lter-species-lists/,
BONA; POKE,Carex,rostrata,,,http://www.mendeley.com/c/5448902984/g/2058663/bonanza-creek-lter-species-lists/,
BONA; POKE,Carex,vaginata,,,http://www.mendeley.com/c/5448902984/g/2058663/bonanza-creek-lter-species-lists/,
BONA; POKE,Carex,viridula, viridula,,http://www.mendeley.com/c/5448902984/g/2058663/bonanza-creek-lter-species-lists/,carex oederi
BONA; POKE,Eriophorum,sp.,,cottongrass,http://www.mendeley.com/c/5448902984/g/2058663/bonanza-creek-lter-species-lists/,
BONA; POKE,Eriophorum,brachyantherum,,,http://www.mendeley.com/c/5448902984/g/2058663/bonanza-creek-lter-species-lists/,
BONA; POKE,Eriophorum,scheuchzeri,,,http://www.mendeley.com/c/5448902984/g/2058663/bonanza-creek-lter-species-lists/,
BONA; POKE,Eriophorum,vaginatum,,,http://www.mendeley.com/c/5448902984/g/2058663/bonanza-creek-lter-species-lists/,
BONA; POKE,Scirpus,microcarpus,,,http://www.mendeley.com/c/5448902984/g/2058663/bonanza-creek-lter-species-lists/,
BONA; POKE,Agropyron,repens,,quackgrass,http://www.mendeley.com/c/5448902984/g/2058663/bonanza-creek-lter-species-lists/,synonym for Elymus repens
BONA; POKE,Agrostis,sp.,,,http://www.mendeley.com/c/5448902984/g/2058663/bonanza-creek-lter-species-lists/,
BONA; POKE,Agrostis,scabra,,,http://www.mendeley.com/c/5448902984/g/2058663/bonanza-creek-lter-species-lists/,
BONA; POKE,Arctagrostis,latifolia,,,http://www.mendeley.com/c/5448902984/g/2058663/bonanza-creek-lter-species-lists/,
BONA; POKE,Beckmannia,syzigachne,,,http://www.mendeley.com/c/5448902984/g/2058663/bonanza-creek-lter-species-lists/,BECKMANNIA ERUCIFORMIS
BONA; POKE,Bromus,inermis , pumpellianus,,http://www.mendeley.com/c/5448902984/g/2058663/bonanza-creek-lter-species-lists/,
BONA; POKE,Calamagrostis,sp.,,,http://www.mendeley.com/c/5448902984/g/2058663/bonanza-creek-lter-species-lists/,
BONA; POKE,Calamagrostis,canadensis,,,http://www.mendeley.com/c/5448902984/g/2058663/bonanza-creek-lter-species-lists/,
BONA; POKE,Calamagrostis,lapponica,,,http://www.mendeley.com/c/5448902984/g/2058663/bonanza-creek-lter-species-lists/,
BONA; POKE,Calamagrostis,purpurascens,,,http://www.mendeley.com/c/5448902984/g/2058663/bonanza-creek-lter-species-lists/,
BONA; POKE,Calamagrostis,stricta , inexpansa,,http://www.mendeley.com/c/5448902984/g/2058663/bonanza-creek-lter-species-lists/,
BONA; POKE,Deschampsia,caespitosa,,,http://www.mendeley.com/c/5448902984/g/2058663/bonanza-creek-lter-species-lists/,
BONA; POKE,Elymus,alaskanus,,Alaskan wheatgrass,http://www.mendeley.com/c/5448902984/g/2058663/bonanza-creek-lter-species-lists/,
BONA; POKE,Elymus,trachycaulus , subsecundus ,,http://www.mendeley.com/c/5448902984/g/2058663/bonanza-creek-lter-species-lists/,
BONA; POKE,Elymus,trachycaulus , trachycaulus,,http://www.mendeley.com/c/5448902984/g/2058663/bonanza-creek-lter-species-lists/,
BONA; POKE,Festuca,sp.,,,http://www.mendeley.com/c/5448902984/g/2058663/bonanza-creek-lter-species-lists/,
BONA; POKE,Festuca,altaica,,,http://www.mendeley.com/c/5448902984/g/2058663/bonanza-creek-lter-species-lists/,
BONA; POKE,Festuca,rubra,,,http://www.mendeley.com/c/5448902984/g/2058663/bonanza-creek-lter-species-lists/,
BONA; POKE,Hierochloe,alpina,,,http://www.mendeley.com/c/5448902984/g/2058663/bonanza-creek-lter-species-lists/,
BONA; POKE,Hierochloe,odorata,,,http://www.mendeley.com/c/5448902984/g/2058663/bonanza-creek-lter-species-lists/,
BONA; POKE,Hordeum,jubatum,,,http://www.mendeley.com/c/5448902984/g/2058663/bonanza-creek-lter-species-lists/,
BONA; POKE,Leymus,innovatus,,,http://www.mendeley.com/c/5448902984/g/2058663/bonanza-creek-lter-species-lists/,
BONA; POKE,Poa,sp.,,,http://www.mendeley.com/c/5448902984/g/2058663/bonanza-creek-lter-species-lists/,
BONA; POKE,Poa,arctica,,,http://www.mendeley.com/c/5448902984/g/2058663/bonanza-creek-lter-species-lists/,
BONA; POKE,Poa,glauca,,,http://www.mendeley.com/c/5448902984/g/2058663/bonanza-creek-lter-species-lists/,
BONA; POKE,Poa,pratensis , alpigena,,http://www.mendeley.com/c/5448902984/g/2058663/bonanza-creek-lter-species-lists/,
BONA; POKE,Pseudoroegneria,spicata,,,http://www.mendeley.com/c/5448902984/g/2058663/bonanza-creek-lter-species-lists/,
BONA; POKE,Diapensia,lapponica,,,http://www.mendeley.com/c/5448902984/g/2058663/bonanza-creek-lter-species-lists/,
BONA; POKE,Ceratodon,purpureus,,,http://www.mendeley.com/c/5448902984/g/2058663/bonanza-creek-lter-species-lists/,
BONA; POKE,Dicranella,rufescens,,,http://www.mendeley.com/c/5448902984/g/2058663/bonanza-creek-lter-species-lists/,
BONA; POKE,Dicranella,varia,,,http://www.mendeley.com/c/5448902984/g/2058663/bonanza-creek-lter-species-lists/,
BONA; POKE,Dicranoweisia,subcompacta,,,http://www.mendeley.com/c/5448902984/g/2058663/bonanza-creek-lter-species-lists/,Kiaeria starkei KIST
BONA; POKE,Dicranum,sp.,,,http://www.mendeley.com/c/5448902984/g/2058663/bonanza-creek-lter-species-lists/,
BONA; POKE,Dicranum,acutifolium,,acuteleaf dicranum moss,http://www.mendeley.com/c/5448902984/g/2058663/bonanza-creek-lter-species-lists/,
BONA; POKE,Dicranum,bergeri, undulatum,,http://www.mendeley.com/c/5448902984/g/2058663/bonanza-creek-lter-species-lists/,????
BONA; POKE,Dicranum,condensatum,,,http://www.mendeley.com/c/5448902984/g/2058663/bonanza-creek-lter-species-lists/,
BONA; POKE,Dicranum,elongatum,,,http://www.mendeley.com/c/5448902984/g/2058663/bonanza-creek-lter-species-lists/,
BONA; POKE,Dicranum,flagellare,,,http://www.mendeley.com/c/5448902984/g/2058663/bonanza-creek-lter-species-lists/,
BONA; POKE,Dicranum,fragilifolium,,,http://www.mendeley.com/c/5448902984/g/2058663/bonanza-creek-lter-species-lists/,
BONA; POKE,Dicranum,fuscescens,,,http://www.mendeley.com/c/5448902984/g/2058663/bonanza-creek-lter-species-lists/,
BONA; POKE,Dicranum,majus,,,http://www.mendeley.com/c/5448902984/g/2058663/bonanza-creek-lter-species-lists/,
BONA; POKE,Dicranum,polysetum,,,http://www.mendeley.com/c/5448902984/g/2058663/bonanza-creek-lter-species-lists/,
BONA; POKE,Dicranum,scoparium,,,http://www.mendeley.com/c/5448902984/g/2058663/bonanza-creek-lter-species-lists/,
BONA; POKE,Dicranum,undulatum,,,http://www.mendeley.com/c/5448902984/g/2058663/bonanza-creek-lter-species-lists/,
BONA; POKE,Distichium,capillaceum,,,http://www.mendeley.com/c/5448902984/g/2058663/bonanza-creek-lter-species-lists/,
BONA; POKE,Oncophorus,wahlenbergii,,,http://www.mendeley.com/c/5448902984/g/2058663/bonanza-creek-lter-species-lists/,
BONA; POKE,Ceratodon,purpureus,,,http://www.mendeley.com/c/5448902984/g/2058663/bonanza-creek-lter-species-lists/,
BONA; POKE,Ditrichum,flexicaule,,,http://www.mendeley.com/c/5448902984/g/2058663/bonanza-creek-lter-species-lists/,
BONA; POKE,Adoxa,moschatellina,,,http://www.mendeley.com/c/5448902984/g/2058663/bonanza-creek-lter-species-lists/,
BONA; POKE,Linnaea,borealis,,,http://www.mendeley.com/c/5448902984/g/2058663/bonanza-creek-lter-species-lists/,
BONA; POKE,Viburnum,edule,,,http://www.mendeley.com/c/5448902984/g/2058663/bonanza-creek-lter-species-lists/,
BONA; POKE,Valeriana,capitata,,,http://www.mendeley.com/c/5448902984/g/2058663/bonanza-creek-lter-species-lists/,
BONA; POKE,Equisetum,arvense,,,http://www.mendeley.com/c/5448902984/g/2058663/bonanza-creek-lter-species-lists/,
BONA; POKE,Equisetum,fluviatile,,Water Horsetail,http://www.mendeley.com/c/5448902984/g/2058663/bonanza-creek-lter-species-lists/,
BONA; POKE,Equisetum,hyemale,,,http://www.mendeley.com/c/5448902984/g/2058663/bonanza-creek-lter-species-lists/,
BONA; POKE,Equisetum,palustre,,,http://www.mendeley.com/c/5448902984/g/2058663/bonanza-creek-lter-species-lists/,
BONA; POKE,Equisetum,pratense,,,http://www.mendeley.com/c/5448902984/g/2058663/bonanza-creek-lter-species-lists/,
BONA; POKE,Equisetum,scirpoides,,,http://www.mendeley.com/c/5448902984/g/2058663/bonanza-creek-lter-species-lists/,
BONA; POKE,Equisetum,sylvaticum,,,http://www.mendeley.com/c/5448902984/g/2058663/bonanza-creek-lter-species-lists/,
BONA; POKE,Equisetum,variegatum,,,http://www.mendeley.com/c/5448902984/g/2058663/bonanza-creek-lter-species-lists/,
BONA; POKE,Shepherdia,Canadensis,,,http://www.mendeley.com/c/5448902984/g/2058663/bonanza-creek-lter-species-lists/,
BONA; POKE,Empetrum,nigrum, hermaphroditum,,http://www.mendeley.com/c/5448902984/g/2058663/bonanza-creek-lter-species-lists/,
BONA; POKE,Empetrum,nigrum,,,http://www.mendeley.com/c/5448902984/g/2058663/bonanza-creek-lter-species-lists/,
BONA; POKE,Andromeda,polifolia,,,http://www.mendeley.com/c/5448902984/g/2058663/bonanza-creek-lter-species-lists/,
BONA; POKE,Arctostaphylos,Alpina,,,http://www.mendeley.com/c/5448902984/g/2058663/bonanza-creek-lter-species-lists/,Arctous alpina (ARAL13
BONA; POKE,Arctostaphylos,rubra,,,http://www.mendeley.com/c/5448902984/g/2058663/bonanza-creek-lter-species-lists/,Arctous rubra (ARRU6)
BONA; POKE,Arctostaphylos,uva-ursi,,,http://www.mendeley.com/c/5448902984/g/2058663/bonanza-creek-lter-species-lists/,
BONA; POKE,Chamaedaphne,calyculata,,,http://www.mendeley.com/c/5448902984/g/2058663/bonanza-creek-lter-species-lists/,
BONA; POKE,Ledum,decumbens,,,http://www.mendeley.com/c/5448902984/g/2058663/bonanza-creek-lter-species-lists/,
BONA; POKE,Ledum,groenlandicum,,,http://www.mendeley.com/c/5448902984/g/2058663/bonanza-creek-lter-species-lists/,
BONA; POKE,Loiseleuria,procumbens,,,http://www.mendeley.com/c/5448902984/g/2058663/bonanza-creek-lter-species-lists/,
BONA; POKE,Vaccinium,oxycoccos ,,,http://www.mendeley.com/c/5448902984/g/2058663/bonanza-creek-lter-species-lists/,"Vaccinium oxcoccos, Oxycoccos microcarpus"
BONA; POKE,Vaccinium,uliginosum,,,http://www.mendeley.com/c/5448902984/g/2058663/bonanza-creek-lter-species-lists/,
BONA; POKE,Vaccinium,vitis-idaea,,,http://www.mendeley.com/c/5448902984/g/2058663/bonanza-creek-lter-species-lists/,
BONA; POKE,Moneses,uniflora,,,http://www.mendeley.com/c/5448902984/g/2058663/bonanza-creek-lter-species-lists/,
BONA; POKE,Orthilia,secunda,,sidebells wintergreen,http://www.mendeley.com/c/5448902984/g/2058663/bonanza-creek-lter-species-lists/,Pyrola Secunda
BONA; POKE,Pyrola,sp.,,Pyrola Genus,http://www.mendeley.com/c/5448902984/g/2058663/bonanza-creek-lter-species-lists/,
BONA; POKE,Pyrola,asarifolia,,,http://www.mendeley.com/c/5448902984/g/2058663/bonanza-creek-lter-species-lists/,
BONA; POKE,Pyrola,chlorantha,,,http://www.mendeley.com/c/5448902984/g/2058663/bonanza-creek-lter-species-lists/,
BONA; POKE,Pyrola,grandiflora,,,http://www.mendeley.com/c/5448902984/g/2058663/bonanza-creek-lter-species-lists/,
BONA; POKE,Pyrola,minor,,,http://www.mendeley.com/c/5448902984/g/2058663/bonanza-creek-lter-species-lists/,
BONA; POKE,Abietinella,abietina,,,http://www.mendeley.com/c/5448902984/g/2058663/bonanza-creek-lter-species-lists/,
BONA; POKE,Bryum,psuedotriquetrum,,,http://www.mendeley.com/c/5448902984/g/2058663/bonanza-creek-lter-species-lists/,
BONA; POKE,Alnus,incana, tenufolia ,thinleaf alder,http://www.mendeley.com/c/5448902984/g/2058663/bonanza-creek-lter-species-lists/,
BONA; POKE,Alnus,viridis, fruticosa,Siberian alder,http://www.mendeley.com/c/5448902984/g/2058663/bonanza-creek-lter-species-lists/,
BONA; POKE,Betula,glandulosa,,,http://www.mendeley.com/c/5448902984/g/2058663/bonanza-creek-lter-species-lists/,
BONA; POKE,Betula,hybrid,,,http://www.mendeley.com/c/5448902984/g/2058663/bonanza-creek-lter-species-lists/,species were found that were hybrid between tree and shrub
BONA; POKE,Betula,nana,,,http://www.mendeley.com/c/5448902984/g/2058663/bonanza-creek-lter-species-lists/,
BONA; POKE,Betula,neoalaskana,,,http://www.mendeley.com/c/5448902984/g/2058663/bonanza-creek-lter-species-lists/,
BONA; POKE,Astragalus,alpinus,,,http://www.mendeley.com/c/5448902984/g/2058663/bonanza-creek-lter-species-lists/,
BONA; POKE,Hedysarum,alpinum,,,http://www.mendeley.com/c/5448902984/g/2058663/bonanza-creek-lter-species-lists/,
BONA; POKE,Hedysarum,boreale , mackenzii,northern sweetvetch,http://www.mendeley.com/c/5448902984/g/2058663/bonanza-creek-lter-species-lists/,
BONA; POKE,Lupinus ,arcticus,,,http://www.mendeley.com/c/5448902984/g/2058663/bonanza-creek-lter-species-lists/,
BONA; POKE,Melilotus,alba,,,http://www.mendeley.com/c/5448902984/g/2058663/bonanza-creek-lter-species-lists/,
BONA; POKE,Melilotus,officinalis,,,http://www.mendeley.com/c/5448902984/g/2058663/bonanza-creek-lter-species-lists/,
BONA; POKE,Oxytropis,campestris,,,http://www.mendeley.com/c/5448902984/g/2058663/bonanza-creek-lter-species-lists/,
BONA; POKE,Funaria,hygrometrica,,,http://www.mendeley.com/c/5448902984/g/2058663/bonanza-creek-lter-species-lists/,
BONA; POKE,Splachnum,luteum,,,http://www.mendeley.com/c/5448902984/g/2058663/bonanza-creek-lter-species-lists/,
BONA; POKE,Splachnum,rubrum,,,http://www.mendeley.com/c/5448902984/g/2058663/bonanza-creek-lter-species-lists/,
BONA; POKE,Tetraplodon,mnioides,,,http://www.mendeley.com/c/5448902984/g/2058663/bonanza-creek-lter-species-lists/,
BONA; POKE,Apocynum,androsaemifolium,,,http://www.mendeley.com/c/5448902984/g/2058663/bonanza-creek-lter-species-lists/,
BONA; POKE,Geranium,bicknellii,,,http://www.mendeley.com/c/5448902984/g/2058663/bonanza-creek-lter-species-lists/,
BONA; POKE,Racomitrium,canescens,,,http://www.mendeley.com/c/5448902984/g/2058663/bonanza-creek-lter-species-lists/,
BONA; POKE,Amblystegium,serpens,,,http://www.mendeley.com/c/5448902984/g/2058663/bonanza-creek-lter-species-lists/,
BONA; POKE,Calliergon,cordifolium,,,http://www.mendeley.com/c/5448902984/g/2058663/bonanza-creek-lter-species-lists/,
BONA; POKE,Calliergon,giganteum,,,http://www.mendeley.com/c/5448902984/g/2058663/bonanza-creek-lter-species-lists/,
BONA; POKE,Calliergon,stramineum,,,http://www.mendeley.com/c/5448902984/g/2058663/bonanza-creek-lter-species-lists/,
BONA; POKE,Campylium,sp.,,,http://www.mendeley.com/c/5448902984/g/2058663/bonanza-creek-lter-species-lists/,
BONA; POKE,Campylium,chrysophyllum,,,http://www.mendeley.com/c/5448902984/g/2058663/bonanza-creek-lter-species-lists/,
BONA; POKE,Campylium,halleri,,,http://www.mendeley.com/c/5448902984/g/2058663/bonanza-creek-lter-species-lists/,
BONA; POKE,Campylium,hispidulum,,,http://www.mendeley.com/c/5448902984/g/2058663/bonanza-creek-lter-species-lists/,
BONA; POKE,Campylium,polygamum,,,http://www.mendeley.com/c/5448902984/g/2058663/bonanza-creek-lter-species-lists/,
BONA; POKE,Campylium,stellatum,,star campylium moss,http://www.mendeley.com/c/5448902984/g/2058663/bonanza-creek-lter-species-lists/,
BONA; POKE,Drepanocladus,sp.,,,http://www.mendeley.com/c/5448902984/g/2058663/bonanza-creek-lter-species-lists/,
BONA; POKE,Drepanocladus,simplicissimus,,,http://www.mendeley.com/c/5448902984/g/2058663/bonanza-creek-lter-species-lists/,
BONA; POKE,Hamatocaulis,vernicosus,,,http://www.mendeley.com/c/5448902984/g/2058663/bonanza-creek-lter-species-lists/,
BONA; POKE,Limprichtia,revolvens,,,http://www.mendeley.com/c/5448902984/g/2058663/bonanza-creek-lter-species-lists/,
BONA; POKE,Sanionia,uncinata,,sanionia moss,http://www.mendeley.com/c/5448902984/g/2058663/bonanza-creek-lter-species-lists/,
BONA; POKE,Brachythecium,sp.,,,http://www.mendeley.com/c/5448902984/g/2058663/bonanza-creek-lter-species-lists/,
BONA; POKE,Brachythecium,acuminatum,,,http://www.mendeley.com/c/5448902984/g/2058663/bonanza-creek-lter-species-lists/,
BONA; POKE,Brachythecium,albicans,,,http://www.mendeley.com/c/5448902984/g/2058663/bonanza-creek-lter-species-lists/,
BONA; POKE,Brachythecium,calcareum,,,http://www.mendeley.com/c/5448902984/g/2058663/bonanza-creek-lter-species-lists/,
BONA; POKE,Brachythecium,populeum,,,http://www.mendeley.com/c/5448902984/g/2058663/bonanza-creek-lter-species-lists/,
BONA; POKE,Brachythecium,salebrosum,,,http://www.mendeley.com/c/5448902984/g/2058663/bonanza-creek-lter-species-lists/,
BONA; POKE,Brachythecium,turgidum,,,http://www.mendeley.com/c/5448902984/g/2058663/bonanza-creek-lter-species-lists/,
BONA; POKE,Eurhynchium,pulchellum,,,http://www.mendeley.com/c/5448902984/g/2058663/bonanza-creek-lter-species-lists/,
BONA; POKE,Tomenthypnum,nitens,,,http://www.mendeley.com/c/5448902984/g/2058663/bonanza-creek-lter-species-lists/,
BONA; POKE,Climacium,dendroides,,,http://www.mendeley.com/c/5448902984/g/2058663/bonanza-creek-lter-species-lists/,
BONA; POKE,Helodium,blandowii,,,http://www.mendeley.com/c/5448902984/g/2058663/bonanza-creek-lter-species-lists/,
BONA; POKE,Hylocomium,sp.,,Hylocomium Genus,http://www.mendeley.com/c/5448902984/g/2058663/bonanza-creek-lter-species-lists/,
BONA; POKE,Hylocomium,splendens,,,http://www.mendeley.com/c/5448902984/g/2058663/bonanza-creek-lter-species-lists/,
BONA; POKE,Pleurozium,schreberi,,,http://www.mendeley.com/c/5448902984/g/2058663/bonanza-creek-lter-species-lists/,
BONA; POKE,Rhytidiadelphus,sp.,,,http://www.mendeley.com/c/5448902984/g/2058663/bonanza-creek-lter-species-lists/,
BONA; POKE,Rhytidiadelphus,triquetrus,,,http://www.mendeley.com/c/5448902984/g/2058663/bonanza-creek-lter-species-lists/,
BONA; POKE,Hypnum,sp.,,,http://www.mendeley.com/c/5448902984/g/2058663/bonanza-creek-lter-species-lists/,
BONA; POKE,Hypnum,callichroum,,,http://www.mendeley.com/c/5448902984/g/2058663/bonanza-creek-lter-species-lists/,
BONA; POKE,Hypnum,imponens,,,http://www.mendeley.com/c/5448902984/g/2058663/bonanza-creek-lter-species-lists/,
BONA; POKE,Hypnum,lindbergii,,,http://www.mendeley.com/c/5448902984/g/2058663/bonanza-creek-lter-species-lists/,
BONA; POKE,Hypnum,pallescens,,,http://www.mendeley.com/c/5448902984/g/2058663/bonanza-creek-lter-species-lists/,
BONA; POKE,Hypnum,revolutum,,,http://www.mendeley.com/c/5448902984/g/2058663/bonanza-creek-lter-species-lists/,
BONA; POKE,Isopterygiopsis,muelleriana,,,http://www.mendeley.com/c/5448902984/g/2058663/bonanza-creek-lter-species-lists/,
BONA; POKE,Isopterygiopsis,pulchella,,,http://www.mendeley.com/c/5448902984/g/2058663/bonanza-creek-lter-species-lists/,
BONA; POKE,Platydictya,jungermanniodies,,,http://www.mendeley.com/c/5448902984/g/2058663/bonanza-creek-lter-species-lists/,
BONA; POKE,Ptilium,crista-castrensis,,,http://www.mendeley.com/c/5448902984/g/2058663/bonanza-creek-lter-species-lists/,
BONA; POKE,Pylaisiella,polyantha,,,http://www.mendeley.com/c/5448902984/g/2058663/bonanza-creek-lter-species-lists/,
BONA; POKE,Pylaisiella,polyantha,,,http://www.mendeley.com/c/5448902984/g/2058663/bonanza-creek-lter-species-lists/,
BONA; POKE,Rhytidium,rugosum,,,http://www.mendeley.com/c/5448902984/g/2058663/bonanza-creek-lter-species-lists/,
BONA; POKE,Thuidium,sp.,,,http://www.mendeley.com/c/5448902984/g/2058663/bonanza-creek-lter-species-lists/,
BONA; POKE,Thuidium,delicatulum,,,http://www.mendeley.com/c/5448902984/g/2058663/bonanza-creek-lter-species-lists/,
BONA; POKE,Thuidium,recognitum,,,http://www.mendeley.com/c/5448902984/g/2058663/bonanza-creek-lter-species-lists/,
BONA; POKE,Juncus,sp.,,rush,http://www.mendeley.com/c/5448902984/g/2058663/bonanza-creek-lter-species-lists/,
BONA; POKE,Juncus,alpinoarticulatus,,Northen Green Rush,http://www.mendeley.com/c/5448902984/g/2058663/bonanza-creek-lter-species-lists/,
BONA; POKE,Juncus,arcticus,,,http://www.mendeley.com/c/5448902984/g/2058663/bonanza-creek-lter-species-lists/,
BONA; POKE,Juncus,bufonius,,,http://www.mendeley.com/c/5448902984/g/2058663/bonanza-creek-lter-species-lists/,
BONA; POKE,Juncus,castaneus,,,http://www.mendeley.com/c/5448902984/g/2058663/bonanza-creek-lter-species-lists/,
BONA; POKE,Luzula,confusa,,,http://www.mendeley.com/c/5448902984/g/2058663/bonanza-creek-lter-species-lists/,
BONA; POKE,Luzula,multiflora,,,http://www.mendeley.com/c/5448902984/g/2058663/bonanza-creek-lter-species-lists/,
BONA; POKE,Luzula,parviflora,,,http://www.mendeley.com/c/5448902984/g/2058663/bonanza-creek-lter-species-lists/,
BONA; POKE,Luzula,rufescens,,,http://www.mendeley.com/c/5448902984/g/2058663/bonanza-creek-lter-species-lists/,
BONA; POKE,Harpanthus,scutatus,,,http://www.mendeley.com/c/5448902984/g/2058663/bonanza-creek-lter-species-lists/,
BONA; POKE,Lophozia,sp.,,,http://www.mendeley.com/c/5448902984/g/2058663/bonanza-creek-lter-species-lists/,
BONA; POKE,Lophozia,schultyii,,,http://www.mendeley.com/c/5448902984/g/2058663/bonanza-creek-lter-species-lists/,?????
BONA; POKE,Lophozia,ventricosa,,,http://www.mendeley.com/c/5448902984/g/2058663/bonanza-creek-lter-species-lists/,
BONA; POKE,Mylia,taylori,,,http://www.mendeley.com/c/5448902984/g/2058663/bonanza-creek-lter-species-lists/,
BONA; POKE,Tritomaria,scitula,,,http://www.mendeley.com/c/5448902984/g/2058663/bonanza-creek-lter-species-lists/,
BONA; POKE,Lepidozia,reptans,,,http://www.mendeley.com/c/5448902984/g/2058663/bonanza-creek-lter-species-lists/,
BONA; POKE,Ptilidium,ciliare,,,http://www.mendeley.com/c/5448902984/g/2058663/bonanza-creek-lter-species-lists/,
BONA; POKE,Vulpicida,tilesii,,,http://www.mendeley.com/c/5448902984/g/2058663/bonanza-creek-lter-species-lists/,
BONA; POKE,Mertensia,paniculata,,,http://www.mendeley.com/c/5448902984/g/2058663/bonanza-creek-lter-species-lists/,
BONA; POKE,Dracocephalum,parviflorum,,,http://www.mendeley.com/c/5448902984/g/2058663/bonanza-creek-lter-species-lists/,
BONA; POKE,Scutellaria,galericulata,,,http://www.mendeley.com/c/5448902984/g/2058663/bonanza-creek-lter-species-lists/,
BONA; POKE,Alectoria,sarmentosa,,,http://www.mendeley.com/c/5448902984/g/2058663/bonanza-creek-lter-species-lists/,
BONA; POKE,Buellia,disciformis,,,http://www.mendeley.com/c/5448902984/g/2058663/bonanza-creek-lter-species-lists/,Buellia parasema BUPA4
BONA; POKE,Phaeophyscia,hispidula,,,http://www.mendeley.com/c/5448902984/g/2058663/bonanza-creek-lter-species-lists/,"Physcia setosa PHSE15, Physcia hispidula PHHI17"
BONA; POKE,Rinodina,exigua,,,http://www.mendeley.com/c/5448902984/g/2058663/bonanza-creek-lter-species-lists/,
BONA; POKE,Rinodina,lecideoides,,,http://www.mendeley.com/c/5448902984/g/2058663/bonanza-creek-lter-species-lists/,
BONA; POKE,Cladina,sp.,,,http://www.mendeley.com/c/5448902984/g/2058663/bonanza-creek-lter-species-lists/,
BONA; POKE,Cladina,arbuscula,,,http://www.mendeley.com/c/5448902984/g/2058663/bonanza-creek-lter-species-lists/,
BONA; POKE,Cladina,rangiferina,,,http://www.mendeley.com/c/5448902984/g/2058663/bonanza-creek-lter-species-lists/,
BONA; POKE,Cladina,stellaris,,,http://www.mendeley.com/c/5448902984/g/2058663/bonanza-creek-lter-species-lists/,
BONA; POKE,Cladonia,sp.,,Cladonia Genus,http://www.mendeley.com/c/5448902984/g/2058663/bonanza-creek-lter-species-lists/,
BONA; POKE,Cladonia,amaurocraea,,,http://www.mendeley.com/c/5448902984/g/2058663/bonanza-creek-lter-species-lists/,
BONA; POKE,Cladonia,cariosa,,cup lichen,http://www.mendeley.com/c/5448902984/g/2058663/bonanza-creek-lter-species-lists/,
BONA; POKE,Cladonia,cervicornis,verticillata,cup lichen,http://www.mendeley.com/c/5448902984/g/2058663/bonanza-creek-lter-species-lists/,
BONA; POKE,Cladonia,chlorophaea,,cup lichen,http://www.mendeley.com/c/5448902984/g/2058663/bonanza-creek-lter-species-lists/,
BONA; POKE,Cladonia,cornuta,,,http://www.mendeley.com/c/5448902984/g/2058663/bonanza-creek-lter-species-lists/,
BONA; POKE,Cladonia,crispata,,cup lichen,http://www.mendeley.com/c/5448902984/g/2058663/bonanza-creek-lter-species-lists/,
BONA; POKE,Cladonia,deformis,,deformed cup lichen,http://www.mendeley.com/c/5448902984/g/2058663/bonanza-creek-lter-species-lists/,
BONA; POKE,Cladonia,ecmocyna,,,http://www.mendeley.com/c/5448902984/g/2058663/bonanza-creek-lter-species-lists/,
BONA; POKE,Cladonia,fimbriata,,cup lichen,http://www.mendeley.com/c/5448902984/g/2058663/bonanza-creek-lter-species-lists/,
BONA; POKE,Cladonia,gracilis,,,http://www.mendeley.com/c/5448902984/g/2058663/bonanza-creek-lter-species-lists/,
BONA; POKE,Cladonia,pleurota,,cup lichen,http://www.mendeley.com/c/5448902984/g/2058663/bonanza-creek-lter-species-lists/,
BONA; POKE,Cladonia,pyxidata,,cup lichen,http://www.mendeley.com/c/5448902984/g/2058663/bonanza-creek-lter-species-lists/,
BONA; POKE,Cladonia,scabriuscula,,cup lichen,http://www.mendeley.com/c/5448902984/g/2058663/bonanza-creek-lter-species-lists/,
BONA; POKE,Cladonia,squamosa,,cup lichen,http://www.mendeley.com/c/5448902984/g/2058663/bonanza-creek-lter-species-lists/,
BONA; POKE,Cladonia,sulphurina,,,http://www.mendeley.com/c/5448902984/g/2058663/bonanza-creek-lter-species-lists/,
BONA; POKE,Cladonia,uncialis,,cup lichen,http://www.mendeley.com/c/5448902984/g/2058663/bonanza-creek-lter-species-lists/,
BONA; POKE,Collema,furfuraceum,,,http://www.mendeley.com/c/5448902984/g/2058663/bonanza-creek-lter-species-lists/,
BONA; POKE,Leptogium,cyanescens,,,http://www.mendeley.com/c/5448902984/g/2058663/bonanza-creek-lter-species-lists/,"Leptogium caesium LECA52, Leptogium tremelloides LETR10"
BONA; POKE,Leptogium,hirsutum,,,http://www.mendeley.com/c/5448902984/g/2058663/bonanza-creek-lter-species-lists/,
BONA; POKE,Leptogium,saturninum,,,http://www.mendeley.com/c/5448902984/g/2058663/bonanza-creek-lter-species-lists/,
BONA; POKE,Megaspora,verrucosa,,,http://www.mendeley.com/c/5448902984/g/2058663/bonanza-creek-lter-species-lists/,Lecanora verrucosa LEVE8
BONA; POKE,Lecanora,circumborealis or pulicaris,,,http://www.mendeley.com/c/5448902984/g/2058663/bonanza-creek-lter-species-lists/,L. coilocarpa
BONA; POKE,Lecanora,varia,,,http://www.mendeley.com/c/5448902984/g/2058663/bonanza-creek-lter-species-lists/,
BONA; POKE,Bacidia,sphaeroides,,,http://www.mendeley.com/c/5448902984/g/2058663/bonanza-creek-lter-species-lists/,?Bacidia sphaeroides BASP3
BONA; POKE,Lecidia,vernalis,,,http://www.mendeley.com/c/5448902984/g/2058663/bonanza-creek-lter-species-lists/,?
BONA; POKE,Lobaria,scrobiculata,,,http://www.mendeley.com/c/5448902984/g/2058663/bonanza-creek-lter-species-lists/,
BONA; POKE,Nephroma,sp.,,,http://www.mendeley.com/c/5448902984/g/2058663/bonanza-creek-lter-species-lists/,
BONA; POKE,Nephroma,bellum,,,http://www.mendeley.com/c/5448902984/g/2058663/bonanza-creek-lter-species-lists/,
BONA; POKE,Nephroma,expallidum,,,http://www.mendeley.com/c/5448902984/g/2058663/bonanza-creek-lter-species-lists/,
BONA; POKE,Nephroma,helveticum,,,http://www.mendeley.com/c/5448902984/g/2058663/bonanza-creek-lter-species-lists/,
BONA; POKE,Nephroma,parile,,,http://www.mendeley.com/c/5448902984/g/2058663/bonanza-creek-lter-species-lists/,
BONA; POKE,Nephroma,resupinatum,,,http://www.mendeley.com/c/5448902984/g/2058663/bonanza-creek-lter-species-lists/,
BONA; POKE,Pannaria,pezizoides,,,http://www.mendeley.com/c/5448902984/g/2058663/bonanza-creek-lter-species-lists/,
BONA; POKE,Bryoria,lanestris,,,http://www.mendeley.com/c/5448902984/g/2058663/bonanza-creek-lter-species-lists/,Alectoria lanestris ALLA11
BONA; POKE,Cetraria,islandica,,,http://www.mendeley.com/c/5448902984/g/2058663/bonanza-creek-lter-species-lists/,
BONA; POKE,Cetraria,laevigata,,cetraria lichen,http://www.mendeley.com/c/5448902984/g/2058663/bonanza-creek-lter-species-lists/,
BONA; POKE,Evernia,mesomorpha,,,http://www.mendeley.com/c/5448902984/g/2058663/bonanza-creek-lter-species-lists/,
BONA; POKE,Flavocetraria,cucullata,,,http://www.mendeley.com/c/5448902984/g/2058663/bonanza-creek-lter-species-lists/,
BONA; POKE,Flavocetraria,nivalis,,,http://www.mendeley.com/c/5448902984/g/2058663/bonanza-creek-lter-species-lists/,
BONA; POKE,Hypogymnia,austerodes,,,http://www.mendeley.com/c/5448902984/g/2058663/bonanza-creek-lter-species-lists/,
BONA; POKE,Hypogymnia,bitteri,,,http://www.mendeley.com/c/5448902984/g/2058663/bonanza-creek-lter-species-lists/,
BONA; POKE,Hypogymnia,physodes,,,http://www.mendeley.com/c/5448902984/g/2058663/bonanza-creek-lter-species-lists/,
BONA; POKE,Melanelia,olivacea,,,http://www.mendeley.com/c/5448902984/g/2058663/bonanza-creek-lter-species-lists/,Parmelia olivacea PAOL3
BONA; POKE,Melanelia,septentrionalis,,,http://www.mendeley.com/c/5448902984/g/2058663/bonanza-creek-lter-species-lists/,Parmelia septentrionalis PASE15
BONA; POKE,Parmelia,sp.,,,http://www.mendeley.com/c/5448902984/g/2058663/bonanza-creek-lter-species-lists/,
BONA; POKE,Parmelia,sulcata,,,http://www.mendeley.com/c/5448902984/g/2058663/bonanza-creek-lter-species-lists/,
BONA; POKE,Tuckermannopsis,ciliaris,,,http://www.mendeley.com/c/5448902984/g/2058663/bonanza-creek-lter-species-lists/,Cetraria ciliaris CECI3
BONA; POKE,Usnea,sp.,,,http://www.mendeley.com/c/5448902984/g/2058663/bonanza-creek-lter-species-lists/,
BONA; POKE,Usnea,cosmos,,,http://www.mendeley.com/c/5448902984/g/2058663/bonanza-creek-lter-species-lists/,?
BONA; POKE,Usnea,filipendula,,,http://www.mendeley.com/c/5448902984/g/2058663/bonanza-creek-lter-species-lists/,Usnea dasypoga USDA
BONA; POKE,Usnea,glabrescens,,,http://www.mendeley.com/c/5448902984/g/2058663/bonanza-creek-lter-species-lists/,
BONA; POKE,Usnea,subfusca,,,http://www.mendeley.com/c/5448902984/g/2058663/bonanza-creek-lter-species-lists/,
BONA; POKE,Usnea,substerilis,,,http://www.mendeley.com/c/5448902984/g/2058663/bonanza-creek-lter-species-lists/,
BONA; POKE,Vulpicida,pinastri,,,http://www.mendeley.com/c/5448902984/g/2058663/bonanza-creek-lter-species-lists/,Cetraria pinastri CEPI4
BONA; POKE,Ochrolechia,pallescens,,,http://www.mendeley.com/c/5448902984/g/2058663/bonanza-creek-lter-species-lists/,?
BONA; POKE,Anaptychia,setifera,,,http://www.mendeley.com/c/5448902984/g/2058663/bonanza-creek-lter-species-lists/,A. kaspica ANKA2
BONA; POKE,Heterodermia,speciosa,,,http://www.mendeley.com/c/5448902984/g/2058663/bonanza-creek-lter-species-lists/,Anaptychia pseudospeciosa ANPS
BONA; POKE,Ramalina,fastigiata,,,http://www.mendeley.com/c/5448902984/g/2058663/bonanza-creek-lter-species-lists/,
BONA; POKE,Icmadophila,ericetorum,,,http://www.mendeley.com/c/5448902984/g/2058663/bonanza-creek-lter-species-lists/,
BONA; POKE,Iris,setosa,,,http://www.mendeley.com/c/5448902984/g/2058663/bonanza-creek-lter-species-lists/,
BONA; POKE,Tofieldia,coccinea,,,http://www.mendeley.com/c/5448902984/g/2058663/bonanza-creek-lter-species-lists/,
BONA; POKE,Zigadenus,elegans,,,http://www.mendeley.com/c/5448902984/g/2058663/bonanza-creek-lter-species-lists/,
BONA; POKE,Huperzia,selago,,,http://www.mendeley.com/c/5448902984/g/2058663/bonanza-creek-lter-species-lists/,
BONA; POKE,Lycopodium,annotinum,,,http://www.mendeley.com/c/5448902984/g/2058663/bonanza-creek-lter-species-lists/,
BONA; POKE,Lycopodium,clavatum,,,http://www.mendeley.com/c/5448902984/g/2058663/bonanza-creek-lter-species-lists/,
BONA; POKE,Lycopodium,complanatum,,,http://www.mendeley.com/c/5448902984/g/2058663/bonanza-creek-lter-species-lists/,
BONA; POKE,Lycopodium,dendroideum,,,http://www.mendeley.com/c/5448902984/g/2058663/bonanza-creek-lter-species-lists/,
BONA; POKE,Marchantia,polymorpha,,,http://www.mendeley.com/c/5448902984/g/2058663/bonanza-creek-lter-species-lists/,
BONA; POKE,Preissia,quadrata,,,http://www.mendeley.com/c/5448902984/g/2058663/bonanza-creek-lter-species-lists/,
BONA; POKE,Myrica,gale,,,http://www.mendeley.com/c/5448902984/g/2058663/bonanza-creek-lter-species-lists/,
BONA; POKE,Chamerion,angustifolium,angustifolium,fireweed,http://www.mendeley.com/c/5448902984/g/2058663/bonanza-creek-lter-species-lists/,
BONA; POKE,Epilobium,angustifolium,,,http://www.mendeley.com/c/5448902984/g/2058663/bonanza-creek-lter-species-lists/,Chameron angustifolium
BONA; POKE,Epilobium,ciliatum , ciliatum,,http://www.mendeley.com/c/5448902984/g/2058663/bonanza-creek-lter-species-lists/,
BONA; POKE,Epilobium,hornemannii,,,http://www.mendeley.com/c/5448902984/g/2058663/bonanza-creek-lter-species-lists/,
BONA; POKE,Epilobium,latifolium,,,http://www.mendeley.com/c/5448902984/g/2058663/bonanza-creek-lter-species-lists/,Chameron latifolium
BONA; POKE,Epilobium,palustre,,,http://www.mendeley.com/c/5448902984/g/2058663/bonanza-creek-lter-species-lists/,
BONA; POKE,Triglochin,maritimum,,,http://www.mendeley.com/c/5448902984/g/2058663/bonanza-creek-lter-species-lists/,Triglochin maritimum TRMA20
BONA; POKE,Triglochin,palustre,,,http://www.mendeley.com/c/5448902984/g/2058663/bonanza-creek-lter-species-lists/,Triglochin palustris TRPA28
BONA; POKE,Drosera,rotundifolia,,,http://www.mendeley.com/c/5448902984/g/2058663/bonanza-creek-lter-species-lists/,
BONA; POKE,Calypso,bulbosa,,,http://www.mendeley.com/c/5448902984/g/2058663/bonanza-creek-lter-species-lists/,
BONA; POKE,Corallorrhiza,trifida,,,http://www.mendeley.com/c/5448902984/g/2058663/bonanza-creek-lter-species-lists/,
BONA; POKE,Cypripedium,passerinum,,,http://www.mendeley.com/c/5448902984/g/2058663/bonanza-creek-lter-species-lists/,
BONA; POKE,Dactylorhiza,viridis,,Longbract Frog Orchid,http://www.mendeley.com/c/5448902984/g/2058663/bonanza-creek-lter-species-lists/,
BONA; POKE,Goodyera,repens,,,http://www.mendeley.com/c/5448902984/g/2058663/bonanza-creek-lter-species-lists/,
BONA; POKE,Listera,cordata,,,http://www.mendeley.com/c/5448902984/g/2058663/bonanza-creek-lter-species-lists/,
BONA; POKE,Platanthera,hyperborea,,,http://www.mendeley.com/c/5448902984/g/2058663/bonanza-creek-lter-species-lists/,
BONA; POKE,Platanthera,obtusata,,,http://www.mendeley.com/c/5448902984/g/2058663/bonanza-creek-lter-species-lists/,
BONA; POKE,Spiranthes,romanzoffiana,,hooded lady's tresses,http://www.mendeley.com/c/5448902984/g/2058663/bonanza-creek-lter-species-lists/,
BONA; POKE,Orthotrichum,obtusifolium,,,http://www.mendeley.com/c/5448902984/g/2058663/bonanza-creek-lter-species-lists/,
BONA; POKE,Orthotrichum,speciosum,,,http://www.mendeley.com/c/5448902984/g/2058663/bonanza-creek-lter-species-lists/,
BONA; POKE,Corydalis,aurea,,,http://www.mendeley.com/c/5448902984/g/2058663/bonanza-creek-lter-species-lists/,
BONA; POKE,Corydalis,pauciflora,,,http://www.mendeley.com/c/5448902984/g/2058663/bonanza-creek-lter-species-lists/,
BONA; POKE,Corydalis,sempervirens,,,http://www.mendeley.com/c/5448902984/g/2058663/bonanza-creek-lter-species-lists/,
BONA; POKE,Lobaria,linita,,,http://www.mendeley.com/c/5448902984/g/2058663/bonanza-creek-lter-species-lists/,
BONA; POKE,Nephroma,arcticum,,,http://www.mendeley.com/c/5448902984/g/2058663/bonanza-creek-lter-species-lists/,
BONA; POKE,Peltigera,sp.,,Peltigera Genus,http://www.mendeley.com/c/5448902984/g/2058663/bonanza-creek-lter-species-lists/,
BONA; POKE,Peltigera,aphthosa,,,http://www.mendeley.com/c/5448902984/g/2058663/bonanza-creek-lter-species-lists/,
BONA; POKE,Peltigera,canina,,,http://www.mendeley.com/c/5448902984/g/2058663/bonanza-creek-lter-species-lists/,
BONA; POKE,Peltigera,horizontalis,,,http://www.mendeley.com/c/5448902984/g/2058663/bonanza-creek-lter-species-lists/,
BONA; POKE,Peltigera,leucophlebia,,felt lichen,http://www.mendeley.com/c/5448902984/g/2058663/bonanza-creek-lter-species-lists/,
BONA; POKE,Peltigera,malacea,,felt lichen,http://www.mendeley.com/c/5448902984/g/2058663/bonanza-creek-lter-species-lists/,
BONA; POKE,Peltigera,membranacea,,,http://www.mendeley.com/c/5448902984/g/2058663/bonanza-creek-lter-species-lists/,
BONA; POKE,Peltigera,neopolydactyla,,Felt Lichen,http://www.mendeley.com/c/5448902984/g/2058663/bonanza-creek-lter-species-lists/,
BONA; POKE,Peltigera,rufescens,,felt lichen,http://www.mendeley.com/c/5448902984/g/2058663/bonanza-creek-lter-species-lists/,
BONA; POKE,Peltigera,scabrosa,,Felt Lichen,http://www.mendeley.com/c/5448902984/g/2058663/bonanza-creek-lter-species-lists/,
BONA; POKE,Juniperus,communis,,,http://www.mendeley.com/c/5448902984/g/2058663/bonanza-creek-lter-species-lists/,
BONA; POKE,Larix,laricina,,,http://www.mendeley.com/c/5448902984/g/2058663/bonanza-creek-lter-species-lists/,
BONA; POKE,Picea,sp.,,,http://www.mendeley.com/c/5448902984/g/2058663/bonanza-creek-lter-species-lists/,
BONA; POKE,Picea,glauca,,,http://www.mendeley.com/c/5448902984/g/2058663/bonanza-creek-lter-species-lists/,
BONA; POKE,Picea,mariana,,,http://www.mendeley.com/c/5448902984/g/2058663/bonanza-creek-lter-species-lists/,
BONA; POKE,Plantago,major,,,http://www.mendeley.com/c/5448902984/g/2058663/bonanza-creek-lter-species-lists/,
BONA; POKE,Oxyria,digyna,,,http://www.mendeley.com/c/5448902984/g/2058663/bonanza-creek-lter-species-lists/,
BONA; POKE,Polygonum,alpinum,,,http://www.mendeley.com/c/5448902984/g/2058663/bonanza-creek-lter-species-lists/,
BONA; POKE,Polygonum,aviculare,,,http://www.mendeley.com/c/5448902984/g/2058663/bonanza-creek-lter-species-lists/,
BONA; POKE,Polygonum,bistorta,,,http://www.mendeley.com/c/5448902984/g/2058663/bonanza-creek-lter-species-lists/,
BONA; POKE,Polygonum,viviparum,,,http://www.mendeley.com/c/5448902984/g/2058663/bonanza-creek-lter-species-lists/,
BONA; POKE,Rumex,arcticus,,,http://www.mendeley.com/c/5448902984/g/2058663/bonanza-creek-lter-species-lists/,
BONA; POKE,Cystopteris,fragilis,,,http://www.mendeley.com/c/5448902984/g/2058663/bonanza-creek-lter-species-lists/,
BONA; POKE,Dryopteris,expansa,,,http://www.mendeley.com/c/5448902984/g/2058663/bonanza-creek-lter-species-lists/,
BONA; POKE,Dryopteris,fragrans,,,http://www.mendeley.com/c/5448902984/g/2058663/bonanza-creek-lter-species-lists/,
BONA; POKE,Gymnocarpium,dryopteris,,,http://www.mendeley.com/c/5448902984/g/2058663/bonanza-creek-lter-species-lists/,
BONA; POKE,Woodsia,ilvensis,,,http://www.mendeley.com/c/5448902984/g/2058663/bonanza-creek-lter-species-lists/,
BONA; POKE,Atrichum,tenellum,,,http://www.mendeley.com/c/5448902984/g/2058663/bonanza-creek-lter-species-lists/,
BONA; POKE,Polytrichum,sp.,,Polytrichum Genus,http://www.mendeley.com/c/5448902984/g/2058663/bonanza-creek-lter-species-lists/,
BONA; POKE,Polytrichum,commune,,,http://www.mendeley.com/c/5448902984/g/2058663/bonanza-creek-lter-species-lists/,
BONA; POKE,Polytrichum,hyperboreum,,,http://www.mendeley.com/c/5448902984/g/2058663/bonanza-creek-lter-species-lists/,
BONA; POKE,Polytrichum,juniperinum,,,http://www.mendeley.com/c/5448902984/g/2058663/bonanza-creek-lter-species-lists/,
BONA; POKE,Polytrichum,piliferum,,,http://www.mendeley.com/c/5448902984/g/2058663/bonanza-creek-lter-species-lists/,
BONA; POKE,Polytrichum,strictum,,,http://www.mendeley.com/c/5448902984/g/2058663/bonanza-creek-lter-species-lists/,
BONA; POKE,Encalypta,affinis,,,http://www.mendeley.com/c/5448902984/g/2058663/bonanza-creek-lter-species-lists/,
BONA; POKE,Bryoerythrophyllum,recurvirostre,,,http://www.mendeley.com/c/5448902984/g/2058663/bonanza-creek-lter-species-lists/,
BONA; POKE,Androsace,septentrionalis,,,http://www.mendeley.com/c/5448902984/g/2058663/bonanza-creek-lter-species-lists/,
BONA; POKE,Primula,incana,,,http://www.mendeley.com/c/5448902984/g/2058663/bonanza-creek-lter-species-lists/,
BONA; POKE,Trientalis,europaea,,,http://www.mendeley.com/c/5448902984/g/2058663/bonanza-creek-lter-species-lists/,
BONA; POKE,Aconitum,delphiniifolium,,,http://www.mendeley.com/c/5448902984/g/2058663/bonanza-creek-lter-species-lists/,
BONA; POKE,Anemone,narcissiflora,,,http://www.mendeley.com/c/5448902984/g/2058663/bonanza-creek-lter-species-lists/,
BONA; POKE,Anemone,parviflora,,,http://www.mendeley.com/c/5448902984/g/2058663/bonanza-creek-lter-species-lists/,
BONA; POKE,Anemone,richardsonii,,,http://www.mendeley.com/c/5448902984/g/2058663/bonanza-creek-lter-species-lists/,
BONA; POKE,Delphinium,glaucum,,,http://www.mendeley.com/c/5448902984/g/2058663/bonanza-creek-lter-species-lists/,
BONA; POKE,Pulsatilla,patens,,,http://www.mendeley.com/c/5448902984/g/2058663/bonanza-creek-lter-species-lists/,
BONA; POKE,Ranunculus,sp.,,Ranunculus Genus,http://www.mendeley.com/c/5448902984/g/2058663/bonanza-creek-lter-species-lists/,
BONA; POKE,Ranunculus,gmelinii,,,http://www.mendeley.com/c/5448902984/g/2058663/bonanza-creek-lter-species-lists/,
BONA; POKE,Ranunculus,lapponicus,,,http://www.mendeley.com/c/5448902984/g/2058663/bonanza-creek-lter-species-lists/,
BONA; POKE,Ranunculus,pensylvanicus,,Pennsylvania Buttercup,http://www.mendeley.com/c/5448902984/g/2058663/bonanza-creek-lter-species-lists/,
BONA; POKE,Ribes,sp.,,Ribes Genus,http://www.mendeley.com/c/5448902984/g/2058663/bonanza-creek-lter-species-lists/,
BONA; POKE,Ribes,glandulosum,,,http://www.mendeley.com/c/5448902984/g/2058663/bonanza-creek-lter-species-lists/,
BONA; POKE,Ribes,hudsonianum,,,http://www.mendeley.com/c/5448902984/g/2058663/bonanza-creek-lter-species-lists/,
BONA; POKE,Ribes,triste,,,http://www.mendeley.com/c/5448902984/g/2058663/bonanza-creek-lter-species-lists/,
BONA; POKE,Amelanchier,alnifolia,,,http://www.mendeley.com/c/5448902984/g/2058663/bonanza-creek-lter-species-lists/,
BONA; POKE,Comarum,palustre,,,http://www.mendeley.com/c/5448902984/g/2058663/bonanza-creek-lter-species-lists/,
BONA; POKE,Dasiphora,floribunda,,,http://www.mendeley.com/c/5448902984/g/2058663/bonanza-creek-lter-species-lists/,Potentilla fruticosa
BONA; POKE,Dryas,octopetala,,,http://www.mendeley.com/c/5448902984/g/2058663/bonanza-creek-lter-species-lists/,
BONA; POKE,Fragaria,virginiana,,,http://www.mendeley.com/c/5448902984/g/2058663/bonanza-creek-lter-species-lists/,
BONA; POKE,Geum,macrophyllum,,,http://www.mendeley.com/c/5448902984/g/2058663/bonanza-creek-lter-species-lists/,
BONA; POKE,Potentilla,sp.,,Potentilla Genus,http://www.mendeley.com/c/5448902984/g/2058663/bonanza-creek-lter-species-lists/,
BONA; POKE,Potentilla,bimundorum,,staghorn cinquefoil,http://www.mendeley.com/c/5448902984/g/2058663/bonanza-creek-lter-species-lists/,
BONA; POKE,Potentilla,norvegica,,Norwegian cinquefoil,http://www.mendeley.com/c/5448902984/g/2058663/bonanza-creek-lter-species-lists/,
BONA; POKE,Rosa,acicularis,,,http://www.mendeley.com/c/5448902984/g/2058663/bonanza-creek-lter-species-lists/,
BONA; POKE,Rubus,arcticus,,,http://www.mendeley.com/c/5448902984/g/2058663/bonanza-creek-lter-species-lists/,
BONA; POKE,Rubus,chamaemorus,,,http://www.mendeley.com/c/5448902984/g/2058663/bonanza-creek-lter-species-lists/,
BONA; POKE,Rubus,idaeus,,,http://www.mendeley.com/c/5448902984/g/2058663/bonanza-creek-lter-species-lists/,
BONA; POKE,Sanguisorba,officinalis,,,http://www.mendeley.com/c/5448902984/g/2058663/bonanza-creek-lter-species-lists/,
BONA; POKE,Spiraea,beauverdiana,,,http://www.mendeley.com/c/5448902984/g/2058663/bonanza-creek-lter-species-lists/,
BONA; POKE,Parnassia,kotzebuei,,,http://www.mendeley.com/c/5448902984/g/2058663/bonanza-creek-lter-species-lists/,
BONA; POKE,Parnassia,palustris,,,http://www.mendeley.com/c/5448902984/g/2058663/bonanza-creek-lter-species-lists/,
BONA; POKE,Saxifraga,tricuspidata,,,http://www.mendeley.com/c/5448902984/g/2058663/bonanza-creek-lter-species-lists/,
BONA; POKE,Galium,boreale,,,http://www.mendeley.com/c/5448902984/g/2058663/bonanza-creek-lter-species-lists/,
BONA; POKE,Galium,trifidum,,,http://www.mendeley.com/c/5448902984/g/2058663/bonanza-creek-lter-species-lists/,
BONA; POKE,Populus,balsamifera, balsamifera,,http://www.mendeley.com/c/5448902984/g/2058663/bonanza-creek-lter-species-lists/,
BONA; POKE,Populus,tremuloides,,,http://www.mendeley.com/c/5448902984/g/2058663/bonanza-creek-lter-species-lists/,
BONA; POKE,Salix,alaxensis,,,http://www.mendeley.com/c/5448902984/g/2058663/bonanza-creek-lter-species-lists/,
BONA; POKE,Salix,arbusculoides,,,http://www.mendeley.com/c/5448902984/g/2058663/bonanza-creek-lter-species-lists/,
BONA; POKE,Salix,arctica,,,http://www.mendeley.com/c/5448902984/g/2058663/bonanza-creek-lter-species-lists/,
BONA; POKE,Salix,bebbiana,,,http://www.mendeley.com/c/5448902984/g/2058663/bonanza-creek-lter-species-lists/,
BONA; POKE,Salix,brachycarpa,,,http://www.mendeley.com/c/5448902984/g/2058663/bonanza-creek-lter-species-lists/,Salix niphoclada
BONA; POKE,Salix,candida,,,http://www.mendeley.com/c/5448902984/g/2058663/bonanza-creek-lter-species-lists/,
BONA; POKE,Salix,fuscescens,,,http://www.mendeley.com/c/5448902984/g/2058663/bonanza-creek-lter-species-lists/,
BONA; POKE,Salix,glauca,,,http://www.mendeley.com/c/5448902984/g/2058663/bonanza-creek-lter-species-lists/,
BONA; POKE,Salix,hastata,,,http://www.mendeley.com/c/5448902984/g/2058663/bonanza-creek-lter-species-lists/,
BONA; POKE,Salix,interior,,,http://www.mendeley.com/c/5448902984/g/2058663/bonanza-creek-lter-species-lists/,
BONA; POKE,Salix,lasiandra,,,http://www.mendeley.com/c/5448902984/g/2058663/bonanza-creek-lter-species-lists/,
BONA; POKE,Salix,myrtillifolia,,,http://www.mendeley.com/c/5448902984/g/2058663/bonanza-creek-lter-species-lists/,
BONA; POKE,Salix,niphoclada,,Barrenground Willow,http://www.mendeley.com/c/5448902984/g/2058663/bonanza-creek-lter-species-lists/,
BONA; POKE,Salix,planifolia, pulchra,,http://www.mendeley.com/c/5448902984/g/2058663/bonanza-creek-lter-species-lists/,Salix pulchra
BONA; POKE,Salix,pseudomonticola,,Park Willow,http://www.mendeley.com/c/5448902984/g/2058663/bonanza-creek-lter-species-lists/,
BONA; POKE,Salix,psuedomyrsinites,,Booth's Willow,http://www.mendeley.com/c/5448902984/g/2058663/bonanza-creek-lter-species-lists/,Salix novae-angliae
BONA; POKE,Salix,pulchra,,Tealeaf Willow,http://www.mendeley.com/c/5448902984/g/2058663/bonanza-creek-lter-species-lists/,
BONA; POKE,Salix,reticulata,,,http://www.mendeley.com/c/5448902984/g/2058663/bonanza-creek-lter-species-lists/,
BONA; POKE,Salix,scouleriana,,,http://www.mendeley.com/c/5448902984/g/2058663/bonanza-creek-lter-species-lists/,
BONA; POKE,Salix,setchelliana,,,http://www.mendeley.com/c/5448902984/g/2058663/bonanza-creek-lter-species-lists/,
BONA; POKE,Geocaulon,lividum,,,http://www.mendeley.com/c/5448902984/g/2058663/bonanza-creek-lter-species-lists/,
BONA; POKE,Schistostega,pennata,,,http://www.mendeley.com/c/5448902984/g/2058663/bonanza-creek-lter-species-lists/,
BONA; POKE,Pinguicula,villosa,,,http://www.mendeley.com/c/5448902984/g/2058663/bonanza-creek-lter-species-lists/,
BONA; POKE,Boschniakia,rossica,,,http://www.mendeley.com/c/5448902984/g/2058663/bonanza-creek-lter-species-lists/,
BONA; POKE,Castilleja,caudata,,,http://www.mendeley.com/c/5448902984/g/2058663/bonanza-creek-lter-species-lists/,
BONA; POKE,Castilleja,elegans,,,http://www.mendeley.com/c/5448902984/g/2058663/bonanza-creek-lter-species-lists/,
BONA; POKE,Euphrasia,disjuncta,,,http://www.mendeley.com/c/5448902984/g/2058663/bonanza-creek-lter-species-lists/,
BONA; POKE,Pedicularis,kanei,,,http://www.mendeley.com/c/5448902984/g/2058663/bonanza-creek-lter-species-lists/,
BONA; POKE,Pedicularis,labradorica,,,http://www.mendeley.com/c/5448902984/g/2058663/bonanza-creek-lter-species-lists/,
BONA; POKE,Pedicularis,sudetica,,,http://www.mendeley.com/c/5448902984/g/2058663/bonanza-creek-lter-species-lists/,
BONA; POKE,Selaginella,sibirica,,,http://www.mendeley.com/c/5448902984/g/2058663/bonanza-creek-lter-species-lists/,
BONA; POKE,Polemonium,acutiflorum,,,http://www.mendeley.com/c/5448902984/g/2058663/bonanza-creek-lter-species-lists/,
BONA; POKE,Polemonium,pulcherrimum,,,http://www.mendeley.com/c/5448902984/g/2058663/bonanza-creek-lter-species-lists/,
BONA; POKE,,,,Unknown Moss,http://www.mendeley.com/c/5448902984/g/2058663/bonanza-creek-lter-species-lists/,
BONA; POKE,,,,Unknown Liverwort,http://www.mendeley.com/c/5448902984/g/2058663/bonanza-creek-lter-species-lists/,
BONA; POKE,Sphagnum,,,Sphagnum Genus,http://www.mendeley.com/c/5448902984/g/2058663/bonanza-creek-lter-species-lists/,
BONA; POKE,Sphagnum,angustifolium,,Sphagnum,http://www.mendeley.com/c/5448902984/g/2058663/bonanza-creek-lter-species-lists/,
BONA; POKE,Sphagnum,capillifolium,,sphagnum,http://www.mendeley.com/c/5448902984/g/2058663/bonanza-creek-lter-species-lists/,
BONA; POKE,Sphagnum,fimbriatum,,,http://www.mendeley.com/c/5448902984/g/2058663/bonanza-creek-lter-species-lists/,
BONA; POKE,Sphagnum,fuscum,,,http://www.mendeley.com/c/5448902984/g/2058663/bonanza-creek-lter-species-lists/,
BONA; POKE,Sphagnum,girgensohnii,,,http://www.mendeley.com/c/5448902984/g/2058663/bonanza-creek-lter-species-lists/,
BONA; POKE,Sphagnum,lindbergii,,Lindberg's Sphagnum,http://www.mendeley.com/c/5448902984/g/2058663/bonanza-creek-lter-species-lists/,
BONA; POKE,Sphagnum,magellanicum,,Magellan's Sphagnum,http://www.mendeley.com/c/5448902984/g/2058663/bonanza-creek-lter-species-lists/,
BONA; POKE,Sphagnum,riparium,,streamside sphagnum,http://www.mendeley.com/c/5448902984/g/2058663/bonanza-creek-lter-species-lists/,
BONA; POKE,Sphagnum,rubellum,,Sphagnum,http://www.mendeley.com/c/5448902984/g/2058663/bonanza-creek-lter-species-lists/,
BONA; POKE,Sphagnum,squarrosum,,,http://www.mendeley.com/c/5448902984/g/2058663/bonanza-creek-lter-species-lists/,
BONA; POKE,Sphagnum,teres,,,http://www.mendeley.com/c/5448902984/g/2058663/bonanza-creek-lter-species-lists/,
BONA; POKE,Sphagnum,warnstorfianum,,,http://www.mendeley.com/c/5448902984/g/2058663/bonanza-creek-lter-species-lists/,
BONA; POKE,Cannabis,sativa,,,http://www.mendeley.com/c/5448902984/g/2058663/bonanza-creek-lter-species-lists/,
BONA; POKE,Viola,sp.,,,http://www.mendeley.com/c/5448902984/g/2058663/bonanza-creek-lter-species-lists/,
BONA; POKE,Viola,biflora,,arctic yellow violet,http://www.mendeley.com/c/5448902984/g/2058663/bonanza-creek-lter-species-lists/,
BONA; POKE,Viola,epipsila,,,http://www.mendeley.com/c/5448902984/g/2058663/bonanza-creek-lter-species-lists/,
HEAL,Eriophorum,vaginatum,,,http://www.mendeley.com/research/plant-species-composition-productivity-following-permafrost-thaw-thermokarst-alaskan-tundra-6/,
HEAL,Carex,bigelowii,,,http://www.mendeley.com/research/plant-species-composition-productivity-following-permafrost-thaw-thermokarst-alaskan-tundra-6/,
HEAL,Betula,nana,,,http://www.mendeley.com/research/plant-species-composition-productivity-following-permafrost-thaw-thermokarst-alaskan-tundra-6/,
HEAL,Rubus,chamaemorus,,,http://www.mendeley.com/research/plant-species-composition-productivity-following-permafrost-thaw-thermokarst-alaskan-tundra-6/,
HEAL,Vaccinium,uliginosum,,,http://www.mendeley.com/research/plant-species-composition-productivity-following-permafrost-thaw-thermokarst-alaskan-tundra-6/,
HEAL,Empetrum,nigrum,,,http://www.mendeley.com/research/plant-species-composition-productivity-following-permafrost-thaw-thermokarst-alaskan-tundra-6/,
HEAL,Linum,decumbens,,,http://www.mendeley.com/research/plant-species-composition-productivity-following-permafrost-thaw-thermokarst-alaskan-tundra-6/,
HEAL,Vaccinium,vitis-idaea,,,http://www.mendeley.com/research/plant-species-composition-productivity-following-permafrost-thaw-thermokarst-alaskan-tundra-6/,
HEAL,Andromeda,polifolia,,,http://www.mendeley.com/research/plant-species-composition-productivity-following-permafrost-thaw-thermokarst-alaskan-tundra-6/,
HEAL,Oxycoccus,microcarpa,,,http://www.mendeley.com/research/plant-species-composition-productivity-following-permafrost-thaw-thermokarst-alaskan-tundra-6/,
HEAL,Sphagnum,cuspidatum,,,http://www.mendeley.com/research/plant-species-composition-productivity-following-permafrost-thaw-thermokarst-alaskan-tundra-6/,
HEAL,Sphagnum,lenense,,,http://www.mendeley.com/research/plant-species-composition-productivity-following-permafrost-thaw-thermokarst-alaskan-tundra-6/,
HEAL,Sphagnum,magellanicum,,,http://www.mendeley.com/research/plant-species-composition-productivity-following-permafrost-thaw-thermokarst-alaskan-tundra-6/,
HEAL,Sphagnum,angustifolium,, ,http://www.mendeley.com/research/plant-species-composition-productivity-following-permafrost-thaw-thermokarst-alaskan-tundra-6/,
HEAL,Sphagnum,girgensohnii,,,http://www.mendeley.com/research/plant-species-composition-productivity-following-permafrost-thaw-thermokarst-alaskan-tundra-6/,
HEAL,Sphagnum,fuscum,, ,http://www.mendeley.com/research/plant-species-composition-productivity-following-permafrost-thaw-thermokarst-alaskan-tundra-6/,
HEAL,Sphagnum,warnstorfii,,,http://www.mendeley.com/research/plant-species-composition-productivity-following-permafrost-thaw-thermokarst-alaskan-tundra-6/,
HEAL,Sphagnum,aongstroemii,, ,http://www.mendeley.com/research/plant-species-composition-productivity-following-permafrost-thaw-thermokarst-alaskan-tundra-6/,
HEAL,Aulacomnium,turgidum,,,http://www.mendeley.com/research/plant-species-composition-productivity-following-permafrost-thaw-thermokarst-alaskan-tundra-6/,
HEAL,Aulacomnium,palustre,,,http://www.mendeley.com/research/plant-species-composition-productivity-following-permafrost-thaw-thermokarst-alaskan-tundra-6/,
HEAL,Dicranum,elongatum,,,http://www.mendeley.com/research/plant-species-composition-productivity-following-permafrost-thaw-thermokarst-alaskan-tundra-6/,
HEAL,Dicranum,undulatum,,,http://www.mendeley.com/research/plant-species-composition-productivity-following-permafrost-thaw-thermokarst-alaskan-tundra-6/,
HEAL,Polytrichum,commune,,,http://www.mendeley.com/research/plant-species-composition-productivity-following-permafrost-thaw-thermokarst-alaskan-tundra-6/,
HEAL,Polytrichum,strictum,,,http://www.mendeley.com/research/plant-species-composition-productivity-following-permafrost-thaw-thermokarst-alaskan-tundra-6/,
HEAL,Pleurozium,schreberi,,,http://www.mendeley.com/research/plant-species-composition-productivity-following-permafrost-thaw-thermokarst-alaskan-tundra-6/,
HEAL,Hylocomium,splendens,,,http://www.mendeley.com/research/plant-species-composition-productivity-following-permafrost-thaw-thermokarst-alaskan-tundra-6/,
HEAL,Orthotrichum,speciosum,,,http://www.mendeley.com/research/plant-species-composition-productivity-following-permafrost-thaw-thermokarst-alaskan-tundra-6/,
HEAL,Tomentypnum,nitens,,,http://www.mendeley.com/research/plant-species-composition-productivity-following-permafrost-thaw-thermokarst-alaskan-tundra-6/,
HEAL,Meesia,uliginosa,,,http://www.mendeley.com/research/plant-species-composition-productivity-following-permafrost-thaw-thermokarst-alaskan-tundra-6/,
HEAL,Cirriphyllum,cirrosum,,,http://www.mendeley.com/research/plant-species-composition-productivity-following-permafrost-thaw-thermokarst-alaskan-tundra-6/,
HEAL,Brachythecium,salebrosum,,,http://www.mendeley.com/research/plant-species-composition-productivity-following-permafrost-thaw-thermokarst-alaskan-tundra-6/,
HEAL,Rhytidium,rugosum,,,http://www.mendeley.com/research/plant-species-composition-productivity-following-permafrost-thaw-thermokarst-alaskan-tundra-6/,
HEAL,Ditrichum,flexicaule,,,http://www.mendeley.com/research/plant-species-composition-productivity-following-permafrost-thaw-thermokarst-alaskan-tundra-6/,
HEAL,Racomitrium,lanuginosum,,,http://www.mendeley.com/research/plant-species-composition-productivity-following-permafrost-thaw-thermokarst-alaskan-tundra-6/,
HEAL,Cladina,mitis,,,http://www.mendeley.com/research/plant-species-composition-productivity-following-permafrost-thaw-thermokarst-alaskan-tundra-6/,
HEAL,Cladonia,amaurocraea,,,http://www.mendeley.com/research/plant-species-composition-productivity-following-permafrost-thaw-thermokarst-alaskan-tundra-6/,
HEAL,Cladonia,arbuscula,,,http://www.mendeley.com/research/plant-species-composition-productivity-following-permafrost-thaw-thermokarst-alaskan-tundra-6/,
HEAL,Cladonia,chlorophaea,,,http://www.mendeley.com/research/plant-species-composition-productivity-following-permafrost-thaw-thermokarst-alaskan-tundra-6/,
HEAL,Cladonia,rangiferina,,,http://www.mendeley.com/research/plant-species-composition-productivity-following-permafrost-thaw-thermokarst-alaskan-tundra-6/,
HEAL,Cladonia,deformis,,,http://www.mendeley.com/research/plant-species-composition-productivity-following-permafrost-thaw-thermokarst-alaskan-tundra-6/,
HEAL,Icmadophila,ericetorum,,,http://www.mendeley.com/research/plant-species-composition-productivity-following-permafrost-thaw-thermokarst-alaskan-tundra-6/,
OAES,Buchloe,dactyloides,,buffalograss,http://www.mendeley.com/research/herbicide-weed-control-increase-livestock-production-non-equilibrium-rangeland/,
OAES,Bothriochloa,saccharoides,,silver bluestem,http://www.mendeley.com/research/herbicide-weed-control-increase-livestock-production-non-equilibrium-rangeland/,
OAES,Bouteloua,hirsuta,,hairy grama,http://www.mendeley.com/research/herbicide-weed-control-increase-livestock-production-non-equilibrium-rangeland/,
OAES,Bouteloua,gracilis,,blue grama,http://www.mendeley.com/research/herbicide-weed-control-increase-livestock-production-non-equilibrium-rangeland/,
OAES,Bouteloua,curtipendula,,sideoats grama,http://www.mendeley.com/research/herbicide-weed-control-increase-livestock-production-non-equilibrium-rangeland/,
OAES,Sporobolus,asper,,tall dropseed,http://www.mendeley.com/research/herbicide-weed-control-increase-livestock-production-non-equilibrium-rangeland/,
OAES,Ambrosia,psilostachya,,western ragweed,http://www.mendeley.com/research/herbicide-weed-control-increase-livestock-production-non-equilibrium-rangeland/,
OAES,Gutierrezia,dracunculoides,,annual broomweed,http://www.mendeley.com/research/herbicide-weed-control-increase-livestock-production-non-equilibrium-rangeland/,
OAES,Gutierrezia,sarothrae,,broom snakeweed,http://www.mendeley.com/research/herbicide-weed-control-increase-livestock-production-non-equilibrium-rangeland/,
OAES,Grindelia,squarrosa,,curlycup gumweed,http://www.mendeley.com/research/herbicide-weed-control-increase-livestock-production-non-equilibrium-rangeland/,
OAES,Croton,texensis,,Texas croton,http://www.mendeley.com/research/herbicide-weed-control-increase-livestock-production-non-equilibrium-rangeland/,
OAES,Symphyotrichum,ericoides,,white heath aster,http://www.mendeley.com/research/herbicide-weed-control-increase-livestock-production-non-equilibrium-rangeland/,
OAES,Rhus,copallinum,,winged sumac,http://www.mendeley.com/research/herbicide-weed-control-increase-livestock-production-non-equilibrium-rangeland/,
OAES,Prunus,angustifolia,,chickasaw plum,http://www.mendeley.com/research/herbicide-weed-control-increase-livestock-production-non-equilibrium-rangeland/,
OAES,Bouteloua,curtipendula,,sideoats grama,http://www.mendeley.com/research/effects-grazing-restoration-southern-mixed-prairie-soils-1/,
OAES,Aristida,purpurea,,purple threeawn,http://www.mendeley.com/research/effects-grazing-restoration-southern-mixed-prairie-soils-1/,
OAES,Bothriochloa,laguroides,,silver bluestem,http://www.mendeley.com/research/effects-grazing-restoration-southern-mixed-prairie-soils-1/,
OAES,Bouteloua,gracilis,,blue grama,http://www.mendeley.com/research/effects-grazing-restoration-southern-mixed-prairie-soils-1/,
OAES,Buchloe,dactyloides,,buffalograss,http://www.mendeley.com/research/effects-grazing-restoration-southern-mixed-prairie-soils-1/,
OAES,Bouteloua,hirsuta,,hairy grama,http://www.mendeley.com/research/effects-grazing-restoration-southern-mixed-prairie-soils-1/,
OAES,Schizachyrium,scoparium,,little bluestem,http://www.mendeley.com/research/effects-grazing-restoration-southern-mixed-prairie-soils-1/,
OAES,Sorghastrum,nutans,,yellow indiangrass,http://www.mendeley.com/research/effects-grazing-restoration-southern-mixed-prairie-soils-1/,
OAES,Andropogon,gerardii,,big bluestem,http://www.mendeley.com/research/effects-grazing-restoration-southern-mixed-prairie-soils-1/,
OAES,Rhus,glabra,,smooth sumac,http://www.mendeley.com/research/effects-grazing-restoration-southern-mixed-prairie-soils-1/,
OAES,Prunus,angustifolia,,chickasaw plum,http://www.mendeley.com/research/effects-grazing-restoration-southern-mixed-prairie-soils-1/,
OAES,Gutierrezia,sarothrae,,broom snakeweed,http://www.mendeley.com/research/effects-grazing-restoration-southern-mixed-prairie-soils-1/,
