taxon_id,source_id_family_up,kingdom,subkingdom,superdivision,phylum_or_division,subdivision,class,subclass,order_name,family,family_common,source_id_subfamily_down,subfamily,tribe,genus,notes
beetle,ITIS_2012dl_carabid,Animalia,,,Arthropoda,,Insecta,,Coleoptera,Carabidae,ground beetles,http://www.mendeley.com/c/5670257554/g/2058663/bousquet-2012-catalogue-of-geadephaga-coleoptera-adephaga-of-america-north-of-mexico/,Harpalinae,Pterostichini,Abaris,
beetle,ITIS_2012dl_carabid,Animalia,,,Arthropoda,,Insecta,,Coleoptera,Carabidae,ground beetles,http://www.mendeley.com/c/5670257554/g/2058663/bousquet-2012-catalogue-of-geadephaga-coleoptera-adephaga-of-america-north-of-mexico/,Harpalinae,Pterostichini,Abax,
beetle,ITIS_2012dl_carabid,Animalia,,,Arthropoda,,Insecta,,Coleoptera,Carabidae,ground beetles,http://www.mendeley.com/c/5670257554/g/2058663/bousquet-2012-catalogue-of-geadephaga-coleoptera-adephaga-of-america-north-of-mexico/,Harpalinae,Harpalini,Acupalpus,
beetle,ITIS_2012dl_carabid,Animalia,,,Arthropoda,,Insecta,,Coleoptera,Carabidae,ground beetles,http://www.mendeley.com/c/5670257554/g/2058663/bousquet-2012-catalogue-of-geadephaga-coleoptera-adephaga-of-america-north-of-mexico/,Harpalinae,Harpalini,Agonoleptus,
beetle,ITIS_2012dl_carabid,Animalia,,,Arthropoda,,Insecta,,Coleoptera,Carabidae,ground beetles,http://www.mendeley.com/c/5670257554/g/2058663/bousquet-2012-catalogue-of-geadephaga-coleoptera-adephaga-of-america-north-of-mexico/,Harpalinae,Platynini,Agonum,
beetle,ITIS_2012dl_carabid,Animalia,,,Arthropoda,,Insecta,,Coleoptera,Carabidae,ground beetles,http://www.mendeley.com/c/5670257554/g/2058663/bousquet-2012-catalogue-of-geadephaga-coleoptera-adephaga-of-america-north-of-mexico/,Harpalinae,Lebiini,Agra,
beetle,ITIS_2012dl_carabid,Animalia,,,Arthropoda,,Insecta,,Coleoptera,Carabidae,ground beetles,http://www.mendeley.com/c/5670257554/g/2058663/bousquet-2012-catalogue-of-geadephaga-coleoptera-adephaga-of-america-north-of-mexico/,Scaritinae,Dyschiriini,Akephorus,
beetle,ITIS_2012dl_carabid,Animalia,,,Arthropoda,,Insecta,,Coleoptera,Carabidae,ground beetles,http://www.mendeley.com/c/5670257554/g/2058663/bousquet-2012-catalogue-of-geadephaga-coleoptera-adephaga-of-america-north-of-mexico/,Harpalinae,Zabrini,Amara,
beetle,ITIS_2012dl_carabid,Animalia,,,Arthropoda,,Insecta,,Coleoptera,Carabidae,ground beetles,http://www.mendeley.com/c/5670257554/g/2058663/bousquet-2012-catalogue-of-geadephaga-coleoptera-adephaga-of-america-north-of-mexico/,Cicindelinae,Amblycheilini,Amblycheila,
beetle,ITIS_2012dl_carabid,Animalia,,,Arthropoda,,Insecta,,Coleoptera,Carabidae,ground beetles,http://www.mendeley.com/c/5670257554/g/2058663/bousquet-2012-catalogue-of-geadephaga-coleoptera-adephaga-of-america-north-of-mexico/,Harpalinae,Harpalini,Amblygnathus,
beetle,ITIS_2012dl_carabid,Animalia,,,Arthropoda,,Insecta,,Coleoptera,Carabidae,ground beetles,http://www.mendeley.com/c/5670257554/g/2058663/bousquet-2012-catalogue-of-geadephaga-coleoptera-adephaga-of-america-north-of-mexico/,Harpalinae,Harpalini,Amerinus,
beetle,ITIS_2012dl_carabid,Animalia,,,Arthropoda,,Insecta,,Coleoptera,Carabidae,ground beetles,http://www.mendeley.com/c/5670257554/g/2058663/bousquet-2012-catalogue-of-geadephaga-coleoptera-adephaga-of-america-north-of-mexico/,Trechinae,Bembidiini,Amerizus,
beetle,ITIS_2012dl_carabid,Animalia,,,Arthropoda,,Insecta,,Coleoptera,Carabidae,ground beetles,http://www.mendeley.com/c/5670257554/g/2058663/bousquet-2012-catalogue-of-geadephaga-coleoptera-adephaga-of-america-north-of-mexico/,Trechinae,Trechini,Ameroduvalius,
beetle,ITIS_2012dl_carabid,Animalia,,,Arthropoda,,Insecta,,Coleoptera,Carabidae,ground beetles,http://www.mendeley.com/c/5670257554/g/2058663/bousquet-2012-catalogue-of-geadephaga-coleoptera-adephaga-of-america-north-of-mexico/,Harpalinae,Harpalini,Amphasia,
beetle,ITIS_2012dl_carabid,Animalia,,,Arthropoda,,Insecta,,Coleoptera,Carabidae,ground beetles,http://www.mendeley.com/c/5670257554/g/2058663/bousquet-2012-catalogue-of-geadephaga-coleoptera-adephaga-of-america-north-of-mexico/,Harpalinae,Oodini,Anatrichis,
beetle,ITIS_2012dl_carabid,Animalia,,,Arthropoda,,Insecta,,Coleoptera,Carabidae,ground beetles,http://www.mendeley.com/c/5670257554/g/2058663/bousquet-2012-catalogue-of-geadephaga-coleoptera-adephaga-of-america-north-of-mexico/,Harpalinae,Platynini,Anchomenus,
beetle,ITIS_2012dl_carabid,Animalia,,,Arthropoda,,Insecta,,Coleoptera,Carabidae,ground beetles,http://www.mendeley.com/c/5670257554/g/2058663/bousquet-2012-catalogue-of-geadephaga-coleoptera-adephaga-of-america-north-of-mexico/,Harpalinae,Lachnophorini,Anchonoderus,
beetle,ITIS_2012dl_carabid,Animalia,,,Arthropoda,,Insecta,,Coleoptera,Carabidae,ground beetles,http://www.mendeley.com/c/5670257554/g/2058663/bousquet-2012-catalogue-of-geadephaga-coleoptera-adephaga-of-america-north-of-mexico/,Trechinae,Bembidiini,Anillaspis,
beetle,ITIS_2012dl_carabid,Animalia,,,Arthropoda,,Insecta,,Coleoptera,Carabidae,ground beetles,http://www.mendeley.com/c/5670257554/g/2058663/bousquet-2012-catalogue-of-geadephaga-coleoptera-adephaga-of-america-north-of-mexico/,Trechinae,Bembidiini,Anillinus,
beetle,ITIS_2012dl_carabid,Animalia,,,Arthropoda,,Insecta,,Coleoptera,Carabidae,ground beetles,http://www.mendeley.com/c/5670257554/g/2058663/bousquet-2012-catalogue-of-geadephaga-coleoptera-adephaga-of-america-north-of-mexico/,Trechinae,Bembidiini,Anillodes,
beetle,ITIS_2012dl_carabid,Animalia,,,Arthropoda,,Insecta,,Coleoptera,Carabidae,ground beetles,http://www.mendeley.com/c/5670257554/g/2058663/bousquet-2012-catalogue-of-geadephaga-coleoptera-adephaga-of-america-north-of-mexico/,Harpalinae,Harpalini,Anisodactylus,
beetle,ITIS_2012dl_carabid,Animalia,,,Arthropoda,,Insecta,,Coleoptera,Carabidae,ground beetles,http://www.mendeley.com/c/5670257554/g/2058663/bousquet-2012-catalogue-of-geadephaga-coleoptera-adephaga-of-america-north-of-mexico/,Harpalinae,Lebiini,Apenes,
beetle,ITIS_2012dl_carabid,Animalia,,,Arthropoda,,Insecta,,Coleoptera,Carabidae,ground beetles,http://www.mendeley.com/c/5670257554/g/2058663/bousquet-2012-catalogue-of-geadephaga-coleoptera-adephaga-of-america-north-of-mexico/,Harpalinae,Lebiini,Apristus,
beetle,ITIS_2012dl_carabid,Animalia,,,Arthropoda,,Insecta,,Coleoptera,Carabidae,ground beetles,http://www.mendeley.com/c/5670257554/g/2058663/bousquet-2012-catalogue-of-geadephaga-coleoptera-adephaga-of-america-north-of-mexico/,Scaritinae,Clivinini,Ardistomis,
beetle,ITIS_2012dl_carabid,Animalia,,,Arthropoda,,Insecta,,Coleoptera,Carabidae,ground beetles,http://www.mendeley.com/c/5670257554/g/2058663/bousquet-2012-catalogue-of-geadephaga-coleoptera-adephaga-of-america-north-of-mexico/,Trechinae,Bembidiini,Asaphidion,
beetle,ITIS_2012dl_carabid,Animalia,,,Arthropoda,,Insecta,,Coleoptera,Carabidae,ground beetles,http://www.mendeley.com/c/5670257554/g/2058663/bousquet-2012-catalogue-of-geadephaga-coleoptera-adephaga-of-america-north-of-mexico/,Scaritinae,Clivinini,Aspidoglossa,
beetle,ITIS_2012dl_carabid,Animalia,,,Arthropoda,,Insecta,,Coleoptera,Carabidae,ground beetles,http://www.mendeley.com/c/5670257554/g/2058663/bousquet-2012-catalogue-of-geadephaga-coleoptera-adephaga-of-america-north-of-mexico/,Harpalinae,Harpalini,Athrostictus,
beetle,ITIS_2012dl_carabid,Animalia,,,Arthropoda,,Insecta,,Coleoptera,Carabidae,ground beetles,http://www.mendeley.com/c/5670257554/g/2058663/bousquet-2012-catalogue-of-geadephaga-coleoptera-adephaga-of-america-north-of-mexico/,Harpalinae,Atranini,Atranus,
beetle,ITIS_2012dl_carabid,Animalia,,,Arthropoda,,Insecta,,Coleoptera,Carabidae,ground beetles,http://www.mendeley.com/c/5670257554/g/2058663/bousquet-2012-catalogue-of-geadephaga-coleoptera-adephaga-of-america-north-of-mexico/,Harpalinae,Lebiini,Axinopalpus,
beetle,ITIS_2012dl_carabid,Animalia,,,Arthropoda,,Insecta,,Coleoptera,Carabidae,ground beetles,http://www.mendeley.com/c/5670257554/g/2058663/bousquet-2012-catalogue-of-geadephaga-coleoptera-adephaga-of-america-north-of-mexico/,Harpalinae,Harpalini,Aztecarpalus,
beetle,ITIS_2012dl_carabid,Animalia,,,Arthropoda,,Insecta,,Coleoptera,Carabidae,ground beetles,http://www.mendeley.com/c/5670257554/g/2058663/bousquet-2012-catalogue-of-geadephaga-coleoptera-adephaga-of-america-north-of-mexico/,Harpalinae,Licinini,Badister,
beetle,ITIS_2012dl_carabid,Animalia,,,Arthropoda,,Insecta,,Coleoptera,Carabidae,ground beetles,http://www.mendeley.com/c/5670257554/g/2058663/bousquet-2012-catalogue-of-geadephaga-coleoptera-adephaga-of-america-north-of-mexico/,Trechinae,Bembidiini,Bembidion,
beetle,ITIS_2012dl_carabid,Animalia,,,Arthropoda,,Insecta,,Coleoptera,Carabidae,ground beetles,http://www.mendeley.com/c/5670257554/g/2058663/bousquet-2012-catalogue-of-geadephaga-coleoptera-adephaga-of-america-north-of-mexico/,Trechinae,Trechini,Blemus,
beetle,ITIS_2012dl_carabid,Animalia,,,Arthropoda,,Insecta,,Coleoptera,Carabidae,ground beetles,http://www.mendeley.com/c/5670257554/g/2058663/bousquet-2012-catalogue-of-geadephaga-coleoptera-adephaga-of-america-north-of-mexico/,Elaphrinae,Elaphrini,Blethisa,
beetle,ITIS_2012dl_carabid,Animalia,,,Arthropoda,,Insecta,,Coleoptera,Carabidae,ground beetles,http://www.mendeley.com/c/5670257554/g/2058663/bousquet-2012-catalogue-of-geadephaga-coleoptera-adephaga-of-america-north-of-mexico/,Brachininae,Brachinini,Brachinus,
beetle,ITIS_2012dl_carabid,Animalia,,,Arthropoda,,Insecta,,Coleoptera,Carabidae,ground beetles,http://www.mendeley.com/c/5670257554/g/2058663/bousquet-2012-catalogue-of-geadephaga-coleoptera-adephaga-of-america-north-of-mexico/,Harpalinae,Harpalini,Bradycellus,
beetle,ITIS_2012dl_carabid,Animalia,,,Arthropoda,,Insecta,,Coleoptera,Carabidae,ground beetles,http://www.mendeley.com/c/5670257554/g/2058663/bousquet-2012-catalogue-of-geadephaga-coleoptera-adephaga-of-america-north-of-mexico/,Cicindelinae,Cicindelini,Brasiella,
beetle,ITIS_2012dl_carabid,Animalia,,,Arthropoda,,Insecta,,Coleoptera,Carabidae,ground beetles,http://www.mendeley.com/c/5670257554/g/2058663/bousquet-2012-catalogue-of-geadephaga-coleoptera-adephaga-of-america-north-of-mexico/,Broscinae,Broscini,Broscodera,
beetle,ITIS_2012dl_carabid,Animalia,,,Arthropoda,,Insecta,,Coleoptera,Carabidae,ground beetles,http://www.mendeley.com/c/5670257554/g/2058663/bousquet-2012-catalogue-of-geadephaga-coleoptera-adephaga-of-america-north-of-mexico/,Broscinae,Broscini,Broscus,
beetle,ITIS_2012dl_carabid,Animalia,,,Arthropoda,,Insecta,,Coleoptera,Carabidae,ground beetles,http://www.mendeley.com/c/5670257554/g/2058663/bousquet-2012-catalogue-of-geadephaga-coleoptera-adephaga-of-america-north-of-mexico/,Harpalinae,Sphodrini,Calathus,
beetle,ITIS_2012dl_carabid,Animalia,,,Arthropoda,,Insecta,,Coleoptera,Carabidae,ground beetles,http://www.mendeley.com/c/5670257554/g/2058663/bousquet-2012-catalogue-of-geadephaga-coleoptera-adephaga-of-america-north-of-mexico/,Harpalinae,Lebiini,Calleida,
beetle,ITIS_2012dl_carabid,Animalia,,,Arthropoda,,Insecta,,Coleoptera,Carabidae,ground beetles,http://www.mendeley.com/c/5670257554/g/2058663/bousquet-2012-catalogue-of-geadephaga-coleoptera-adephaga-of-america-north-of-mexico/,Carabinae,Carabini,Calosoma,
beetle,ITIS_2012dl_carabid,Animalia,,,Arthropoda,,Insecta,,Coleoptera,Carabidae,ground beetles,http://www.mendeley.com/c/5670257554/g/2058663/bousquet-2012-catalogue-of-geadephaga-coleoptera-adephaga-of-america-north-of-mexico/,Harpalinae,Lachnophorini,Calybe,
beetle,ITIS_2012dl_carabid,Animalia,,,Arthropoda,,Insecta,,Coleoptera,Carabidae,ground beetles,http://www.mendeley.com/c/5670257554/g/2058663/bousquet-2012-catalogue-of-geadephaga-coleoptera-adephaga-of-america-north-of-mexico/,Carabinae,Carabini,Carabus,
beetle,ITIS_2012dl_carabid,Animalia,,,Arthropoda,,Insecta,,Coleoptera,Carabidae,ground beetles,http://www.mendeley.com/c/5670257554/g/2058663/bousquet-2012-catalogue-of-geadephaga-coleoptera-adephaga-of-america-north-of-mexico/,Harpalinae,Chlaeniini,Chlaenius,
beetle,ITIS_2012dl_carabid,Animalia,,,Arthropoda,,Insecta,,Coleoptera,Carabidae,ground beetles,http://www.mendeley.com/c/5670257554/g/2058663/bousquet-2012-catalogue-of-geadephaga-coleoptera-adephaga-of-america-north-of-mexico/,Cicindelinae,Cicindelini,Cicindela,
beetle,ITIS_2012dl_carabid,Animalia,,,Arthropoda,,Insecta,,Coleoptera,Carabidae,ground beetles,http://www.mendeley.com/c/5670257554/g/2058663/bousquet-2012-catalogue-of-geadephaga-coleoptera-adephaga-of-america-north-of-mexico/,Scaritinae,Clivinini,Clivina,
beetle,ITIS_2012dl_carabid,Animalia,,,Arthropoda,,Insecta,,Coleoptera,Carabidae,ground beetles,http://www.mendeley.com/c/5670257554/g/2058663/bousquet-2012-catalogue-of-geadephaga-coleoptera-adephaga-of-america-north-of-mexico/,Harpalinae,Odacanthini,Colliuris,
beetle,ITIS_2012dl_carabid,Animalia,,,Arthropoda,,Insecta,,Coleoptera,Carabidae,ground beetles,http://www.mendeley.com/c/5670257554/g/2058663/bousquet-2012-catalogue-of-geadephaga-coleoptera-adephaga-of-america-north-of-mexico/,Harpalinae,Lebiini,Coptodera,
beetle,ITIS_2012dl_carabid,Animalia,,,Arthropoda,,Insecta,,Coleoptera,Carabidae,ground beetles,http://www.mendeley.com/c/5670257554/g/2058663/bousquet-2012-catalogue-of-geadephaga-coleoptera-adephaga-of-america-north-of-mexico/,Harpalinae,Harpalini,Cratacanthus,
beetle,ITIS_2012dl_carabid,Animalia,,,Arthropoda,,Insecta,,Coleoptera,Carabidae,ground beetles,http://www.mendeley.com/c/5670257554/g/2058663/bousquet-2012-catalogue-of-geadephaga-coleoptera-adephaga-of-america-north-of-mexico/,Carabinae,Cychrini,Cychrus,
beetle,ITIS_2012dl_carabid,Animalia,,,Arthropoda,,Insecta,,Coleoptera,Carabidae,ground beetles,http://www.mendeley.com/c/5670257554/g/2058663/bousquet-2012-catalogue-of-geadephaga-coleoptera-adephaga-of-america-north-of-mexico/,Harpalinae,Pterostichini,Cyclotrachelus,
beetle,ITIS_2012dl_carabid,Animalia,,,Arthropoda,,Insecta,,Coleoptera,Carabidae,ground beetles,http://www.mendeley.com/c/5670257554/g/2058663/bousquet-2012-catalogue-of-geadephaga-coleoptera-adephaga-of-america-north-of-mexico/,Cicindelinae,Cicindelini,Cylindera,
beetle,ITIS_2012dl_carabid,Animalia,,,Arthropoda,,Insecta,,Coleoptera,Carabidae,ground beetles,http://www.mendeley.com/c/5670257554/g/2058663/bousquet-2012-catalogue-of-geadephaga-coleoptera-adephaga-of-america-north-of-mexico/,Harpalinae,Lebiini,Cylindronotum,
beetle,ITIS_2012dl_carabid,Animalia,,,Arthropoda,,Insecta,,Coleoptera,Carabidae,ground beetles,http://www.mendeley.com/c/5670257554/g/2058663/bousquet-2012-catalogue-of-geadephaga-coleoptera-adephaga-of-america-north-of-mexico/,Harpalinae,Lebiini,Cymindis,
beetle,ITIS_2012dl_carabid,Animalia,,,Arthropoda,,Insecta,,Coleoptera,Carabidae,ground beetles,http://www.mendeley.com/c/5670257554/g/2058663/bousquet-2012-catalogue-of-geadephaga-coleoptera-adephaga-of-america-north-of-mexico/,Trechinae,Trechini,Darlingtonea,
beetle,ITIS_2012dl_carabid,Animalia,,,Arthropoda,,Insecta,,Coleoptera,Carabidae,ground beetles,http://www.mendeley.com/c/5670257554/g/2058663/bousquet-2012-catalogue-of-geadephaga-coleoptera-adephaga-of-america-north-of-mexico/,Harpalinae,Oodini,Dercylinus,
beetle,ITIS_2012dl_carabid,Animalia,,,Arthropoda,,Insecta,,Coleoptera,Carabidae,ground beetles,http://www.mendeley.com/c/5670257554/g/2058663/bousquet-2012-catalogue-of-geadephaga-coleoptera-adephaga-of-america-north-of-mexico/,Elaphrinae,Elaphrini,Diacheila,
beetle,ITIS_2012dl_carabid,Animalia,,,Arthropoda,,Insecta,,Coleoptera,Carabidae,ground beetles,http://www.mendeley.com/c/5670257554/g/2058663/bousquet-2012-catalogue-of-geadephaga-coleoptera-adephaga-of-america-north-of-mexico/,Harpalinae,Licinini,Dicaelus,
beetle,ITIS_2012dl_carabid,Animalia,,,Arthropoda,,Insecta,,Coleoptera,Carabidae,ground beetles,http://www.mendeley.com/c/5670257554/g/2058663/bousquet-2012-catalogue-of-geadephaga-coleoptera-adephaga-of-america-north-of-mexico/,Harpalinae,Harpalini,Dicheirotrichus,
beetle,ITIS_2012dl_carabid,Animalia,,,Arthropoda,,Insecta,,Coleoptera,Carabidae,ground beetles,http://www.mendeley.com/c/5670257554/g/2058663/bousquet-2012-catalogue-of-geadephaga-coleoptera-adephaga-of-america-north-of-mexico/,Harpalinae,Harpalini,Dicheirus,
beetle,ITIS_2012dl_carabid,Animalia,,,Arthropoda,,Insecta,,Coleoptera,Carabidae,ground beetles,http://www.mendeley.com/c/5670257554/g/2058663/bousquet-2012-catalogue-of-geadephaga-coleoptera-adephaga-of-america-north-of-mexico/,Trechinae,Pogonini,Diplochaetus,
beetle,ITIS_2012dl_carabid,Animalia,,,Arthropoda,,Insecta,,Coleoptera,Carabidae,ground beetles,http://www.mendeley.com/c/5670257554/g/2058663/bousquet-2012-catalogue-of-geadephaga-coleoptera-adephaga-of-america-north-of-mexico/,Harpalinae,Licinini,Diplocheila,
beetle,ITIS_2012dl_carabid,Animalia,,,Arthropoda,,Insecta,,Coleoptera,Carabidae,ground beetles,http://www.mendeley.com/c/5670257554/g/2058663/bousquet-2012-catalogue-of-geadephaga-coleoptera-adephaga-of-america-north-of-mexico/,Patrobinae,Patrobini,Diplous,
beetle,ITIS_2012dl_carabid,Animalia,,,Arthropoda,,Insecta,,Coleoptera,Carabidae,ground beetles,http://www.mendeley.com/c/5670257554/g/2058663/bousquet-2012-catalogue-of-geadephaga-coleoptera-adephaga-of-america-north-of-mexico/,Harpalinae,Harpalini,Discoderus,
beetle,ITIS_2012dl_carabid,Animalia,,,Arthropoda,,Insecta,,Coleoptera,Carabidae,ground beetles,http://www.mendeley.com/c/5670257554/g/2058663/bousquet-2012-catalogue-of-geadephaga-coleoptera-adephaga-of-america-north-of-mexico/,Harpalinae,Lebiini,Dromius,
beetle,ITIS_2012dl_carabid,Animalia,,,Arthropoda,,Insecta,,Coleoptera,Carabidae,ground beetles,http://www.mendeley.com/c/5670257554/g/2058663/bousquet-2012-catalogue-of-geadephaga-coleoptera-adephaga-of-america-north-of-mexico/,Cicindelinae,Cicindelini,Dromochorus,
beetle,ITIS_2012dl_carabid,Animalia,,,Arthropoda,,Insecta,,Coleoptera,Carabidae,ground beetles,http://www.mendeley.com/c/5670257554/g/2058663/bousquet-2012-catalogue-of-geadephaga-coleoptera-adephaga-of-america-north-of-mexico/,Scaritinae,Dyschiriini,Dyschirius,
beetle,ITIS_2012dl_carabid,Animalia,,,Arthropoda,,Insecta,,Coleoptera,Carabidae,ground beetles,http://www.mendeley.com/c/5670257554/g/2058663/bousquet-2012-catalogue-of-geadephaga-coleoptera-adephaga-of-america-north-of-mexico/,Trechinae,Bembidiini,Elaphropus,
beetle,ITIS_2012dl_carabid,Animalia,,,Arthropoda,,Insecta,,Coleoptera,Carabidae,ground beetles,http://www.mendeley.com/c/5670257554/g/2058663/bousquet-2012-catalogue-of-geadephaga-coleoptera-adephaga-of-america-north-of-mexico/,Elaphrinae,Elaphrini,Elaphrus,
beetle,ITIS_2012dl_carabid,Animalia,,,Arthropoda,,Insecta,,Coleoptera,Carabidae,ground beetles,http://www.mendeley.com/c/5670257554/g/2058663/bousquet-2012-catalogue-of-geadephaga-coleoptera-adephaga-of-america-north-of-mexico/,Cicindelinae,Cicindelini,Ellipsoptera,
beetle,ITIS_2012dl_carabid,Animalia,,,Arthropoda,,Insecta,,Coleoptera,Carabidae,ground beetles,http://www.mendeley.com/c/5670257554/g/2058663/bousquet-2012-catalogue-of-geadephaga-coleoptera-adephaga-of-america-north-of-mexico/,Harpalinae,Platynini,Elliptoleus,
beetle,ITIS_2012dl_carabid,Animalia,,,Arthropoda,,Insecta,,Coleoptera,Carabidae,ground beetles,http://www.mendeley.com/c/5670257554/g/2058663/bousquet-2012-catalogue-of-geadephaga-coleoptera-adephaga-of-america-north-of-mexico/,Harpalinae,Lachnophorini,Eucaerus,
beetle,ITIS_2012dl_carabid,Animalia,,,Arthropoda,,Insecta,,Coleoptera,Carabidae,ground beetles,http://www.mendeley.com/c/5670257554/g/2058663/bousquet-2012-catalogue-of-geadephaga-coleoptera-adephaga-of-america-north-of-mexico/,Harpalinae,Lebiini,Eucheila,
beetle,ITIS_2012dl_carabid,Animalia,,,Arthropoda,,Insecta,,Coleoptera,Carabidae,ground beetles,http://www.mendeley.com/c/5670257554/g/2058663/bousquet-2012-catalogue-of-geadephaga-coleoptera-adephaga-of-america-north-of-mexico/,Cicindelinae,Cicindelini,Eunota,
beetle,ITIS_2012dl_carabid,Animalia,,,Arthropoda,,Insecta,,Coleoptera,Carabidae,ground beetles,http://www.mendeley.com/c/5670257554/g/2058663/bousquet-2012-catalogue-of-geadephaga-coleoptera-adephaga-of-america-north-of-mexico/,Harpalinae,Lachnophorini,Euphorticus,
beetle,ITIS_2012dl_carabid,Animalia,,,Arthropoda,,Insecta,,Coleoptera,Carabidae,ground beetles,http://www.mendeley.com/c/5670257554/g/2058663/bousquet-2012-catalogue-of-geadephaga-coleoptera-adephaga-of-america-north-of-mexico/,Harpalinae,Lebiini,Euproctinus,
beetle,ITIS_2012dl_carabid,Animalia,,,Arthropoda,,Insecta,,Coleoptera,Carabidae,ground beetles,http://www.mendeley.com/c/5670257554/g/2058663/bousquet-2012-catalogue-of-geadephaga-coleoptera-adephaga-of-america-north-of-mexico/,Harpalinae,Harpalini,Euryderus,
beetle,ITIS_2012dl_carabid,Animalia,,,Arthropoda,,Insecta,,Coleoptera,Carabidae,ground beetles,http://www.mendeley.com/c/5670257554/g/2058663/bousquet-2012-catalogue-of-geadephaga-coleoptera-adephaga-of-america-north-of-mexico/,Harpalinae,Oodini,Evolenes,
beetle,ITIS_2012dl_carabid,Animalia,,,Arthropoda,,Insecta,,Coleoptera,Carabidae,ground beetles,http://www.mendeley.com/c/5670257554/g/2058663/bousquet-2012-catalogue-of-geadephaga-coleoptera-adephaga-of-america-north-of-mexico/,Harpalinae,Galeritini,Galerita,
beetle,ITIS_2012dl_carabid,Animalia,,,Arthropoda,,Insecta,,Coleoptera,Carabidae,ground beetles,http://www.mendeley.com/c/5670257554/g/2058663/bousquet-2012-catalogue-of-geadephaga-coleoptera-adephaga-of-america-north-of-mexico/,Harpalinae,Pterostichini,Gastrellarius,
beetle,ITIS_2012dl_carabid,Animalia,,,Arthropoda,,Insecta,,Coleoptera,Carabidae,ground beetles,http://www.mendeley.com/c/5670257554/g/2058663/bousquet-2012-catalogue-of-geadephaga-coleoptera-adephaga-of-america-north-of-mexico/,Gehringiinae,Gehringiini,Gehringia,
beetle,ITIS_2012dl_carabid,Animalia,,,Arthropoda,,Insecta,,Coleoptera,Carabidae,ground beetles,http://www.mendeley.com/c/5670257554/g/2058663/bousquet-2012-catalogue-of-geadephaga-coleoptera-adephaga-of-america-north-of-mexico/,Harpalinae,Harpalini,Geopinus,
beetle,ITIS_2012dl_carabid,Animalia,,,Arthropoda,,Insecta,,Coleoptera,Carabidae,ground beetles,http://www.mendeley.com/c/5670257554/g/2058663/bousquet-2012-catalogue-of-geadephaga-coleoptera-adephaga-of-america-north-of-mexico/,Paussinae,Ozaenini,Goniotropis,
beetle,ITIS_2012dl_carabid,Animalia,,,Arthropoda,,Insecta,,Coleoptera,Carabidae,ground beetles,http://www.mendeley.com/c/5670257554/g/2058663/bousquet-2012-catalogue-of-geadephaga-coleoptera-adephaga-of-america-north-of-mexico/,Cicindelinae,Cicindelini,Habroscelimorpha,
beetle,ITIS_2012dl_carabid,Animalia,,,Arthropoda,,Insecta,,Coleoptera,Carabidae,ground beetles,http://www.mendeley.com/c/5670257554/g/2058663/bousquet-2012-catalogue-of-geadephaga-coleoptera-adephaga-of-america-north-of-mexico/,Scaritinae,Clivinini,Halocoryza,
beetle,ITIS_2012dl_carabid,Animalia,,,Arthropoda,,Insecta,,Coleoptera,Carabidae,ground beetles,http://www.mendeley.com/c/5670257554/g/2058663/bousquet-2012-catalogue-of-geadephaga-coleoptera-adephaga-of-america-north-of-mexico/,Harpalinae,Harpalini,Harpalobrachys,
beetle,ITIS_2012dl_carabid,Animalia,,,Arthropoda,,Insecta,,Coleoptera,Carabidae,ground beetles,http://www.mendeley.com/c/5670257554/g/2058663/bousquet-2012-catalogue-of-geadephaga-coleoptera-adephaga-of-america-north-of-mexico/,Harpalinae,Harpalini,Harpalus,
beetle,ITIS_2012dl_carabid,Animalia,,,Arthropoda,,Insecta,,Coleoptera,Carabidae,ground beetles,http://www.mendeley.com/c/5670257554/g/2058663/bousquet-2012-catalogue-of-geadephaga-coleoptera-adephaga-of-america-north-of-mexico/,Harpalinae,Harpalini,Hartonymus,
beetle,ITIS_2012dl_carabid,Animalia,,,Arthropoda,,Insecta,,Coleoptera,Carabidae,ground beetles,http://www.mendeley.com/c/5670257554/g/2058663/bousquet-2012-catalogue-of-geadephaga-coleoptera-adephaga-of-america-north-of-mexico/,Harpalinae,Helluonini,Helluomorphoides,
beetle,ITIS_2012dl_carabid,Animalia,,,Arthropoda,,Insecta,,Coleoptera,Carabidae,ground beetles,http://www.mendeley.com/c/5670257554/g/2058663/bousquet-2012-catalogue-of-geadephaga-coleoptera-adephaga-of-america-north-of-mexico/,Trechinae,Bembidiini,Horologion,
beetle,ITIS_2012dl_carabid,Animalia,,,Arthropoda,,Insecta,,Coleoptera,Carabidae,ground beetles,http://www.mendeley.com/c/5670257554/g/2058663/bousquet-2012-catalogue-of-geadephaga-coleoptera-adephaga-of-america-north-of-mexico/,Harpalinae,Lebiini,Hyboptera,
beetle,ITIS_2012dl_carabid,Animalia,,,Arthropoda,,Insecta,,Coleoptera,Carabidae,ground beetles,http://www.mendeley.com/c/5670257554/g/2058663/bousquet-2012-catalogue-of-geadephaga-coleoptera-adephaga-of-america-north-of-mexico/,Harpalinae,Pterostichini,Hybothecus,
beetle,ITIS_2012dl_carabid,Animalia,,,Arthropoda,,Insecta,,Coleoptera,Carabidae,ground beetles,http://www.mendeley.com/c/5670257554/g/2058663/bousquet-2012-catalogue-of-geadephaga-coleoptera-adephaga-of-america-north-of-mexico/,Harpalinae,Lebiini,Infernophilus,
beetle,ITIS_2012dl_carabid,Animalia,,,Arthropoda,,Insecta,,Coleoptera,Carabidae,ground beetles,http://www.mendeley.com/c/5670257554/g/2058663/bousquet-2012-catalogue-of-geadephaga-coleoptera-adephaga-of-america-north-of-mexico/,Harpalinae,Oodini,Lachnocrepis,
beetle,ITIS_2012dl_carabid,Animalia,,,Arthropoda,,Insecta,,Coleoptera,Carabidae,ground beetles,http://www.mendeley.com/c/5670257554/g/2058663/bousquet-2012-catalogue-of-geadephaga-coleoptera-adephaga-of-america-north-of-mexico/,Harpalinae,Lachnophorini,Lachnophorus,
beetle,ITIS_2012dl_carabid,Animalia,,,Arthropoda,,Insecta,,Coleoptera,Carabidae,ground beetles,http://www.mendeley.com/c/5670257554/g/2058663/bousquet-2012-catalogue-of-geadephaga-coleoptera-adephaga-of-america-north-of-mexico/,Harpalinae,Sphodrini,Laemostenus,
beetle,ITIS_2012dl_carabid,Animalia,,,Arthropoda,,Insecta,,Coleoptera,Carabidae,ground beetles,http://www.mendeley.com/c/5670257554/g/2058663/bousquet-2012-catalogue-of-geadephaga-coleoptera-adephaga-of-america-north-of-mexico/,Harpalinae,Lebiini,Lebia,
beetle,ITIS_2012dl_carabid,Animalia,,,Arthropoda,,Insecta,,Coleoptera,Carabidae,ground beetles,http://www.mendeley.com/c/5670257554/g/2058663/bousquet-2012-catalogue-of-geadephaga-coleoptera-adephaga-of-america-north-of-mexico/,Nebriinae,Nebriini,Leistus,
beetle,ITIS_2012dl_carabid,Animalia,,,Arthropoda,,Insecta,,Coleoptera,Carabidae,ground beetles,http://www.mendeley.com/c/5670257554/g/2058663/bousquet-2012-catalogue-of-geadephaga-coleoptera-adephaga-of-america-north-of-mexico/,Harpalinae,Ctenodactylini,Leptotrachelus,
beetle,ITIS_2012dl_carabid,Animalia,,,Arthropoda,,Insecta,,Coleoptera,Carabidae,ground beetles,http://www.mendeley.com/c/5670257554/g/2058663/bousquet-2012-catalogue-of-geadephaga-coleoptera-adephaga-of-america-north-of-mexico/,Trechinae,Bembidiini,Lionepha,
beetle,ITIS_2012dl_carabid,Animalia,,,Arthropoda,,Insecta,,Coleoptera,Carabidae,ground beetles,http://www.mendeley.com/c/5670257554/g/2058663/bousquet-2012-catalogue-of-geadephaga-coleoptera-adephaga-of-america-north-of-mexico/,Harpalinae,Pterostichini,Lophoglossus,
beetle,ITIS_2012dl_carabid,Animalia,,,Arthropoda,,Insecta,,Coleoptera,Carabidae,ground beetles,http://www.mendeley.com/c/5670257554/g/2058663/bousquet-2012-catalogue-of-geadephaga-coleoptera-adephaga-of-america-north-of-mexico/,Loricerinae,Loricerini,Loricera,
beetle,ITIS_2012dl_carabid,Animalia,,,Arthropoda,,Insecta,,Coleoptera,Carabidae,ground beetles,http://www.mendeley.com/c/5670257554/g/2058663/bousquet-2012-catalogue-of-geadephaga-coleoptera-adephaga-of-america-north-of-mexico/,Harpalinae,Abacetini,Loxandrus,
beetle,ITIS_2012dl_carabid,Animalia,,,Arthropoda,,Insecta,,Coleoptera,Carabidae,ground beetles,http://www.mendeley.com/c/5670257554/g/2058663/bousquet-2012-catalogue-of-geadephaga-coleoptera-adephaga-of-america-north-of-mexico/,Harpalinae,Platynini,Metacolpodes,
beetle,ITIS_2012dl_carabid,Animalia,,,Arthropoda,,Insecta,,Coleoptera,Carabidae,ground beetles,http://www.mendeley.com/c/5670257554/g/2058663/bousquet-2012-catalogue-of-geadephaga-coleoptera-adephaga-of-america-north-of-mexico/,Harpalinae,Metriini,Metrius,
beetle,ITIS_2012dl_carabid,Animalia,,,Arthropoda,,Insecta,,Coleoptera,Carabidae,ground beetles,http://www.mendeley.com/c/5670257554/g/2058663/bousquet-2012-catalogue-of-geadephaga-coleoptera-adephaga-of-america-north-of-mexico/,Harpalinae,Platynini,Mexisphodrus,
beetle,ITIS_2012dl_carabid,Animalia,,,Arthropoda,,Insecta,,Coleoptera,Carabidae,ground beetles,http://www.mendeley.com/c/5670257554/g/2058663/bousquet-2012-catalogue-of-geadephaga-coleoptera-adephaga-of-america-north-of-mexico/,Trechinae,Bembidiini,Micratopus,
beetle,ITIS_2012dl_carabid,Animalia,,,Arthropoda,,Insecta,,Coleoptera,Carabidae,ground beetles,http://www.mendeley.com/c/5670257554/g/2058663/bousquet-2012-catalogue-of-geadephaga-coleoptera-adephaga-of-america-north-of-mexico/,Harpalinae,Panagaeini,Micrixys,
beetle,ITIS_2012dl_carabid,Animalia,,,Arthropoda,,Insecta,,Coleoptera,Carabidae,ground beetles,http://www.mendeley.com/c/5670257554/g/2058663/bousquet-2012-catalogue-of-geadephaga-coleoptera-adephaga-of-america-north-of-mexico/,Harpalinae,Lebiini,Microlestes,
beetle,ITIS_2012dl_carabid,Animalia,,,Arthropoda,,Insecta,,Coleoptera,Carabidae,ground beetles,http://www.mendeley.com/c/5670257554/g/2058663/bousquet-2012-catalogue-of-geadephaga-coleoptera-adephaga-of-america-north-of-mexico/,Cicindelinae,Cicindelini,Microthylax,
beetle,ITIS_2012dl_carabid,Animalia,,,Arthropoda,,Insecta,,Coleoptera,Carabidae,ground beetles,http://www.mendeley.com/c/5670257554/g/2058663/bousquet-2012-catalogue-of-geadephaga-coleoptera-adephaga-of-america-north-of-mexico/,Trechinae,Bembidiini,Mioptachys,
beetle,ITIS_2012dl_carabid,Animalia,,,Arthropoda,,Insecta,,Coleoptera,Carabidae,ground beetles,http://www.mendeley.com/c/5670257554/g/2058663/bousquet-2012-catalogue-of-geadephaga-coleoptera-adephaga-of-america-north-of-mexico/,Broscinae,Broscini,Miscodera,
beetle,ITIS_2012dl_carabid,Animalia,,,Arthropoda,,Insecta,,Coleoptera,Carabidae,ground beetles,http://www.mendeley.com/c/5670257554/g/2058663/bousquet-2012-catalogue-of-geadephaga-coleoptera-adephaga-of-america-north-of-mexico/,Harpalinae,Lebiini,Mochtherus,
beetle,ITIS_2012dl_carabid,Animalia,,,Arthropoda,,Insecta,,Coleoptera,Carabidae,ground beetles,http://www.mendeley.com/c/5670257554/g/2058663/bousquet-2012-catalogue-of-geadephaga-coleoptera-adephaga-of-america-north-of-mexico/,Harpalinae,Morionini,Morion,
beetle,ITIS_2012dl_carabid,Animalia,,,Arthropoda,,Insecta,,Coleoptera,Carabidae,ground beetles,http://www.mendeley.com/c/5670257554/g/2058663/bousquet-2012-catalogue-of-geadephaga-coleoptera-adephaga-of-america-north-of-mexico/,Harpalinae,Pterostichini,Myas,
beetle,ITIS_2012dl_carabid,Animalia,,,Arthropoda,,Insecta,,Coleoptera,Carabidae,ground beetles,http://www.mendeley.com/c/5670257554/g/2058663/bousquet-2012-catalogue-of-geadephaga-coleoptera-adephaga-of-america-north-of-mexico/,Trechinae,Trechini,Neaphaenops,
beetle,ITIS_2012dl_carabid,Animalia,,,Arthropoda,,Insecta,,Coleoptera,Carabidae,ground beetles,http://www.mendeley.com/c/5670257554/g/2058663/bousquet-2012-catalogue-of-geadephaga-coleoptera-adephaga-of-america-north-of-mexico/,Nebriinae,Nebriini,Nebria,
beetle,ITIS_2012dl_carabid,Animalia,,,Arthropoda,,Insecta,,Coleoptera,Carabidae,ground beetles,http://www.mendeley.com/c/5670257554/g/2058663/bousquet-2012-catalogue-of-geadephaga-coleoptera-adephaga-of-america-north-of-mexico/,Trechinae,Trechini,Nelsonites,
beetle,ITIS_2012dl_carabid,Animalia,,,Arthropoda,,Insecta,,Coleoptera,Carabidae,ground beetles,http://www.mendeley.com/c/5670257554/g/2058663/bousquet-2012-catalogue-of-geadephaga-coleoptera-adephaga-of-america-north-of-mexico/,Harpalinae,Lebiini,Nemotarsus,
beetle,ITIS_2012dl_carabid,Animalia,,,Arthropoda,,Insecta,,Coleoptera,Carabidae,ground beetles,http://www.mendeley.com/c/5670257554/g/2058663/bousquet-2012-catalogue-of-geadephaga-coleoptera-adephaga-of-america-north-of-mexico/,Nebriinae,Nebriini,Nippononebria,
beetle,ITIS_2012dl_carabid,Animalia,,,Arthropoda,,Insecta,,Coleoptera,Carabidae,ground beetles,http://www.mendeley.com/c/5670257554/g/2058663/bousquet-2012-catalogue-of-geadephaga-coleoptera-adephaga-of-america-north-of-mexico/,Psydrinae,Psydrini,Nomius,
beetle,ITIS_2012dl_carabid,Animalia,,,Arthropoda,,Insecta,,Coleoptera,Carabidae,ground beetles,http://www.mendeley.com/c/5670257554/g/2058663/bousquet-2012-catalogue-of-geadephaga-coleoptera-adephaga-of-america-north-of-mexico/,Harpalinae,Harpalini,Notiobia,
beetle,ITIS_2012dl_carabid,Animalia,,,Arthropoda,,Insecta,,Coleoptera,Carabidae,ground beetles,http://www.mendeley.com/c/5670257554/g/2058663/bousquet-2012-catalogue-of-geadephaga-coleoptera-adephaga-of-america-north-of-mexico/,Nebriinae,Notiophilini,Notiophilus,
beetle,ITIS_2012dl_carabid,Animalia,,,Arthropoda,,Insecta,,Coleoptera,Carabidae,ground beetles,http://www.mendeley.com/c/5670257554/g/2058663/bousquet-2012-catalogue-of-geadephaga-coleoptera-adephaga-of-america-north-of-mexico/,Harpalinae,Platynini,Olisthopus,
beetle,ITIS_2012dl_carabid,Animalia,,,Arthropoda,,Insecta,,Coleoptera,Carabidae,ground beetles,http://www.mendeley.com/c/5670257554/g/2058663/bousquet-2012-catalogue-of-geadephaga-coleoptera-adephaga-of-america-north-of-mexico/,Omophroninae,Omophronini,Omophron,
beetle,ITIS_2012dl_carabid,Animalia,,,Arthropoda,,Insecta,,Coleoptera,Carabidae,ground beetles,http://www.mendeley.com/c/5670257554/g/2058663/bousquet-2012-catalogue-of-geadephaga-coleoptera-adephaga-of-america-north-of-mexico/,Cicindelinae,Amblycheilini,Omus,
beetle,ITIS_2012dl_carabid,Animalia,,,Arthropoda,,Insecta,,Coleoptera,Carabidae,ground beetles,http://www.mendeley.com/c/5670257554/g/2058663/bousquet-2012-catalogue-of-geadephaga-coleoptera-adephaga-of-america-north-of-mexico/,Harpalinae,Lebiini,Onota,
beetle,ITIS_2012dl_carabid,Animalia,,,Arthropoda,,Insecta,,Coleoptera,Carabidae,ground beetles,http://www.mendeley.com/c/5670257554/g/2058663/bousquet-2012-catalogue-of-geadephaga-coleoptera-adephaga-of-america-north-of-mexico/,Harpalinae,Oodini,Oodes,
beetle,ITIS_2012dl_carabid,Animalia,,,Arthropoda,,Insecta,,Coleoptera,Carabidae,ground beetles,http://www.mendeley.com/c/5670257554/g/2058663/bousquet-2012-catalogue-of-geadephaga-coleoptera-adephaga-of-america-north-of-mexico/,Harpalinae,Oodini,Oodinus,
beetle,ITIS_2012dl_carabid,Animalia,,,Arthropoda,,Insecta,,Coleoptera,Carabidae,ground beetles,http://www.mendeley.com/c/5670257554/g/2058663/bousquet-2012-catalogue-of-geadephaga-coleoptera-adephaga-of-america-north-of-mexico/,Harpalinae,Harpalini,Ophonus,
beetle,ITIS_2012dl_carabid,Animalia,,,Arthropoda,,Insecta,,Coleoptera,Carabidae,ground beetles,http://www.mendeley.com/c/5670257554/g/2058663/bousquet-2012-catalogue-of-geadephaga-coleoptera-adephaga-of-america-north-of-mexico/,Cicindelinae,Cicindelini,Opilidia,
beetle,ITIS_2012dl_carabid,Animalia,,,Arthropoda,,Insecta,,Coleoptera,Carabidae,ground beetles,http://www.mendeley.com/c/5670257554/g/2058663/bousquet-2012-catalogue-of-geadephaga-coleoptera-adephaga-of-america-north-of-mexico/,Nebriinae,Opisthiini,Opisthius,
beetle,ITIS_2012dl_carabid,Animalia,,,Arthropoda,,Insecta,,Coleoptera,Carabidae,ground beetles,http://www.mendeley.com/c/5670257554/g/2058663/bousquet-2012-catalogue-of-geadephaga-coleoptera-adephaga-of-america-north-of-mexico/,Scaritinae,Clivinini,Oxydrepanus,
beetle,ITIS_2012dl_carabid,Animalia,,,Arthropoda,,Insecta,,Coleoptera,Carabidae,ground beetles,http://www.mendeley.com/c/5670257554/g/2058663/bousquet-2012-catalogue-of-geadephaga-coleoptera-adephaga-of-america-north-of-mexico/,Harpalinae,Platynini,Oxypselaphus,
beetle,ITIS_2012dl_carabid,Animalia,,,Arthropoda,,Insecta,,Coleoptera,Carabidae,ground beetles,http://www.mendeley.com/c/5670257554/g/2058663/bousquet-2012-catalogue-of-geadephaga-coleoptera-adephaga-of-america-north-of-mexico/,Paussinae,Ozaenini,Ozaena,
beetle,ITIS_2012dl_carabid,Animalia,,,Arthropoda,,Insecta,,Coleoptera,Carabidae,ground beetles,http://www.mendeley.com/c/5670257554/g/2058663/bousquet-2012-catalogue-of-geadephaga-coleoptera-adephaga-of-america-north-of-mexico/,Paussinae,Ozaenini,Pachyteles,
beetle,ITIS_2012dl_carabid,Animalia,,,Arthropoda,,Insecta,,Coleoptera,Carabidae,ground beetles,http://www.mendeley.com/c/5670257554/g/2058663/bousquet-2012-catalogue-of-geadephaga-coleoptera-adephaga-of-america-north-of-mexico/,Harpalinae,Panagaeini,Panagaeus,
beetle,ITIS_2012dl_carabid,Animalia,,,Arthropoda,,Insecta,,Coleoptera,Carabidae,ground beetles,http://www.mendeley.com/c/5670257554/g/2058663/bousquet-2012-catalogue-of-geadephaga-coleoptera-adephaga-of-america-north-of-mexico/,Scaritinae,Clivinini,Paraclivina,
beetle,ITIS_2012dl_carabid,Animalia,,,Arthropoda,,Insecta,,Coleoptera,Carabidae,ground beetles,http://www.mendeley.com/c/5670257554/g/2058663/bousquet-2012-catalogue-of-geadephaga-coleoptera-adephaga-of-america-north-of-mexico/,Harpalinae,Platynini,Paranchus,
beetle,ITIS_2012dl_carabid,Animalia,,,Arthropoda,,Insecta,,Coleoptera,Carabidae,ground beetles,http://www.mendeley.com/c/5670257554/g/2058663/bousquet-2012-catalogue-of-geadephaga-coleoptera-adephaga-of-america-north-of-mexico/,Scaritinae,Pasimachini,Pasimachus,
beetle,ITIS_2012dl_carabid,Animalia,,,Arthropoda,,Insecta,,Coleoptera,Carabidae,ground beetles,http://www.mendeley.com/c/5670257554/g/2058663/bousquet-2012-catalogue-of-geadephaga-coleoptera-adephaga-of-america-north-of-mexico/,Patrobinae,Patrobini,Patrobus,
beetle,ITIS_2012dl_carabid,Animalia,,,Arthropoda,,Insecta,,Coleoptera,Carabidae,ground beetles,http://www.mendeley.com/c/5670257554/g/2058663/bousquet-2012-catalogue-of-geadephaga-coleoptera-adephaga-of-america-north-of-mexico/,Harpalinae,Harpalini,Pelmatellus,
beetle,ITIS_2012dl_carabid,Animalia,,,Arthropoda,,Insecta,,Coleoptera,Carabidae,ground beetles,http://www.mendeley.com/c/5670257554/g/2058663/bousquet-2012-catalogue-of-geadephaga-coleoptera-adephaga-of-america-north-of-mexico/,Nebriinae,Pelophilini,Pelophila,
beetle,ITIS_2012dl_carabid,Animalia,,,Arthropoda,,Insecta,,Coleoptera,Carabidae,ground beetles,http://www.mendeley.com/c/5670257554/g/2058663/bousquet-2012-catalogue-of-geadephaga-coleoptera-adephaga-of-america-north-of-mexico/,Harpalinae,Pentagonicini,Pentagonica,
beetle,ITIS_2012dl_carabid,Animalia,,,Arthropoda,,Insecta,,Coleoptera,Carabidae,ground beetles,http://www.mendeley.com/c/5670257554/g/2058663/bousquet-2012-catalogue-of-geadephaga-coleoptera-adephaga-of-america-north-of-mexico/,Trechinae,Bembidiini,Pericompsus,
beetle,ITIS_2012dl_carabid,Animalia,,,Arthropoda,,Insecta,,Coleoptera,Carabidae,ground beetles,http://www.mendeley.com/c/5670257554/g/2058663/bousquet-2012-catalogue-of-geadephaga-coleoptera-adephaga-of-america-north-of-mexico/,Harpalinae,Perigonini,Perigona,
beetle,ITIS_2012dl_carabid,Animalia,,,Arthropoda,,Insecta,,Coleoptera,Carabidae,ground beetles,http://www.mendeley.com/c/5670257554/g/2058663/bousquet-2012-catalogue-of-geadephaga-coleoptera-adephaga-of-america-north-of-mexico/,Harpalinae,Harpalini,Philodes,
beetle,ITIS_2012dl_carabid,Animalia,,,Arthropoda,,Insecta,,Coleoptera,Carabidae,ground beetles,http://www.mendeley.com/c/5670257554/g/2058663/bousquet-2012-catalogue-of-geadephaga-coleoptera-adephaga-of-america-north-of-mexico/,Harpalinae,Lebiini,Philophuga,
beetle,ITIS_2012dl_carabid,Animalia,,,Arthropoda,,Insecta,,Coleoptera,Carabidae,ground beetles,http://www.mendeley.com/c/5670257554/g/2058663/bousquet-2012-catalogue-of-geadephaga-coleoptera-adephaga-of-america-north-of-mexico/,Harpalinae,Lebiini,Philorhizus,
beetle,ITIS_2012dl_carabid,Animalia,,,Arthropoda,,Insecta,,Coleoptera,Carabidae,ground beetles,http://www.mendeley.com/c/5670257554/g/2058663/bousquet-2012-catalogue-of-geadephaga-coleoptera-adephaga-of-america-north-of-mexico/,Harpalinae,Lebiini,Phloeoxena,
beetle,ITIS_2012dl_carabid,Animalia,,,Arthropoda,,Insecta,,Coleoptera,Carabidae,ground beetles,http://www.mendeley.com/c/5670257554/g/2058663/bousquet-2012-catalogue-of-geadephaga-coleoptera-adephaga-of-america-north-of-mexico/,Trechinae,Bembidiini,Phrypeus,
beetle,ITIS_2012dl_carabid,Animalia,,,Arthropoda,,Insecta,,Coleoptera,Carabidae,ground beetles,http://www.mendeley.com/c/5670257554/g/2058663/bousquet-2012-catalogue-of-geadephaga-coleoptera-adephaga-of-america-north-of-mexico/,Paussinae,Ozaenini,Physea,
beetle,ITIS_2012dl_carabid,Animalia,,,Arthropoda,,Insecta,,Coleoptera,Carabidae,ground beetles,http://www.mendeley.com/c/5670257554/g/2058663/bousquet-2012-catalogue-of-geadephaga-coleoptera-adephaga-of-america-north-of-mexico/,Harpalinae,Pterostichini,Piesmus,
beetle,ITIS_2012dl_carabid,Animalia,,,Arthropoda,,Insecta,,Coleoptera,Carabidae,ground beetles,http://www.mendeley.com/c/5670257554/g/2058663/bousquet-2012-catalogue-of-geadephaga-coleoptera-adephaga-of-america-north-of-mexico/,Harpalinae,Harpalini,Piosoma,
beetle,ITIS_2012dl_carabid,Animalia,,,Arthropoda,,Insecta,,Coleoptera,Carabidae,ground beetles,http://www.mendeley.com/c/5670257554/g/2058663/bousquet-2012-catalogue-of-geadephaga-coleoptera-adephaga-of-america-north-of-mexico/,Patrobinae,Patrobini,Platidiolus,
beetle,ITIS_2012dl_carabid,Animalia,,,Arthropoda,,Insecta,,Coleoptera,Carabidae,ground beetles,http://www.mendeley.com/c/5670257554/g/2058663/bousquet-2012-catalogue-of-geadephaga-coleoptera-adephaga-of-america-north-of-mexico/,Harpalinae,Platynini,Platynus,
beetle,ITIS_2012dl_carabid,Animalia,,,Arthropoda,,Insecta,,Coleoptera,Carabidae,ground beetles,http://www.mendeley.com/c/5670257554/g/2058663/bousquet-2012-catalogue-of-geadephaga-coleoptera-adephaga-of-america-north-of-mexico/,Patrobinae,Patrobini,Platypatrobus,
beetle,ITIS_2012dl_carabid,Animalia,,,Arthropoda,,Insecta,,Coleoptera,Carabidae,ground beetles,http://www.mendeley.com/c/5670257554/g/2058663/bousquet-2012-catalogue-of-geadephaga-coleoptera-adephaga-of-america-north-of-mexico/,Harpalinae,Lebiini,Plochionus,
beetle,ITIS_2012dl_carabid,Animalia,,,Arthropoda,,Insecta,,Coleoptera,Carabidae,ground beetles,http://www.mendeley.com/c/5670257554/g/2058663/bousquet-2012-catalogue-of-geadephaga-coleoptera-adephaga-of-america-north-of-mexico/,Harpalinae,Pterostichini,Poecilus,
beetle,ITIS_2012dl_carabid,Animalia,,,Arthropoda,,Insecta,,Coleoptera,Carabidae,ground beetles,http://www.mendeley.com/c/5670257554/g/2058663/bousquet-2012-catalogue-of-geadephaga-coleoptera-adephaga-of-america-north-of-mexico/,Harpalinae,Harpalini,Pogonodaptus,
beetle,ITIS_2012dl_carabid,Animalia,,,Arthropoda,,Insecta,,Coleoptera,Carabidae,ground beetles,http://www.mendeley.com/c/5670257554/g/2058663/bousquet-2012-catalogue-of-geadephaga-coleoptera-adephaga-of-america-north-of-mexico/,Trechinae,Pogonini,Pogonus,
beetle,ITIS_2012dl_carabid,Animalia,,,Arthropoda,,Insecta,,Coleoptera,Carabidae,ground beetles,http://www.mendeley.com/c/5670257554/g/2058663/bousquet-2012-catalogue-of-geadephaga-coleoptera-adephaga-of-america-north-of-mexico/,Harpalinae,Harpalini,Polpochila,
beetle,ITIS_2012dl_carabid,Animalia,,,Arthropoda,,Insecta,,Coleoptera,Carabidae,ground beetles,http://www.mendeley.com/c/5670257554/g/2058663/bousquet-2012-catalogue-of-geadephaga-coleoptera-adephaga-of-america-north-of-mexico/,Trechinae,Bembidiini,Polyderis,
beetle,ITIS_2012dl_carabid,Animalia,,,Arthropoda,,Insecta,,Coleoptera,Carabidae,ground beetles,http://www.mendeley.com/c/5670257554/g/2058663/bousquet-2012-catalogue-of-geadephaga-coleoptera-adephaga-of-america-north-of-mexico/,Trechinae,Bembidiini,Porotachys,
beetle,ITIS_2012dl_carabid,Animalia,,,Arthropoda,,Insecta,,Coleoptera,Carabidae,ground beetles,http://www.mendeley.com/c/5670257554/g/2058663/bousquet-2012-catalogue-of-geadephaga-coleoptera-adephaga-of-america-north-of-mexico/,Scaritinae,Promecognathini,Promecognathus,
beetle,ITIS_2012dl_carabid,Animalia,,,Arthropoda,,Insecta,,Coleoptera,Carabidae,ground beetles,http://www.mendeley.com/c/5670257554/g/2058663/bousquet-2012-catalogue-of-geadephaga-coleoptera-adephaga-of-america-north-of-mexico/,Harpalinae,Sphodrini,Pseudamara,
beetle,ITIS_2012dl_carabid,Animalia,,,Arthropoda,,Insecta,,Coleoptera,Carabidae,ground beetles,http://www.mendeley.com/c/5670257554/g/2058663/bousquet-2012-catalogue-of-geadephaga-coleoptera-adephaga-of-america-north-of-mexico/,Trechinae,Trechini,Pseudanophthalmus,
beetle,ITIS_2012dl_carabid,Animalia,,,Arthropoda,,Insecta,,Coleoptera,Carabidae,ground beetles,http://www.mendeley.com/c/5670257554/g/2058663/bousquet-2012-catalogue-of-geadephaga-coleoptera-adephaga-of-america-north-of-mexico/,Harpalinae,Zuphiini,Pseudaptinus,
beetle,ITIS_2012dl_carabid,Animalia,,,Arthropoda,,Insecta,,Coleoptera,Carabidae,ground beetles,http://www.mendeley.com/c/5670257554/g/2058663/bousquet-2012-catalogue-of-geadephaga-coleoptera-adephaga-of-america-north-of-mexico/,Harpalinae,Pseudomorphini,Pseudomorpha,
beetle,ITIS_2012dl_carabid,Animalia,,,Arthropoda,,Insecta,,Coleoptera,Carabidae,ground beetles,http://www.mendeley.com/c/5670257554/g/2058663/bousquet-2012-catalogue-of-geadephaga-coleoptera-adephaga-of-america-north-of-mexico/,Psydrinae,Psydrini,Psydrus,
beetle,ITIS_2012dl_carabid,Animalia,,,Arthropoda,,Insecta,,Coleoptera,Carabidae,ground beetles,http://www.mendeley.com/c/5670257554/g/2058663/bousquet-2012-catalogue-of-geadephaga-coleoptera-adephaga-of-america-north-of-mexico/,Harpalinae,Pterostichini,Pterostichus,
beetle,ITIS_2012dl_carabid,Animalia,,,Arthropoda,,Insecta,,Coleoptera,Carabidae,ground beetles,http://www.mendeley.com/c/5670257554/g/2058663/bousquet-2012-catalogue-of-geadephaga-coleoptera-adephaga-of-america-north-of-mexico/,Harpalinae,Platynini,Rhadine,
beetle,ITIS_2012dl_carabid,Animalia,,,Arthropoda,,Insecta,,Coleoptera,Carabidae,ground beetles,http://www.mendeley.com/c/5670257554/g/2058663/bousquet-2012-catalogue-of-geadephaga-coleoptera-adephaga-of-america-north-of-mexico/,Carabinae,Cychrini,Scaphinotus,
beetle,ITIS_2012dl_carabid,Animalia,,,Arthropoda,,Insecta,,Coleoptera,Carabidae,ground beetles,http://www.mendeley.com/c/5670257554/g/2058663/bousquet-2012-catalogue-of-geadephaga-coleoptera-adephaga-of-america-north-of-mexico/,Scaritinae,Scaritini,Scarites,
beetle,ITIS_2012dl_carabid,Animalia,,,Arthropoda,,Insecta,,Coleoptera,Carabidae,ground beetles,http://www.mendeley.com/c/5670257554/g/2058663/bousquet-2012-catalogue-of-geadephaga-coleoptera-adephaga-of-america-north-of-mexico/,Scaritinae,Clivinini,Schizogenius,
beetle,ITIS_2012dl_carabid,Animalia,,,Arthropoda,,Insecta,,Coleoptera,Carabidae,ground beetles,http://www.mendeley.com/c/5670257554/g/2058663/bousquet-2012-catalogue-of-geadephaga-coleoptera-adephaga-of-america-north-of-mexico/,Harpalinae,Harpalini,Selenophorus,
beetle,ITIS_2012dl_carabid,Animalia,,,Arthropoda,,Insecta,,Coleoptera,Carabidae,ground beetles,http://www.mendeley.com/c/5670257554/g/2058663/bousquet-2012-catalogue-of-geadephaga-coleoptera-adephaga-of-america-north-of-mexico/,Scaritinae,Clivinini,Semiardistomis,
beetle,ITIS_2012dl_carabid,Animalia,,,Arthropoda,,Insecta,,Coleoptera,Carabidae,ground beetles,http://www.mendeley.com/c/5670257554/g/2058663/bousquet-2012-catalogue-of-geadephaga-coleoptera-adephaga-of-america-north-of-mexico/,Harpalinae,Platynini,Sericoda,
beetle,ITIS_2012dl_carabid,Animalia,,,Arthropoda,,Insecta,,Coleoptera,Carabidae,ground beetles,http://www.mendeley.com/c/5670257554/g/2058663/bousquet-2012-catalogue-of-geadephaga-coleoptera-adephaga-of-america-north-of-mexico/,Trechinae,Bembidiini,Serranillus,
beetle,ITIS_2012dl_carabid,Animalia,,,Arthropoda,,Insecta,,Coleoptera,Carabidae,ground beetles,http://www.mendeley.com/c/5670257554/g/2058663/bousquet-2012-catalogue-of-geadephaga-coleoptera-adephaga-of-america-north-of-mexico/,Harpalinae,Lebiini,Somotrichus,
beetle,ITIS_2012dl_carabid,Animalia,,,Arthropoda,,Insecta,,Coleoptera,Carabidae,ground beetles,http://www.mendeley.com/c/5670257554/g/2058663/bousquet-2012-catalogue-of-geadephaga-coleoptera-adephaga-of-america-north-of-mexico/,Carabinae,Cychrini,Sphaeroderus,
beetle,ITIS_2012dl_carabid,Animalia,,,Arthropoda,,Insecta,,Coleoptera,Carabidae,ground beetles,http://www.mendeley.com/c/5670257554/g/2058663/bousquet-2012-catalogue-of-geadephaga-coleoptera-adephaga-of-america-north-of-mexico/,Harpalinae,Oodini,Stenocrepis,
beetle,ITIS_2012dl_carabid,Animalia,,,Arthropoda,,Insecta,,Coleoptera,Carabidae,ground beetles,http://www.mendeley.com/c/5670257554/g/2058663/bousquet-2012-catalogue-of-geadephaga-coleoptera-adephaga-of-america-north-of-mexico/,Harpalinae,Harpalini,Stenolophus,
beetle,ITIS_2012dl_carabid,Animalia,,,Arthropoda,,Insecta,,Coleoptera,Carabidae,ground beetles,http://www.mendeley.com/c/5670257554/g/2058663/bousquet-2012-catalogue-of-geadephaga-coleoptera-adephaga-of-america-north-of-mexico/,Harpalinae,Harpalini,Stenomorphus,
beetle,ITIS_2012dl_carabid,Animalia,,,Arthropoda,,Insecta,,Coleoptera,Carabidae,ground beetles,http://www.mendeley.com/c/5670257554/g/2058663/bousquet-2012-catalogue-of-geadephaga-coleoptera-adephaga-of-america-north-of-mexico/,Harpalinae,Pterostichini,Stereocerus,
beetle,ITIS_2012dl_carabid,Animalia,,,Arthropoda,,Insecta,,Coleoptera,Carabidae,ground beetles,http://www.mendeley.com/c/5670257554/g/2058663/bousquet-2012-catalogue-of-geadephaga-coleoptera-adephaga-of-america-north-of-mexico/,Harpalinae,Abacetini,Stolonis,
beetle,ITIS_2012dl_carabid,Animalia,,,Arthropoda,,Insecta,,Coleoptera,Carabidae,ground beetles,http://www.mendeley.com/c/5670257554/g/2058663/bousquet-2012-catalogue-of-geadephaga-coleoptera-adephaga-of-america-north-of-mexico/,Harpalinae,Pterostichini,Stomis,
beetle,ITIS_2012dl_carabid,Animalia,,,Arthropoda,,Insecta,,Coleoptera,Carabidae,ground beetles,http://www.mendeley.com/c/5670257554/g/2058663/bousquet-2012-catalogue-of-geadephaga-coleoptera-adephaga-of-america-north-of-mexico/,Harpalinae,Lebiini,Syntomus,
beetle,ITIS_2012dl_carabid,Animalia,,,Arthropoda,,Insecta,,Coleoptera,Carabidae,ground beetles,http://www.mendeley.com/c/5670257554/g/2058663/bousquet-2012-catalogue-of-geadephaga-coleoptera-adephaga-of-america-north-of-mexico/,Harpalinae,Sphodrini,Synuchus,
beetle,ITIS_2012dl_carabid,Animalia,,,Arthropoda,,Insecta,,Coleoptera,Carabidae,ground beetles,http://www.mendeley.com/c/5670257554/g/2058663/bousquet-2012-catalogue-of-geadephaga-coleoptera-adephaga-of-america-north-of-mexico/,Trechinae,Bembidiini,Tachys,
beetle,ITIS_2012dl_carabid,Animalia,,,Arthropoda,,Insecta,,Coleoptera,Carabidae,ground beetles,http://www.mendeley.com/c/5670257554/g/2058663/bousquet-2012-catalogue-of-geadephaga-coleoptera-adephaga-of-america-north-of-mexico/,Trechinae,Bembidiini,Tachyta,
beetle,ITIS_2012dl_carabid,Animalia,,,Arthropoda,,Insecta,,Coleoptera,Carabidae,ground beetles,http://www.mendeley.com/c/5670257554/g/2058663/bousquet-2012-catalogue-of-geadephaga-coleoptera-adephaga-of-america-north-of-mexico/,Harpalinae,Platynini,Tanystoma,
beetle,ITIS_2012dl_carabid,Animalia,,,Arthropoda,,Insecta,,Coleoptera,Carabidae,ground beetles,http://www.mendeley.com/c/5670257554/g/2058663/bousquet-2012-catalogue-of-geadephaga-coleoptera-adephaga-of-america-north-of-mexico/,Harpalinae,Lebiini,Technophilus,
beetle,ITIS_2012dl_carabid,Animalia,,,Arthropoda,,Insecta,,Coleoptera,Carabidae,ground beetles,http://www.mendeley.com/c/5670257554/g/2058663/bousquet-2012-catalogue-of-geadephaga-coleoptera-adephaga-of-america-north-of-mexico/,Cicindelinae,Megacephalini,Tetracha,
beetle,ITIS_2012dl_carabid,Animalia,,,Arthropoda,,Insecta,,Coleoptera,Carabidae,ground beetles,http://www.mendeley.com/c/5670257554/g/2058663/bousquet-2012-catalogue-of-geadephaga-coleoptera-adephaga-of-america-north-of-mexico/,Harpalinae,Cyclosomini,Tetragonoderus,
beetle,ITIS_2012dl_carabid,Animalia,,,Arthropoda,,Insecta,,Coleoptera,Carabidae,ground beetles,http://www.mendeley.com/c/5670257554/g/2058663/bousquet-2012-catalogue-of-geadephaga-coleoptera-adephaga-of-america-north-of-mexico/,Harpalinae,Platynini,Tetraleucus,
beetle,ITIS_2012dl_carabid,Animalia,,,Arthropoda,,Insecta,,Coleoptera,Carabidae,ground beetles,http://www.mendeley.com/c/5670257554/g/2058663/bousquet-2012-catalogue-of-geadephaga-coleoptera-adephaga-of-america-north-of-mexico/,Trechinae,Pogonini,Thalassotrechus,
beetle,ITIS_2012dl_carabid,Animalia,,,Arthropoda,,Insecta,,Coleoptera,Carabidae,ground beetles,http://www.mendeley.com/c/5670257554/g/2058663/bousquet-2012-catalogue-of-geadephaga-coleoptera-adephaga-of-america-north-of-mexico/,Trechinae,Trechini,Trechoblemus,
beetle,ITIS_2012dl_carabid,Animalia,,,Arthropoda,,Insecta,,Coleoptera,Carabidae,ground beetles,http://www.mendeley.com/c/5670257554/g/2058663/bousquet-2012-catalogue-of-geadephaga-coleoptera-adephaga-of-america-north-of-mexico/,Trechinae,Trechini,Trechus,
beetle,ITIS_2012dl_carabid,Animalia,,,Arthropoda,,Insecta,,Coleoptera,Carabidae,ground beetles,http://www.mendeley.com/c/5670257554/g/2058663/bousquet-2012-catalogue-of-geadephaga-coleoptera-adephaga-of-america-north-of-mexico/,Harpalinae,Harpalini,Trichotichnus,
beetle,ITIS_2012dl_carabid,Animalia,,,Arthropoda,,Insecta,,Coleoptera,Carabidae,ground beetles,http://www.mendeley.com/c/5670257554/g/2058663/bousquet-2012-catalogue-of-geadephaga-coleoptera-adephaga-of-america-north-of-mexico/,Trechinae,Trechini,Xenotrechus,
beetle,ITIS_2012dl_carabid,Animalia,,,Arthropoda,,Insecta,,Coleoptera,Carabidae,ground beetles,http://www.mendeley.com/c/5670257554/g/2058663/bousquet-2012-catalogue-of-geadephaga-coleoptera-adephaga-of-america-north-of-mexico/,Harpalinae,Harpalini,Xestonotus,
beetle,ITIS_2012dl_carabid,Animalia,,,Arthropoda,,Insecta,,Coleoptera,Carabidae,ground beetles,http://www.mendeley.com/c/5670257554/g/2058663/bousquet-2012-catalogue-of-geadephaga-coleoptera-adephaga-of-america-north-of-mexico/,Broscinae,Broscini,Zacotus,
beetle,ITIS_2012dl_carabid,Animalia,,,Arthropoda,,Insecta,,Coleoptera,Carabidae,ground beetles,http://www.mendeley.com/c/5670257554/g/2058663/bousquet-2012-catalogue-of-geadephaga-coleoptera-adephaga-of-america-north-of-mexico/,Harpalinae,Zuphiini,Zuphium,
beetle,ITIS_2012dl_carabid,Animalia,,,Arthropoda,,Insecta,,Coleoptera,Carabidae,ground beetles,http://www.mendeley.com/c/5670257554/g/2058663/bousquet-2012-catalogue-of-geadephaga-coleoptera-adephaga-of-america-north-of-mexico/,Harpalinae,Masoreini,Anaulacus,
beetle,ITIS_2012dl_carabid,Animalia,,,Arthropoda,,Insecta,,Coleoptera,Carabidae,ground beetles,http://www.mendeley.com/research/systematic-list-of-ground-beetles,Anthiinae,Anthiini,Anthia,
beetle,ITIS_2012dl_carabid,Animalia,,,Arthropoda,,Insecta,,Coleoptera,Carabidae,ground beetles,http://www.mendeley.com/research/systematic-list-of-ground-beetles,Scaritinae,Scaritini,Antilliscaris,
beetle,ITIS_2012dl_carabid,Animalia,,,Arthropoda,,Insecta,,Coleoptera,Carabidae,ground beetles,http://www.mendeley.com/research/systematic-list-of-ground-beetles,Pterostichinae,Cratocerini,Barylaus,
beetle,ITIS_2012dl_carabid,Animalia,,,Arthropoda,,Insecta,,Coleoptera,Carabidae,ground beetles,http://www.mendeley.com/research/systematic-list-of-ground-beetles,Platyninae,Platynini,Blackburnia,
beetle,ITIS_2012dl_carabid,Animalia,,,Arthropoda,,Insecta,,Coleoptera,Carabidae,ground beetles,http://www.mendeley.com/research/systematic-list-of-ground-beetles,Carabinae,Carabini,Callisthenes,"Bousquet 2012 treats as subgenus of Calosoma, but subfamily/tribe is the same"
beetle,ITIS_2012dl_carabid,Animalia,,,Arthropoda,,Insecta,,Coleoptera,Carabidae,ground beetles,http://www.mendeley.com/research/systematic-list-of-ground-beetles,Carabinae,Carabini,Calopachys,
beetle,ITIS_2012dl_carabid,Animalia,,,Arthropoda,,Insecta,,Coleoptera,Carabidae,ground beetles,http://www.mendeley.com/research/systematic-list-of-ground-beetles,Broscinae,Broscini,Craspedonotus,
beetle,ITIS_2012dl_carabid,Animalia,,,Arthropoda,,Insecta,,Coleoptera,Carabidae,ground beetles,http://www.mendeley.com/research/systematic-list-of-ground-beetles,Dryptinae,Dryptini,Drypta,
beetle,ITIS_2012dl_carabid,Animalia,,,Arthropoda,,Insecta,,Coleoptera,Carabidae,ground beetles,http://www.mendeley.com/research/systematic-list-of-ground-beetles,Lebiinae,Lebiini,Endynomena,
beetle,ITIS_2012dl_carabid,Animalia,,,Arthropoda,,Insecta,,Coleoptera,Carabidae,ground beetles,http://www.mendeley.com/research/systematic-list-of-ground-beetles,Harpalinae,Anisodactylini,Gnathaphanus,Leibherr 2009 has this introduced genus in Harpalini
beetle,ITIS_2012dl_carabid,Animalia,,,Arthropoda,,Insecta,,Coleoptera,Carabidae,ground beetles,http://www.mendeley.com/research/systematic-list-of-ground-beetles,Trechinae,Bembidiini,Lymnastis,
beetle,ITIS_2012dl_carabid,Animalia,,,Arthropoda,,Insecta,,Coleoptera,Carabidae,ground beetles,http://www.mendeley.com/c/5670416844/g/2058663/liebherr-2011-the-mecyclothorax-beetles-coleoptera-carabidae-moriomorphini-of-west-maui-hawaii-taxonomy-biogeography-and-conservation/,Moriomorphinae,Moriomorphini,Mecyclothorax,Bousquet 2012 
beetle,ITIS_2012dl_carabid,Animalia,,,Arthropoda,,Insecta,,Coleoptera,Carabidae,ground beetles,http://www.mendeley.com/c/5670257554/g/2058663/bousquet-2012-catalogue-of-geadephaga-coleoptera-adephaga-of-america-north-of-mexico/,Cicindelinae,Megacephalini,Megacephala,Bousquet 2012 raises subgenus Tetracha to the genus level and places it in Megacephalini
beetle,ITIS_2012dl_carabid,Animalia,,,Arthropoda,,Insecta,,Coleoptera,Carabidae,ground beetles,http://www.mendeley.com/research/systematic-list-of-ground-beetles,Trechinae,Trechini,Perileptus,
beetle,ITIS_2012dl_carabid,Animalia,,,Arthropoda,,Insecta,,Coleoptera,Carabidae,ground beetles,http://www.mendeley.com/c/5670257554/g/2058663/bousquet-2012-catalogue-of-geadephaga-coleoptera-adephaga-of-america-north-of-mexico/,Lebiinae,Lebiini,Tecnophilus,
beetle,ITIS_2012dl_carabid,Animalia,,,Arthropoda,,Insecta,,Coleoptera,Carabidae,ground beetles,http://www.mendeley.com/research/systematic-list-of-ground-beetles,Panagaeinae,Panagaeini,Tefflus,
beetle,ITIS_2012dl_carabid,Animalia,,,Arthropoda,,Insecta,,Coleoptera,Carabidae,ground beetles,http://www.mendeley.com/research/systematic-list-of-ground-beetles,Trechinae,Bembidiini,Typhlonesiotes,
beetle,ITIS_2012dl_carabid,Animalia,,,Arthropoda,,Insecta,,Coleoptera,Carabidae,ground beetles,http://www.mendeley.com/research/systematic-list-of-ground-beetles,Scaritinae,Scaritini,Typhloscaris,
