"taxonID","acceptedTaxonID","startUseDate","endUseDate","kingdom","phylum","class","order","family","subfamily","tribe","genus","subgenus","speciesGroup","specificEpithet","infraspecificEpithet","scientificName","scientificNameAuthorship","taxonRank","vernacularName","nameAccordingTo","nameAccordingtoID","taxonomicStatus","protocolCategory"
"AMHA","AMHA",2012-05-01,"","Animalia","Chordata","Mammalia","Rodentia","Sciuridae","Xerinae","Marmotini","Ammospermophilus","","","harrisii","","Ammospermophilus harrisii","Audubon and Bachman","species","Harriss Antelope Squirrel","Don E. Wilson & DeeAnn M. Reeder (editors). 2005. Mammal Species of the World. A Taxonomic and Geographic Reference (3rd ed), Johns Hopkins University Press, 2,142 pp.","Wilson&Reeder2005","accepted","opportunistic"
"AMIN","AMIN",2012-05-01,"","Animalia","Chordata","Mammalia","Rodentia","Sciuridae","Xerinae","Marmotini","Ammospermophilus","","","interpres","","Ammospermophilus interpres","Merriam","species","Texas Antelope Squirrel","Don E. Wilson & DeeAnn M. Reeder (editors). 2005. Mammal Species of the World. A Taxonomic and Geographic Reference (3rd ed), Johns Hopkins University Press, 2,142 pp.","Wilson&Reeder2005","accepted","opportunistic"
"AMLE","AMLE",2012-05-01,"","Animalia","Chordata","Mammalia","Rodentia","Sciuridae","Xerinae","Marmotini","Ammospermophilus","","","leucurus","","Ammospermophilus leucurus","Merriam","species","Whitetailed Antelope Squirrel","Don E. Wilson & DeeAnn M. Reeder (editors). 2005. Mammal Species of the World. A Taxonomic and Geographic Reference (3rd ed), Johns Hopkins University Press, 2,142 pp.","Wilson&Reeder2005","accepted","opportunistic"
"AMSP","AMSP",2012-05-01,"","Animalia","Chordata","Mammalia","Rodentia","Sciuridae","Xerinae","Marmotini","Ammospermophilus",,"","sp.","","Ammospermophilus sp.",,"genus",,"Don E. Wilson & DeeAnn M. Reeder (editors). 2005. Mammal Species of the World. A Taxonomic and Geographic Reference (3rd ed), Johns Hopkins University Press, 2,142 pp.","Wilson&Reeder2005","accepted","opportunistic"
"BATA","BATA",2012-05-01,"","Animalia","Chordata","Mammalia","Rodentia","Cricetidae","Neotominae","","Baiomys","","","taylori","","Baiomys taylori","Thomas","species","Northern Pygmy Mouse","Don E. Wilson & DeeAnn M. Reeder (editors). 2005. Mammal Species of the World. A Taxonomic and Geographic Reference (3rd ed), Johns Hopkins University Press, 2,142 pp.","Wilson&Reeder2005","accepted","target"
"BLBR","BLBR",2012-05-01,"","Animalia","Chordata","Mammalia","Soricomorpha","Soricidae","Soricinae","Blarinini","Blarina","","","brevicauda","","Blarina brevicauda","Say","species","Northern Shorttailed Shrew","Don E. Wilson & DeeAnn M. Reeder (editors). 2005. Mammal Species of the World. A Taxonomic and Geographic Reference (3rd ed), Johns Hopkins University Press, 2,142 pp.","Wilson&Reeder2005","accepted","opportunistic"
"BLCA","BLCA",2012-05-01,"","Animalia","Chordata","Mammalia","Soricomorpha","Soricidae","Soricinae","Blarinini","Blarina","","","carolinensis","","Blarina carolinensis","Bachman","species","Southern Shorttailed Shrew","Don E. Wilson & DeeAnn M. Reeder (editors). 2005. Mammal Species of the World. A Taxonomic and Geographic Reference (3rd ed), Johns Hopkins University Press, 2,142 pp.","Wilson&Reeder2005","accepted","opportunistic"
"BLHY","BLHY",2012-05-01,"","Animalia","Chordata","Mammalia","Soricomorpha","Soricidae","Soricinae","Blarinini","Blarina","","","hylophaga","","Blarina hylophaga","Elliot","species","Elliots Shorttailed Shrew","Don E. Wilson & DeeAnn M. Reeder (editors). 2005. Mammal Species of the World. A Taxonomic and Geographic Reference (3rd ed), Johns Hopkins University Press, 2,142 pp.","Wilson&Reeder2005","accepted","opportunistic"
"BLSP","BLSP",2012-05-01,"","Animalia","Chordata","Mammalia","Soricomorpha","Soricidae","Soricinae","Blarinini","Blarina",,"","sp.","","Blarina sp.",,"genus",,"Don E. Wilson & DeeAnn M. Reeder (editors). 2005. Mammal Species of the World. A Taxonomic and Geographic Reference (3rd ed), Johns Hopkins University Press, 2,142 pp.","Wilson&Reeder2005","accepted","opportunistic"
"BRID","BRID",2012-05-01,"","Animalia","Chordata","Mammalia","Lagomorpha","Leporidae","","","Brachylagus","","","idahoensis","","Brachylagus idahoensis","Merriam","species","Pygmy Rabbit","Don E. Wilson & DeeAnn M. Reeder (editors). 2005. Mammal Species of the World. A Taxonomic and Geographic Reference (3rd ed), Johns Hopkins University Press, 2,142 pp.","Wilson&Reeder2005","accepted","non-target"
"CHBA","CHBA",2012-05-01,"","Animalia","Chordata","Mammalia","Rodentia","Heteromyidae","Perognathinae","","Chaetodipus","","","baileyi","","Chaetodipus baileyi","Merriam","species","Baileys Pocket Mouse","Don E. Wilson & DeeAnn M. Reeder (editors). 2005. Mammal Species of the World. A Taxonomic and Geographic Reference (3rd ed), Johns Hopkins University Press, 2,142 pp.","Wilson&Reeder2005","accepted","target"
"CHCA","CHCA",2012-05-01,"","Animalia","Chordata","Mammalia","Rodentia","Heteromyidae","Perognathinae","","Chaetodipus","","","californicus","","Chaetodipus californicus","Merriam","species","California Pocket Mouse","Don E. Wilson & DeeAnn M. Reeder (editors). 2005. Mammal Species of the World. A Taxonomic and Geographic Reference (3rd ed), Johns Hopkins University Press, 2,142 pp.","Wilson&Reeder2005","accepted","target"
"CHER","CHER",2012-05-01,"","Animalia","Chordata","Mammalia","Rodentia","Heteromyidae","Perognathinae","","Chaetodipus","","","eremicus","","Chaetodipus eremicus","Mearns","species","Chihuahuan Pocket Mouse","Don E. Wilson & DeeAnn M. Reeder (editors). 2005. Mammal Species of the World. A Taxonomic and Geographic Reference (3rd ed), Johns Hopkins University Press, 2,142 pp.","Wilson&Reeder2005","accepted","target"
"CHFO","CHFO",2012-05-01,"","Animalia","Chordata","Mammalia","Rodentia","Heteromyidae","Perognathinae","","Chaetodipus","","","formosus","","Chaetodipus formosus","Merriam","species","Longtailed Pocket Mouse","Don E. Wilson & DeeAnn M. Reeder (editors). 2005. Mammal Species of the World. A Taxonomic and Geographic Reference (3rd ed), Johns Hopkins University Press, 2,142 pp.","Wilson&Reeder2005","accepted","target"
"CHHI","CHHI",2012-05-01,"","Animalia","Chordata","Mammalia","Rodentia","Heteromyidae","Perognathinae","","Chaetodipus","","","hispidus","","Chaetodipus hispidus","Baird","species","Hispid Pocket Mouse","Don E. Wilson & DeeAnn M. Reeder (editors). 2005. Mammal Species of the World. A Taxonomic and Geographic Reference (3rd ed), Johns Hopkins University Press, 2,142 pp.","Wilson&Reeder2005","accepted","target"
"CHIN","CHIN",2012-05-01,"","Animalia","Chordata","Mammalia","Rodentia","Heteromyidae","Perognathinae","","Chaetodipus","","","intermedius","","Chaetodipus intermedius","Merriam","species","Rock Pocket Mouse","Don E. Wilson & DeeAnn M. Reeder (editors). 2005. Mammal Species of the World. A Taxonomic and Geographic Reference (3rd ed), Johns Hopkins University Press, 2,142 pp.","Wilson&Reeder2005","accepted","target"
"CHPE","CHPE",2012-05-01,"","Animalia","Chordata","Mammalia","Rodentia","Heteromyidae","Perognathinae","","Chaetodipus","","","penicillatus","","Chaetodipus penicillatus","Woodhouse","species","Desert Pocket Mouse","Don E. Wilson & DeeAnn M. Reeder (editors). 2005. Mammal Species of the World. A Taxonomic and Geographic Reference (3rd ed), Johns Hopkins University Press, 2,142 pp.","Wilson&Reeder2005","accepted","target"
"CHSP","CHSP",2012-05-01,"","Animalia","Chordata","Mammalia","Rodentia","Heteromyidae","Perognathinae","","Chaetodipus",,"","sp.","","Chaetodipus sp.",,"genus",,"Don E. Wilson & DeeAnn M. Reeder (editors). 2005. Mammal Species of the World. A Taxonomic and Geographic Reference (3rd ed), Johns Hopkins University Press, 2,142 pp.","Wilson&Reeder2005","accepted","target"
"COCR","COCR",2012-05-01,"","Animalia","Chordata","Mammalia","Soricomorpha","Talpidae","Scalopinae","Condylurini","Condylura","","","cristata","","Condylura cristata","Linnaeus","species","Starnosed Mole","Don E. Wilson & DeeAnn M. Reeder (editors). 2005. Mammal Species of the World. A Taxonomic and Geographic Reference (3rd ed), Johns Hopkins University Press, 2,142 pp.","Wilson&Reeder2005","accepted","non-target"
"CRPA","CRPA",2012-05-01,"","Animalia","Chordata","Mammalia","Soricomorpha","Soricidae","Soricinae","Blarinini","Cryptotis","","","parva","","Cryptotis parva","Say","species","North American Least Shrew","Don E. Wilson & DeeAnn M. Reeder (editors). 2005. Mammal Species of the World. A Taxonomic and Geographic Reference (3rd ed), Johns Hopkins University Press, 2,142 pp.","Wilson&Reeder2005","accepted","opportunistic"
"CYGU","CYGU",2012-05-01,"","Animalia","Chordata","Mammalia","Rodentia","Sciuridae","Xerinae","Marmotini","Cynomys","Leucocrossuromys","","gunnisoni","","Cynomys gunnisoni","Baird","species","Gunnisons Prairie Dog","Don E. Wilson & DeeAnn M. Reeder (editors). 2005. Mammal Species of the World. A Taxonomic and Geographic Reference (3rd ed), Johns Hopkins University Press, 2,142 pp.","Wilson&Reeder2005","accepted","non-target"
"CYLU","CYLU",2012-05-01,"","Animalia","Chordata","Mammalia","Rodentia","Sciuridae","Xerinae","Marmotini","Cynomys","Cynomys","","ludovicianus","","Cynomys ludovicianus","Ord","species","Blacktailed Prairie Dog","Don E. Wilson & DeeAnn M. Reeder (editors). 2005. Mammal Species of the World. A Taxonomic and Geographic Reference (3rd ed), Johns Hopkins University Press, 2,142 pp.","Wilson&Reeder2005","accepted","non-target"
"CYSP","CYSP",2012-05-01,"","Animalia","Chordata","Mammalia","Rodentia","Sciuridae","Xerinae","Marmotini","Cynomys",,"","sp.","","Cynomys sp.",,"genus",,"Don E. Wilson & DeeAnn M. Reeder (editors). 2005. Mammal Species of the World. A Taxonomic and Geographic Reference (3rd ed), Johns Hopkins University Press, 2,142 pp.","Wilson&Reeder2005","accepted","non-target"
"DIGR","DIGR",2012-05-01,"","Animalia","Chordata","Mammalia","Rodentia","Cricetidae","Arvicolinae","","Dicrostonyx","","","groenlandicus","","Dicrostonyx groenlandicus","Traill","species","Nearctic Collared Lemming","Don E. Wilson & DeeAnn M. Reeder (editors). 2005. Mammal Species of the World. A Taxonomic and Geographic Reference (3rd ed), Johns Hopkins University Press, 2,142 pp.","Wilson&Reeder2005","accepted","target"
"DIDE","DIDE",2012-05-01,"","Animalia","Chordata","Mammalia","Rodentia","Heteromyidae","Dipodomyinae","","Dipodomys","","","deserti","","Dipodomys deserti","Stephens","species","Desert Kangaroo Rat","Don E. Wilson & DeeAnn M. Reeder (editors). 2005. Mammal Species of the World. A Taxonomic and Geographic Reference (3rd ed), Johns Hopkins University Press, 2,142 pp.","Wilson&Reeder2005","accepted","target"
"DIHE","DIHE",2012-05-01,"","Animalia","Chordata","Mammalia","Rodentia","Heteromyidae","Dipodomyinae","","Dipodomys","","","heermanni","","Dipodomys heermanni","Le Conte","species","Heermanns Kangaroo Rat","Don E. Wilson & DeeAnn M. Reeder (editors). 2005. Mammal Species of the World. A Taxonomic and Geographic Reference (3rd ed), Johns Hopkins University Press, 2,142 pp.","Wilson&Reeder2005","accepted","target"
"DIME","DIME",2012-05-01,"","Animalia","Chordata","Mammalia","Rodentia","Heteromyidae","Dipodomyinae","","Dipodomys","","","merriami","","Dipodomys merriami","Mearns","species","Merriams Kangaroo Rat","Don E. Wilson & DeeAnn M. Reeder (editors). 2005. Mammal Species of the World. A Taxonomic and Geographic Reference (3rd ed), Johns Hopkins University Press, 2,142 pp.","Wilson&Reeder2005","accepted","target"
"DIMI","DIMI",2012-05-01,"","Animalia","Chordata","Mammalia","Rodentia","Heteromyidae","Dipodomyinae","","Dipodomys","","","microps","","Dipodomys microps","Merriam","species","Chiseltoothed Kangaroo Rat","Don E. Wilson & DeeAnn M. Reeder (editors). 2005. Mammal Species of the World. A Taxonomic and Geographic Reference (3rd ed), Johns Hopkins University Press, 2,142 pp.","Wilson&Reeder2005","accepted","target"
"DIOR","DIOR",2012-05-01,"","Animalia","Chordata","Mammalia","Rodentia","Heteromyidae","Dipodomyinae","","Dipodomys","","","ordii","","Dipodomys ordii","Woodhouse","species","Ords Kangaroo Rat","Don E. Wilson & DeeAnn M. Reeder (editors). 2005. Mammal Species of the World. A Taxonomic and Geographic Reference (3rd ed), Johns Hopkins University Press, 2,142 pp.","Wilson&Reeder2005","accepted","target"
"DPSP","DPSP",2012-05-01,"","Animalia","Chordata","Mammalia","Rodentia","Heteromyidae","Dipodomyinae","","Dipodomys",,"","sp.","","Dipodomys sp.",,"genus",,"Don E. Wilson & DeeAnn M. Reeder (editors). 2005. Mammal Species of the World. A Taxonomic and Geographic Reference (3rd ed), Johns Hopkins University Press, 2,142 pp.","Wilson&Reeder2005","accepted","target"
"DISP","DISP",2012-05-01,"","Animalia","Chordata","Mammalia","Rodentia","Heteromyidae","Dipodomyinae","","Dipodomys","","","spectabilis","","Dipodomys spectabilis","Merriam","species","Bannertailed Kangaroo Rat","Don E. Wilson & DeeAnn M. Reeder (editors). 2005. Mammal Species of the World. A Taxonomic and Geographic Reference (3rd ed), Johns Hopkins University Press, 2,142 pp.","Wilson&Reeder2005","accepted","target"
"GEAR","GEAR",2012-05-01,"","Animalia","Chordata","Mammalia","Rodentia","Geomyidae ","","","Geomys","","","arenarius","","Geomys arenarius","Merriam","species","Desert Pocket Gopher","Don E. Wilson & DeeAnn M. Reeder (editors). 2005. Mammal Species of the World. A Taxonomic and Geographic Reference (3rd ed), Johns Hopkins University Press, 2,142 pp.","Wilson&Reeder2005","accepted","non-target"
"GEBR","GEBR",2012-05-01,"","Animalia","Chordata","Mammalia","Rodentia","Geomyidae ","","","Geomys","","","breviceps","","Geomys breviceps","Baird","species","Bairds Pocket Gopher","Don E. Wilson & DeeAnn M. Reeder (editors). 2005. Mammal Species of the World. A Taxonomic and Geographic Reference (3rd ed), Johns Hopkins University Press, 2,142 pp.","Wilson&Reeder2005","accepted","non-target"
"GEBU","GEBU",2012-05-01,"","Animalia","Chordata","Mammalia","Rodentia","Geomyidae ","","","Geomys","","","bursarius","","Geomys bursarius","(Shaw)","species","Plains Pocket Gopher","Don E. Wilson & DeeAnn M. Reeder (editors). 2005. Mammal Species of the World. A Taxonomic and Geographic Reference (3rd ed), Johns Hopkins University Press, 2,142 pp.","Wilson&Reeder2005","accepted","non-target"
"GEPI","GEPI",2012-05-01,"","Animalia","Chordata","Mammalia","Rodentia","Geomyidae ","","","Geomys","","","pinetis","","Geomys pinetis","Rafinesque","species","Southeastern Pocket Gopher","Don E. Wilson & DeeAnn M. Reeder (editors). 2005. Mammal Species of the World. A Taxonomic and Geographic Reference (3rd ed), Johns Hopkins University Press, 2,142 pp.","Wilson&Reeder2005","accepted","non-target"
"GESP","GESP",2012-05-01,"","Animalia","Chordata","Mammalia","Rodentia","Geomyidae ","","","Geomys",,"","sp.","","Geomys sp.",,"genus",,"Don E. Wilson & DeeAnn M. Reeder (editors). 2005. Mammal Species of the World. A Taxonomic and Geographic Reference (3rd ed), Johns Hopkins University Press, 2,142 pp.","Wilson&Reeder2005","accepted","non-target"
"GLSA","GLSA",2012-05-01,"","Animalia","Chordata","Mammalia","Rodentia","Sciuridae","Sciurinae","Pteromyini","Glaucomys","","","sabrinus","","Glaucomys sabrinus","Shaw","species","Northern Flying Squirrel","Don E. Wilson & DeeAnn M. Reeder (editors). 2005. Mammal Species of the World. A Taxonomic and Geographic Reference (3rd ed), Johns Hopkins University Press, 2,142 pp.","Wilson&Reeder2005","accepted","non-target"
"GLSP","GLSP",2012-05-01,"","Animalia","Chordata","Mammalia","Rodentia","Sciuridae","Sciurinae","Pteromyini","Glaucomys",,"","sp.","","Glaucomys sp.",,"genus",,"Don E. Wilson & DeeAnn M. Reeder (editors). 2005. Mammal Species of the World. A Taxonomic and Geographic Reference (3rd ed), Johns Hopkins University Press, 2,142 pp.","Wilson&Reeder2005","accepted","non-target"
"GLVO","GLVO",2012-05-01,"","Animalia","Chordata","Mammalia","Rodentia","Sciuridae","Sciurinae","Pteromyini","Glaucomys","","","volans","","Glaucomys volans","Linnaeus","species","Southern Flying Squirrel","Don E. Wilson & DeeAnn M. Reeder (editors). 2005. Mammal Species of the World. A Taxonomic and Geographic Reference (3rd ed), Johns Hopkins University Press, 2,142 pp.","Wilson&Reeder2005","accepted","non-target"
"LECU","LECU",2012-05-01,"","Animalia","Chordata","Mammalia","Rodentia","Cricetidae","Arvicolinae","","Lemmiscus","","","curtatus","","Lemmiscus curtatus","Cope","species","Sagebrush Vole","Don E. Wilson & DeeAnn M. Reeder (editors). 2005. Mammal Species of the World. A Taxonomic and Geographic Reference (3rd ed), Johns Hopkins University Press, 2,142 pp.","Wilson&Reeder2005","accepted","target"
"LESI","LESI",2012-05-01,"","Animalia","Chordata","Mammalia","Rodentia","Cricetidae","Arvicolinae","","Lemmus","","","sibiricus","","Lemmus sibiricus","Kerr","species","Siberian Brown Lemming","Don E. Wilson & DeeAnn M. Reeder (editors). 2005. Mammal Species of the World. A Taxonomic and Geographic Reference (3rd ed), Johns Hopkins University Press, 2,142 pp.","Wilson&Reeder2005","accepted","target"
"LESP","LESP",2012-05-01,"","Animalia","Chordata","Mammalia","Rodentia","Cricetidae","Arvicolinae","","Lemmus",,"","sp.","","Lemmus sp.",,"genus",,"Don E. Wilson & DeeAnn M. Reeder (editors). 2005. Mammal Species of the World. A Taxonomic and Geographic Reference (3rd ed), Johns Hopkins University Press, 2,142 pp.","Wilson&Reeder2005","accepted","target"
"LETR","LETR",2012-05-01,"","Animalia","Chordata","Mammalia","Rodentia","Cricetidae","Arvicolinae","","Lemmus","","","trimucronatus","","Lemmus trimucronatus","Richardson","species","Nearctic Brown Lemming","Don E. Wilson & DeeAnn M. Reeder (editors). 2005. Mammal Species of the World. A Taxonomic and Geographic Reference (3rd ed), Johns Hopkins University Press, 2,142 pp.","Wilson&Reeder2005","accepted","target"
"LEAL","LEAL",2012-05-01,"","Animalia","Chordata","Mammalia","Lagomorpha","Leporidae","","","Lepus","Macrotolagus","","alleni","","Lepus alleni","Mearns","species","Antelope Jackrabbit","Don E. Wilson & DeeAnn M. Reeder (editors). 2005. Mammal Species of the World. A Taxonomic and Geographic Reference (3rd ed), Johns Hopkins University Press, 2,142 pp.","Wilson&Reeder2005","accepted","non-target"
"LEAM","LEAM",2012-05-01,"","Animalia","Chordata","Mammalia","Lagomorpha","Leporidae","","","Lepus","Poecilolagus","","americanus","","Lepus americanus","Erxleben","species","Snowshoe Hare","Don E. Wilson & DeeAnn M. Reeder (editors). 2005. Mammal Species of the World. A Taxonomic and Geographic Reference (3rd ed), Johns Hopkins University Press, 2,142 pp.","Wilson&Reeder2005","accepted","non-target"
"LECA","LECA",2012-05-01,"","Animalia","Chordata","Mammalia","Lagomorpha","Leporidae","","","Lepus","","","californicus","","Lepus californicus","Gray","species","Blacktailed Jackrabbit","Don E. Wilson & DeeAnn M. Reeder (editors). 2005. Mammal Species of the World. A Taxonomic and Geographic Reference (3rd ed), Johns Hopkins University Press, 2,142 pp.","Wilson&Reeder2005","accepted","non-target"
"LPSP","LPSP",2012-05-01,"","Animalia","Chordata","Mammalia","Lagomorpha","Leporidae","","","Lepus",,"","sp.","","Lepus sp.",,"genus",,"Don E. Wilson & DeeAnn M. Reeder (editors). 2005. Mammal Species of the World. A Taxonomic and Geographic Reference (3rd ed), Johns Hopkins University Press, 2,142 pp.","Wilson&Reeder2005","accepted","non-target"
"LETO","LETO",2012-05-01,"","Animalia","Chordata","Mammalia","Lagomorpha","Leporidae","","","Lepus","","","townsendii","","Lepus townsendii","Bachman","species","Whitetailed Jackrabbit","Don E. Wilson & DeeAnn M. Reeder (editors). 2005. Mammal Species of the World. A Taxonomic and Geographic Reference (3rd ed), Johns Hopkins University Press, 2,142 pp.","Wilson&Reeder2005","accepted","non-target"
"MIME","MIME",2012-05-01,"","Animalia","Chordata","Mammalia","Rodentia","Heteromyidae","Dipodomyinae","","Microdipodops","","","megacephalus","","Microdipodops megacephalus","Merriam","species","Dark Kangaroo Mouse","Don E. Wilson & DeeAnn M. Reeder (editors). 2005. Mammal Species of the World. A Taxonomic and Geographic Reference (3rd ed), Johns Hopkins University Press, 2,142 pp.","Wilson&Reeder2005","accepted","opportunistic"
"MICA","MICA",2012-05-01,"","Animalia","Chordata","Mammalia","Rodentia","Cricetidae","Arvicolinae","","Microtus","","","californicus","","Microtus californicus","Peale","species","California Vole","Don E. Wilson & DeeAnn M. Reeder (editors). 2005. Mammal Species of the World. A Taxonomic and Geographic Reference (3rd ed), Johns Hopkins University Press, 2,142 pp.","Wilson&Reeder2005","accepted","target"
"MICC","MICC",2012-05-01,"","Animalia","Chordata","Mammalia","Rodentia","Cricetidae","Arvicolinae","","Microtus","Mynomes","","canicaudus","","Microtus canicaudus","Miller","species","Graytailed Vole","Don E. Wilson & DeeAnn M. Reeder (editors). 2005. Mammal Species of the World. A Taxonomic and Geographic Reference (3rd ed), Johns Hopkins University Press, 2,142 pp.","Wilson&Reeder2005","accepted","target"
"MICH","MICH",2012-05-01,"","Animalia","Chordata","Mammalia","Rodentia","Cricetidae","Arvicolinae","","Microtus","","","chrotorrhinus","","Microtus chrotorrhinus","Miller","species","Rock Vole","Don E. Wilson & DeeAnn M. Reeder (editors). 2005. Mammal Species of the World. A Taxonomic and Geographic Reference (3rd ed), Johns Hopkins University Press, 2,142 pp.","Wilson&Reeder2005","accepted","target"
"MILO","MILO",2012-05-01,"","Animalia","Chordata","Mammalia","Rodentia","Cricetidae","Arvicolinae","","Microtus","","","longicaudus","","Microtus longicaudus","Merriam","species","Longtailed Vole","Don E. Wilson & DeeAnn M. Reeder (editors). 2005. Mammal Species of the World. A Taxonomic and Geographic Reference (3rd ed), Johns Hopkins University Press, 2,142 pp.","Wilson&Reeder2005","accepted","target"
"MIMI","MIMI",2012-05-01,"","Animalia","Chordata","Mammalia","Rodentia","Cricetidae","Arvicolinae","","Microtus","","","miurus","","Microtus miurus","Osgood","species","Singing Vole","Don E. Wilson & DeeAnn M. Reeder (editors). 2005. Mammal Species of the World. A Taxonomic and Geographic Reference (3rd ed), Johns Hopkins University Press, 2,142 pp.","Wilson&Reeder2005","accepted","target"
"MIMG","MIMG",2012-05-01,"","Animalia","Chordata","Mammalia",,,,,"Microtus",,"","mogollonensis","","Microtus mogollonensis",,"species",,"Don E. Wilson & DeeAnn M. Reeder (editors). 2005. Mammal Species of the World. A Taxonomic and Geographic Reference (3rd ed), Johns Hopkins University Press, 2,142 pp.","Wilson&Reeder2005","accepted","target"
"MIMO","MIMO",2012-05-01,"","Animalia","Chordata","Mammalia","Rodentia","Cricetidae","Arvicolinae","","Microtus","Mynomes","","montanus","","Microtus montanus","Peale","species","Montane Vole","Don E. Wilson & DeeAnn M. Reeder (editors). 2005. Mammal Species of the World. A Taxonomic and Geographic Reference (3rd ed), Johns Hopkins University Press, 2,142 pp.","Wilson&Reeder2005","accepted","target"
"MIOC","MIOC",2012-05-01,"","Animalia","Chordata","Mammalia","Rodentia","Cricetidae","Arvicolinae","","Microtus","Pedomys","","ochrogaster","","Microtus ochrogaster","Wagner","species","Prairie Vole","Don E. Wilson & DeeAnn M. Reeder (editors). 2005. Mammal Species of the World. A Taxonomic and Geographic Reference (3rd ed), Johns Hopkins University Press, 2,142 pp.","Wilson&Reeder2005","accepted","target"
"MIOE","MIOE",2012-05-01,"","Animalia","Chordata","Mammalia","Rodentia","Cricetidae","Arvicolinae","","Microtus","Alexandromys","","oeconomus","","Microtus oeconomus","Pallas","species","Root Vole","Don E. Wilson & DeeAnn M. Reeder (editors). 2005. Mammal Species of the World. A Taxonomic and Geographic Reference (3rd ed), Johns Hopkins University Press, 2,142 pp.","Wilson&Reeder2005","accepted","target"
"MIOR","MIOR",2012-05-01,"","Animalia","Chordata","Mammalia","Rodentia","Cricetidae","Arvicolinae","","Microtus","Mynomes","","oregoni","","Microtus oregoni","Bachman","species","Creeping Vole","Don E. Wilson & DeeAnn M. Reeder (editors). 2005. Mammal Species of the World. A Taxonomic and Geographic Reference (3rd ed), Johns Hopkins University Press, 2,142 pp.","Wilson&Reeder2005","accepted","target"
"MIPE","MIPE",2012-05-01,"","Animalia","Chordata","Mammalia","Rodentia","Cricetidae","Arvicolinae","","Microtus","Mynomes","","pennsylvanicus","","Microtus pennsylvanicus","Ord","species","Meadow Vole","Don E. Wilson & DeeAnn M. Reeder (editors). 2005. Mammal Species of the World. A Taxonomic and Geographic Reference (3rd ed), Johns Hopkins University Press, 2,142 pp.","Wilson&Reeder2005","accepted","target"
"MIPI","MIPI",2012-05-01,"","Animalia","Chordata","Mammalia","Rodentia","Cricetidae","Arvicolinae","","Microtus","Pitymys","","pinetorum","","Microtus pinetorum","Le Conte","species","Woodland Vole","Don E. Wilson & DeeAnn M. Reeder (editors). 2005. Mammal Species of the World. A Taxonomic and Geographic Reference (3rd ed), Johns Hopkins University Press, 2,142 pp.","Wilson&Reeder2005","accepted","target"
"MIRI","MIRI",2012-05-01,"","Animalia","Chordata","Mammalia","Rodentia","Cricetidae","Arvicolinae","","Microtus","","","richardsoni","","Microtus richardsoni","DeKay","species","North American Water Vole","Don E. Wilson & DeeAnn M. Reeder (editors). 2005. Mammal Species of the World. A Taxonomic and Geographic Reference (3rd ed), Johns Hopkins University Press, 2,142 pp.","Wilson&Reeder2005","accepted","target"
"MISP","MISP",2012-05-01,"","Animalia","Chordata","Mammalia","Rodentia","Cricetidae","Arvicolinae","","Microtus",,"","sp.","","Microtus sp.",,"genus",,"Don E. Wilson & DeeAnn M. Reeder (editors). 2005. Mammal Species of the World. A Taxonomic and Geographic Reference (3rd ed), Johns Hopkins University Press, 2,142 pp.","Wilson&Reeder2005","accepted","target"
"MITO","MITO",2012-05-01,"","Animalia","Chordata","Mammalia","Rodentia","Cricetidae","Arvicolinae","","Microtus","Mynomes","","townsendii","","Microtus townsendii","Bachman","species","Townsends Vole","Don E. Wilson & DeeAnn M. Reeder (editors). 2005. Mammal Species of the World. A Taxonomic and Geographic Reference (3rd ed), Johns Hopkins University Press, 2,142 pp.","Wilson&Reeder2005","accepted","target"
"MIXA","MIXA",2012-05-01,"","Animalia","Chordata","Mammalia","Rodentia","Cricetidae","Arvicolinae","","Microtus","","","xanthognathus","","Microtus xanthognathus","Leach","species","Taiga Vole","Don E. Wilson & DeeAnn M. Reeder (editors). 2005. Mammal Species of the World. A Taxonomic and Geographic Reference (3rd ed), Johns Hopkins University Press, 2,142 pp.","Wilson&Reeder2005","accepted","target"
"MUMU","MUMU",2012-05-01,"","Animalia","Chordata","Mammalia","Rodentia","Muridae","Murinae","","Mus","Mus","","musculus","","Mus musculus","Linnaeus","species","House Mouse","Don E. Wilson & DeeAnn M. Reeder (editors). 2005. Mammal Species of the World. A Taxonomic and Geographic Reference (3rd ed), Johns Hopkins University Press, 2,142 pp.","Wilson&Reeder2005","accepted","target"
"MUER","MUER",2012-05-01,"","Animalia","Chordata","Mammalia","Carnivora","Mustelidae","Mustelinae","","Mustela","","","erminea","","Mustela erminea","Linnaeus","species","Ermine","Don E. Wilson & DeeAnn M. Reeder (editors). 2005. Mammal Species of the World. A Taxonomic and Geographic Reference (3rd ed), Johns Hopkins University Press, 2,142 pp.","Wilson&Reeder2005","accepted","non-target"
"MUFR","MUFR",2012-05-01,"","Animalia","Chordata","Mammalia","Carnivora","Mustelidae","Mustelinae","","Mustela","","","frenata","","Mustela frenata","Lichtenstein","species","Longtailed Weasel","Don E. Wilson & DeeAnn M. Reeder (editors). 2005. Mammal Species of the World. A Taxonomic and Geographic Reference (3rd ed), Johns Hopkins University Press, 2,142 pp.","Wilson&Reeder2005","accepted","non-target"
"MUNI","MUNI",2012-05-01,"","Animalia","Chordata","Mammalia","Carnivora","Mustelidae","Mustelinae","","Mustela","","","nivalis","","Mustela nivalis","Linnaeus","species","Least Weasel","Don E. Wilson & DeeAnn M. Reeder (editors). 2005. Mammal Species of the World. A Taxonomic and Geographic Reference (3rd ed), Johns Hopkins University Press, 2,142 pp.","Wilson&Reeder2005","accepted","non-target"
"MUSP","MUSP",2012-05-01,"","Animalia","Chordata","Mammalia","Carnivora","Mustelidae","Mustelinae","","Mustela",,"","sp.","","Mustela sp.",,"genus",,"Don E. Wilson & DeeAnn M. Reeder (editors). 2005. Mammal Species of the World. A Taxonomic and Geographic Reference (3rd ed), Johns Hopkins University Press, 2,142 pp.","Wilson&Reeder2005","accepted","non-target"
"MYGA","MYGA",2012-05-01,"","Animalia","Chordata","Mammalia","Rodentia","Cricetidae","Arvicolinae","","Myodes","","","gapperi","","Myodes gapperi","Vigors","species","Southern Redbacked Vole","Don E. Wilson & DeeAnn M. Reeder (editors). 2005. Mammal Species of the World. A Taxonomic and Geographic Reference (3rd ed), Johns Hopkins University Press, 2,142 pp.","Wilson&Reeder2005","accepted","target"
"MYRU","MYRU",2012-05-01,"","Animalia","Chordata","Mammalia","Rodentia","Cricetidae","Arvicolinae","","Myodes","","","rutilus","","Myodes rutilus","Pallas","species","Northern Redbacked Vole","Don E. Wilson & DeeAnn M. Reeder (editors). 2005. Mammal Species of the World. A Taxonomic and Geographic Reference (3rd ed), Johns Hopkins University Press, 2,142 pp.","Wilson&Reeder2005","accepted","target"
"MYSP","MYSP",2012-05-01,"","Animalia","Chordata","Mammalia","Rodentia","Cricetidae","Arvicolinae","","Myodes",,"","sp.","","Myodes sp.",,"genus",,"Don E. Wilson & DeeAnn M. Reeder (editors). 2005. Mammal Species of the World. A Taxonomic and Geographic Reference (3rd ed), Johns Hopkins University Press, 2,142 pp.","Wilson&Reeder2005","accepted","target"
"NAIN","NAIN",2012-05-01,"","Animalia","Chordata","Mammalia","Rodentia","Dipodidae","Zapodinae","","Napaeozapus","","","insignis","","Napaeozapus insignis","Miller","species","Woodland Jumping Mouse","Don E. Wilson & DeeAnn M. Reeder (editors). 2005. Mammal Species of the World. A Taxonomic and Geographic Reference (3rd ed), Johns Hopkins University Press, 2,142 pp.","Wilson&Reeder2005","accepted","opportunistic"
"NEAN","NEAN",2012-05-01,"","Animalia","Chordata","Mammalia","Rodentia","Cricetidae","Arvicolinae","","Neofiber","","","alleni","","Neofiber alleni","True","species","Roundtailed Muskrat","Don E. Wilson & DeeAnn M. Reeder (editors). 2005. Mammal Species of the World. A Taxonomic and Geographic Reference (3rd ed), Johns Hopkins University Press, 2,142 pp.","Wilson&Reeder2005","accepted","target"
"NEAL","NEAL",2012-05-01,"","Animalia","Chordata","Mammalia","Rodentia","Cricetidae","Neotominae","","Neotoma","Neotoma","","albigula","","Neotoma albigula","Hartley","species","Whitethroated Woodrat","Don E. Wilson & DeeAnn M. Reeder (editors). 2005. Mammal Species of the World. A Taxonomic and Geographic Reference (3rd ed), Johns Hopkins University Press, 2,142 pp.","Wilson&Reeder2005","accepted","target"
"NECI","NECI",2012-05-01,"","Animalia","Chordata","Mammalia","Rodentia","Cricetidae","Neotominae","","Neotoma","Teonoma","","cinerea","","Neotoma cinerea","Ord","species","Bushytailed Woodrat","Don E. Wilson & DeeAnn M. Reeder (editors). 2005. Mammal Species of the World. A Taxonomic and Geographic Reference (3rd ed), Johns Hopkins University Press, 2,142 pp.","Wilson&Reeder2005","accepted","target"
"NEFL","NEFL",2012-05-01,"","Animalia","Chordata","Mammalia","Rodentia","Cricetidae","Neotominae","","Neotoma","Neotoma","","floridana","","Neotoma floridana","Ord","species","Eastern Woodrat","Don E. Wilson & DeeAnn M. Reeder (editors). 2005. Mammal Species of the World. A Taxonomic and Geographic Reference (3rd ed), Johns Hopkins University Press, 2,142 pp.","Wilson&Reeder2005","accepted","target"
"NEFU","NEFU",2012-05-01,"","Animalia","Chordata","Mammalia","Rodentia","Cricetidae","Neotominae","","Neotoma","Neotoma","","fuscipes","","Neotoma fuscipes","Baird","species","Duskyfooted Woodrat","Don E. Wilson & DeeAnn M. Reeder (editors). 2005. Mammal Species of the World. A Taxonomic and Geographic Reference (3rd ed), Johns Hopkins University Press, 2,142 pp.","Wilson&Reeder2005","accepted","target"
"NELE","NELE",2012-05-01,"","Animalia","Chordata","Mammalia","Rodentia","Cricetidae","Neotominae","","Neotoma","Neotoma","","lepida","","Neotoma lepida","Thomas","species","Desert Woodrat","Don E. Wilson & DeeAnn M. Reeder (editors). 2005. Mammal Species of the World. A Taxonomic and Geographic Reference (3rd ed), Johns Hopkins University Press, 2,142 pp.","Wilson&Reeder2005","accepted","target"
"NEMA","NEMA",2012-05-01,"","Animalia","Chordata","Mammalia","Rodentia","Cricetidae","Neotominae","","Neotoma","Neotoma","","magister","","Neotoma magister","Baird","species","Allegheny Woodrat","Don E. Wilson & DeeAnn M. Reeder (editors). 2005. Mammal Species of the World. A Taxonomic and Geographic Reference (3rd ed), Johns Hopkins University Press, 2,142 pp.","Wilson&Reeder2005","accepted","target"
"NEME","NEME",2012-05-01,"","Animalia","Chordata","Mammalia","Rodentia","Cricetidae","Neotominae","","Neotoma","Neotoma","","mexicana","","Neotoma mexicana","Baird","species","Mexican Woodrat","Don E. Wilson & DeeAnn M. Reeder (editors). 2005. Mammal Species of the World. A Taxonomic and Geographic Reference (3rd ed), Johns Hopkins University Press, 2,142 pp.","Wilson&Reeder2005","accepted","target"
"NEMI","NEMI",2012-05-01,"","Animalia","Chordata","Mammalia","Rodentia","Cricetidae","Neotominae","","Neotoma","Neotoma","","micropus","","Neotoma micropus","Baird","species","Southern Plains Woodrat","Don E. Wilson & DeeAnn M. Reeder (editors). 2005. Mammal Species of the World. A Taxonomic and Geographic Reference (3rd ed), Johns Hopkins University Press, 2,142 pp.","Wilson&Reeder2005","accepted","target"
"NESP","NESP",2012-05-01,"","Animalia","Chordata","Mammalia","Rodentia","Cricetidae","Neotominae","","Neotoma",,"","sp.","","Neotoma sp.",,"genus",,"Don E. Wilson & DeeAnn M. Reeder (editors). 2005. Mammal Species of the World. A Taxonomic and Geographic Reference (3rd ed), Johns Hopkins University Press, 2,142 pp.","Wilson&Reeder2005","accepted","target"
"NEGI","NEGI",2012-05-01,"","Animalia","Chordata","Mammalia","Soricomorpha","Talpidae","Talpinae","Neurotrichini","Neurotrichus","","","gibbsii","","Neurotrichus gibbsii","Baird","species","Shrewmole","Don E. Wilson & DeeAnn M. Reeder (editors). 2005. Mammal Species of the World. A Taxonomic and Geographic Reference (3rd ed), Johns Hopkins University Press, 2,142 pp.","Wilson&Reeder2005","accepted","non-target"
"NOCR","NOCR",2012-05-01,"","Animalia","Chordata","Mammalia","Soricomorpha","Soricidae","Soricinae","Notiosoricini","Notiosorex","","","crawfordi","","Notiosorex crawfordi","Coues","species","Crawfords Gray Shrew","Don E. Wilson & DeeAnn M. Reeder (editors). 2005. Mammal Species of the World. A Taxonomic and Geographic Reference (3rd ed), Johns Hopkins University Press, 2,142 pp.","Wilson&Reeder2005","accepted","opportunistic"
"OCNU","OCNU",2012-05-01,"","Animalia","Chordata","Mammalia","Rodentia","Cricetidae","Neotominae","","Ochrotomys","","","nuttalli","","Ochrotomys nuttalli","Harlan","species","Golden Mouse","Don E. Wilson & DeeAnn M. Reeder (editors). 2005. Mammal Species of the World. A Taxonomic and Geographic Reference (3rd ed), Johns Hopkins University Press, 2,142 pp.","Wilson&Reeder2005","accepted","target"
"ONZI","ONZI",2012-05-01,"","Animalia","Chordata","Mammalia","Rodentia","Cricetidae","Arvicolinae","","Ondatra","","","zibethicus","","Ondatra zibethicus","Linnaeus","species","Common Muskrat","Don E. Wilson & DeeAnn M. Reeder (editors). 2005. Mammal Species of the World. A Taxonomic and Geographic Reference (3rd ed), Johns Hopkins University Press, 2,142 pp.","Wilson&Reeder2005","accepted","target"
"ONAR","ONAR",2012-05-01,"","Animalia","Chordata","Mammalia","Rodentia","Cricetidae","Neotominae","","Onychomys","","","arenicola","","Onychomys arenicola","Mearns","species","Chihuahuan Grasshopper Mouse","Don E. Wilson & DeeAnn M. Reeder (editors). 2005. Mammal Species of the World. A Taxonomic and Geographic Reference (3rd ed), Johns Hopkins University Press, 2,142 pp.","Wilson&Reeder2005","accepted","target"
"ONLE","ONLE",2012-05-01,"","Animalia","Chordata","Mammalia","Rodentia","Cricetidae","Neotominae","","Onychomys","","","leucogaster","","Onychomys leucogaster","Wied-Neuwied","species","Northern Grasshopper Mouse","Don E. Wilson & DeeAnn M. Reeder (editors). 2005. Mammal Species of the World. A Taxonomic and Geographic Reference (3rd ed), Johns Hopkins University Press, 2,142 pp.","Wilson&Reeder2005","accepted","target"
"ONSP","ONSP",2012-05-01,"","Animalia","Chordata","Mammalia","Rodentia","Cricetidae","Neotominae","","Onychomys",,"","sp.","","Onychomys sp.",,"genus",,"Don E. Wilson & DeeAnn M. Reeder (editors). 2005. Mammal Species of the World. A Taxonomic and Geographic Reference (3rd ed), Johns Hopkins University Press, 2,142 pp.","Wilson&Reeder2005","accepted","target"
"ONTO","ONTO",2012-05-01,"","Animalia","Chordata","Mammalia","Rodentia","Cricetidae","Neotominae","","Onychomys","","","torridus","","Onychomys torridus","Coues","species","Southern Grasshopper Mouse","Don E. Wilson & DeeAnn M. Reeder (editors). 2005. Mammal Species of the World. A Taxonomic and Geographic Reference (3rd ed), Johns Hopkins University Press, 2,142 pp.","Wilson&Reeder2005","accepted","target"
"ORPA","ORPA",2012-05-01,"","Animalia","Chordata","Mammalia","Rodentia","Cricetidae","Sigmodontinae","","Oryzomys","","","palustris","","Oryzomys palustris","Harlan","species","Marsh Oryzomys","Don E. Wilson & DeeAnn M. Reeder (editors). 2005. Mammal Species of the World. A Taxonomic and Geographic Reference (3rd ed), Johns Hopkins University Press, 2,142 pp.","Wilson&Reeder2005","accepted","target"
"PABR","PABR",2012-05-01,"","Animalia","Chordata","Mammalia","Soricomorpha","Talpidae","Scalopinae","Scalopini","Parascalops","","","breweri","","Parascalops breweri","Bachman","species","Hairytailed Mole","Don E. Wilson & DeeAnn M. Reeder (editors). 2005. Mammal Species of the World. A Taxonomic and Geographic Reference (3rd ed), Johns Hopkins University Press, 2,142 pp.","Wilson&Reeder2005","accepted","non-target"
"PEAM","PEAM",2012-05-01,"","Animalia","Chordata","Mammalia","Rodentia","Heteromyidae","Perognathinae","","Perognathus","","","amplus","","Perognathus amplus","Osgood","species","Arizona Pocket Mouse","Don E. Wilson & DeeAnn M. Reeder (editors). 2005. Mammal Species of the World. A Taxonomic and Geographic Reference (3rd ed), Johns Hopkins University Press, 2,142 pp.","Wilson&Reeder2005","accepted","opportunistic"
"PEFA","PEFA",2012-05-01,"","Animalia","Chordata","Mammalia","Rodentia","Heteromyidae","Perognathinae","","Perognathus","","","fasciatus","","Perognathus fasciatus","Wied-Neuwied","species","Olivebacked Pocket Mouse","Don E. Wilson & DeeAnn M. Reeder (editors). 2005. Mammal Species of the World. A Taxonomic and Geographic Reference (3rd ed), Johns Hopkins University Press, 2,142 pp.","Wilson&Reeder2005","accepted","opportunistic"
"PEFV","PEFV",2012-05-01,"","Animalia","Chordata","Mammalia","Rodentia","Heteromyidae","Perognathinae","","Perognathus","","","flavescens","","Perognathus flavescens","Merriam","species","Plains Pocket Mouse","Don E. Wilson & DeeAnn M. Reeder (editors). 2005. Mammal Species of the World. A Taxonomic and Geographic Reference (3rd ed), Johns Hopkins University Press, 2,142 pp.","Wilson&Reeder2005","accepted","opportunistic"
"PEFL","PEFL",2012-05-01,"","Animalia","Chordata","Mammalia","Rodentia","Heteromyidae","Perognathinae","","Perognathus","","","flavus","","Perognathus flavus","Baird","species","Silky Pocket Mouse","Don E. Wilson & DeeAnn M. Reeder (editors). 2005. Mammal Species of the World. A Taxonomic and Geographic Reference (3rd ed), Johns Hopkins University Press, 2,142 pp.","Wilson&Reeder2005","accepted","opportunistic"
"PEPA","PEPA",2012-05-01,"","Animalia","Chordata","Mammalia","Rodentia","Heteromyidae","Perognathinae","","Perognathus","","","parvus","","Perognathus parvus","Peale","species","Great Basin Pocket Mouse","Don E. Wilson & DeeAnn M. Reeder (editors). 2005. Mammal Species of the World. A Taxonomic and Geographic Reference (3rd ed), Johns Hopkins University Press, 2,142 pp.","Wilson&Reeder2005","accepted","opportunistic"
"PGSP","PGSP",2012-05-01,"","Animalia","Chordata","Mammalia","Rodentia","Heteromyidae","Perognathinae","","Perognathus",,"","sp.","","Perognathus sp.",,"genus",,"Don E. Wilson & DeeAnn M. Reeder (editors). 2005. Mammal Species of the World. A Taxonomic and Geographic Reference (3rd ed), Johns Hopkins University Press, 2,142 pp.","Wilson&Reeder2005","accepted","target"
"PEAT","PEAT",2012-05-01,"","Animalia","Chordata","Mammalia","Rodentia","Cricetidae","Neotominae","","Peromyscus","","","attwateri","","Peromyscus attwateri","J. A. Allen","species","Texas Deermouse","Don E. Wilson & DeeAnn M. Reeder (editors). 2005. Mammal Species of the World. A Taxonomic and Geographic Reference (3rd ed), Johns Hopkins University Press, 2,142 pp.","Wilson&Reeder2005","accepted","target"
"PEBO","PEBO",2012-05-01,"","Animalia","Chordata","Mammalia","Rodentia","Cricetidae","Neotominae","","Peromyscus","","","boylii","","Peromyscus boylii","Baird","species","Brush Deermouse","Don E. Wilson & DeeAnn M. Reeder (editors). 2005. Mammal Species of the World. A Taxonomic and Geographic Reference (3rd ed), Johns Hopkins University Press, 2,142 pp.","Wilson&Reeder2005","accepted","target"
"PECA","PECA",2012-05-01,"","Animalia","Chordata","Mammalia","Rodentia","Cricetidae","Neotominae","","Peromyscus","","","californicus","","Peromyscus californicus","Gambel","species","California Deermouse","Don E. Wilson & DeeAnn M. Reeder (editors). 2005. Mammal Species of the World. A Taxonomic and Geographic Reference (3rd ed), Johns Hopkins University Press, 2,142 pp.","Wilson&Reeder2005","accepted","target"
"PECR","PECR",2012-05-01,"","Animalia","Chordata","Mammalia","Rodentia","Cricetidae","Neotominae","","Peromyscus","","","crinitus","","Peromyscus crinitus","Merriam","species","Canyon Deermouse","Don E. Wilson & DeeAnn M. Reeder (editors). 2005. Mammal Species of the World. A Taxonomic and Geographic Reference (3rd ed), Johns Hopkins University Press, 2,142 pp.","Wilson&Reeder2005","accepted","target"
"PEER","PEER",2012-05-01,"","Animalia","Chordata","Mammalia","Rodentia","Cricetidae","Neotominae","","Peromyscus","","","eremicus","","Peromyscus eremicus","Baird","species","Cactus Deermouse","Don E. Wilson & DeeAnn M. Reeder (editors). 2005. Mammal Species of the World. A Taxonomic and Geographic Reference (3rd ed), Johns Hopkins University Press, 2,142 pp.","Wilson&Reeder2005","accepted","target"
"PEGO","PEGO",2012-05-01,"","Animalia","Chordata","Mammalia","Rodentia","Cricetidae","Neotominae","","Peromyscus","","","gossypinus","","Peromyscus gossypinus","Le Conte","species","Cotton Deermouse","Don E. Wilson & DeeAnn M. Reeder (editors). 2005. Mammal Species of the World. A Taxonomic and Geographic Reference (3rd ed), Johns Hopkins University Press, 2,142 pp.","Wilson&Reeder2005","accepted","target"
"PELE","PELE",2012-05-01,"","Animalia","Chordata","Mammalia","Rodentia","Cricetidae","Neotominae","","Peromyscus","","","leucopus","","Peromyscus leucopus","Rafinesque","species","Whitefooted Deermouse","Don E. Wilson & DeeAnn M. Reeder (editors). 2005. Mammal Species of the World. A Taxonomic and Geographic Reference (3rd ed), Johns Hopkins University Press, 2,142 pp.","Wilson&Reeder2005","accepted","target"
"PEMA","PEMA",2012-05-01,"","Animalia","Chordata","Mammalia","Rodentia","Cricetidae","Neotominae","","Peromyscus","","","maniculatus","","Peromyscus maniculatus","Wagner","species","North American Deermouse","Don E. Wilson & DeeAnn M. Reeder (editors). 2005. Mammal Species of the World. A Taxonomic and Geographic Reference (3rd ed), Johns Hopkins University Press, 2,142 pp.","Wilson&Reeder2005","accepted","target"
"PEME","PEME",2012-05-01,"","Animalia","Chordata","Mammalia","Rodentia","Cricetidae","Neotominae","","Peromyscus","","","merriami","","Peromyscus merriami","Mearns","species","Merriams Deermouse","Don E. Wilson & DeeAnn M. Reeder (editors). 2005. Mammal Species of the World. A Taxonomic and Geographic Reference (3rd ed), Johns Hopkins University Press, 2,142 pp.","Wilson&Reeder2005","accepted","target"
"PENA","PENA",2012-05-01,"","Animalia","Chordata","Mammalia","Rodentia","Cricetidae","Neotominae","","Peromyscus","","","nasutus","","Peromyscus nasutus","J. A. Allen","species","Northern Rock Deermouse","Don E. Wilson & DeeAnn M. Reeder (editors). 2005. Mammal Species of the World. A Taxonomic and Geographic Reference (3rd ed), Johns Hopkins University Press, 2,142 pp.","Wilson&Reeder2005","accepted","target"
"PEPO","PEPO",2012-05-01,"","Animalia","Chordata","Mammalia","Rodentia","Cricetidae","Neotominae","","Peromyscus","","","polionotus","","Peromyscus polionotus","Wagner","species","Oldfield Deermouse","Don E. Wilson & DeeAnn M. Reeder (editors). 2005. Mammal Species of the World. A Taxonomic and Geographic Reference (3rd ed), Johns Hopkins University Press, 2,142 pp.","Wilson&Reeder2005","accepted","target"
"PESP","PESP",2012-05-01,"","Animalia","Chordata","Mammalia","Rodentia","Cricetidae","Neotominae","","Peromyscus",,"","sp.","","Peromyscus sp.",,"genus",,"Don E. Wilson & DeeAnn M. Reeder (editors). 2005. Mammal Species of the World. A Taxonomic and Geographic Reference (3rd ed), Johns Hopkins University Press, 2,142 pp.","Wilson&Reeder2005","accepted","target"
"PETR","PETR",2012-05-01,"","Animalia","Chordata","Mammalia","Rodentia","Cricetidae","Neotominae","","Peromyscus","","","truei","","Peromyscus truei","Shufeldt","species","Pion Deermouse","Don E. Wilson & DeeAnn M. Reeder (editors). 2005. Mammal Species of the World. A Taxonomic and Geographic Reference (3rd ed), Johns Hopkins University Press, 2,142 pp.","Wilson&Reeder2005","accepted","target"
"PHIN","PHIN",2012-05-01,"","Animalia","Chordata","Mammalia","Rodentia","Cricetidae","Arvicolinae","","Phenacomys","","","intermedius","","Phenacomys intermedius","Merriam","species","Western Heather Vole","Don E. Wilson & DeeAnn M. Reeder (editors). 2005. Mammal Species of the World. A Taxonomic and Geographic Reference (3rd ed), Johns Hopkins University Press, 2,142 pp.","Wilson&Reeder2005","accepted","target"
"POFL","POFL",2012-05-01,"","Animalia","Chordata","Mammalia","Rodentia","Cricetidae","Neotominae","","Podomys","","","floridanus","","Podomys floridanus","Chapman","species","Florida Deermouse","Don E. Wilson & DeeAnn M. Reeder (editors). 2005. Mammal Species of the World. A Taxonomic and Geographic Reference (3rd ed), Johns Hopkins University Press, 2,142 pp.","Wilson&Reeder2005","accepted","target"
"RANO","RANO",2012-05-01,"","Animalia","Chordata","Mammalia","Rodentia","Muridae","Murinae","","Rattus","","","norvegicus","","Rattus norvegicus","Berkenhout","species","Brown Rat","Don E. Wilson & DeeAnn M. Reeder (editors). 2005. Mammal Species of the World. A Taxonomic and Geographic Reference (3rd ed), Johns Hopkins University Press, 2,142 pp.","Wilson&Reeder2005","accepted","target"
"RARA","RARA",2012-05-01,"","Animalia","Chordata","Mammalia","Rodentia","Muridae","Murinae","","Rattus","","","rattus","","Rattus rattus","Linnaeus","species","Roof Rat","Don E. Wilson & DeeAnn M. Reeder (editors). 2005. Mammal Species of the World. A Taxonomic and Geographic Reference (3rd ed), Johns Hopkins University Press, 2,142 pp.","Wilson&Reeder2005","accepted","target"
"RASP","RASP",2012-05-01,"","Animalia","Chordata","Mammalia","Rodentia","Muridae","Murinae","","Rattus",,"","sp.","","Rattus sp.",,"genus",,"Don E. Wilson & DeeAnn M. Reeder (editors). 2005. Mammal Species of the World. A Taxonomic and Geographic Reference (3rd ed), Johns Hopkins University Press, 2,142 pp.","Wilson&Reeder2005","accepted","target"
"REFU","REFU",2012-05-01,"","Animalia","Chordata","Mammalia","Rodentia","Cricetidae","Neotominae","","Reithrodontomys","Reithrodontomys","","fulvescens","","Reithrodontomys fulvescens","J. A. Allen","species","Fulvous Harvest Mouse","Don E. Wilson & DeeAnn M. Reeder (editors). 2005. Mammal Species of the World. A Taxonomic and Geographic Reference (3rd ed), Johns Hopkins University Press, 2,142 pp.","Wilson&Reeder2005","accepted","target"
"REHU","REHU",2012-05-01,"","Animalia","Chordata","Mammalia","Rodentia","Cricetidae","Neotominae","","Reithrodontomys","Reithrodontomys","","humulis","","Reithrodontomys humulis","Audubon and Bachman","species","Eastern Harvest Mouse","Don E. Wilson & DeeAnn M. Reeder (editors). 2005. Mammal Species of the World. A Taxonomic and Geographic Reference (3rd ed), Johns Hopkins University Press, 2,142 pp.","Wilson&Reeder2005","accepted","target"
"REME","REME",2012-05-01,"","Animalia","Chordata","Mammalia","Rodentia","Cricetidae","Neotominae","","Reithrodontomys","Reithrodontomys","","megalotis","","Reithrodontomys megalotis","Baird","species","Western Harvest Mouse","Don E. Wilson & DeeAnn M. Reeder (editors). 2005. Mammal Species of the World. A Taxonomic and Geographic Reference (3rd ed), Johns Hopkins University Press, 2,142 pp.","Wilson&Reeder2005","accepted","target"
"REMO","REMO",2012-05-01,"","Animalia","Chordata","Mammalia","Rodentia","Cricetidae","Neotominae","","Reithrodontomys","Reithrodontomys","","montanus","","Reithrodontomys montanus","Baird","species","Plains Harvest Mouse","Don E. Wilson & DeeAnn M. Reeder (editors). 2005. Mammal Species of the World. A Taxonomic and Geographic Reference (3rd ed), Johns Hopkins University Press, 2,142 pp.","Wilson&Reeder2005","accepted","target"
"RESP","RESP",2012-05-01,"","Animalia","Chordata","Mammalia","Rodentia","Cricetidae","Neotominae","","Reithrodontomys",,"","sp.","","Reithrodontomys sp.",,"genus",,"Don E. Wilson & DeeAnn M. Reeder (editors). 2005. Mammal Species of the World. A Taxonomic and Geographic Reference (3rd ed), Johns Hopkins University Press, 2,142 pp.","Wilson&Reeder2005","accepted","target"
"SCAQ","SCAQ",2012-05-01,"","Animalia","Chordata","Mammalia","Soricomorpha","Talpidae","Scalopinae","Scalopini","Scalopus","","","aquaticus","","Scalopus aquaticus","Linnaeus","species","Eastern Mole","Don E. Wilson & DeeAnn M. Reeder (editors). 2005. Mammal Species of the World. A Taxonomic and Geographic Reference (3rd ed), Johns Hopkins University Press, 2,142 pp.","Wilson&Reeder2005","accepted","non-target"
"SCLA","SCLA",2012-05-01,"","Animalia","Chordata","Mammalia","Soricomorpha","Talpidae","Scalopinae","Scalopini","Scapanus","","","latimanus","","Scapanus latimanus","Bachman","species","Broadfooted Mole","Don E. Wilson & DeeAnn M. Reeder (editors). 2005. Mammal Species of the World. A Taxonomic and Geographic Reference (3rd ed), Johns Hopkins University Press, 2,142 pp.","Wilson&Reeder2005","accepted","non-target"
"SCOR","SCOR",2012-05-01,"","Animalia","Chordata","Mammalia","Soricomorpha","Talpidae","Scalopinae","Scalopini","Scapanus","","","orarius","","Scapanus orarius","True","species","Coast Mole","Don E. Wilson & DeeAnn M. Reeder (editors). 2005. Mammal Species of the World. A Taxonomic and Geographic Reference (3rd ed), Johns Hopkins University Press, 2,142 pp.","Wilson&Reeder2005","accepted","non-target"
"SNSP","SNSP",2012-05-01,"","Animalia","Chordata","Mammalia","Soricomorpha","Talpidae","Scalopinae","Scalopini","Scapanus",,"","sp.","","Scapanus sp.",,"genus",,"Don E. Wilson & DeeAnn M. Reeder (editors). 2005. Mammal Species of the World. A Taxonomic and Geographic Reference (3rd ed), Johns Hopkins University Press, 2,142 pp.","Wilson&Reeder2005","accepted","non-target"
"SCTO","SCTO",2012-05-01,"","Animalia","Chordata","Mammalia","Soricomorpha","Talpidae","Scalopinae","Scalopini","Scapanus","","","townsendii","","Scapanus townsendii","Bachman","species","Townsends Mole","Don E. Wilson & DeeAnn M. Reeder (editors). 2005. Mammal Species of the World. A Taxonomic and Geographic Reference (3rd ed), Johns Hopkins University Press, 2,142 pp.","Wilson&Reeder2005","accepted","non-target"
"SCAB","SCAB",2012-05-01,"","Animalia","Chordata","Mammalia","Rodentia","Sciuridae","Sciurinae","Sciurini","Sciurus","Otosciurus","","aberti","","Sciurus aberti","Woodhouse","species","Aberts Squirrel","Don E. Wilson & DeeAnn M. Reeder (editors). 2005. Mammal Species of the World. A Taxonomic and Geographic Reference (3rd ed), Johns Hopkins University Press, 2,142 pp.","Wilson&Reeder2005","accepted","non-target"
"SCCN","SCCN",2012-05-01,"","Animalia","Chordata","Mammalia",,,,,"Sciurus",,"","canadensis","","Sciurus canadensis",,"species",,"Don E. Wilson & DeeAnn M. Reeder (editors). 2005. Mammal Species of the World. A Taxonomic and Geographic Reference (3rd ed), Johns Hopkins University Press, 2,142 pp.","Wilson&Reeder2005","accepted","non-target"
"SCCA","SCCA",2012-05-01,"","Animalia","Chordata","Mammalia","Rodentia","Sciuridae","Sciurinae","Sciurini","Sciurus","Sciurus","","carolinensis","","Sciurus carolinensis","Gmelin","species","Eastern Gray Squirrel","Don E. Wilson & DeeAnn M. Reeder (editors). 2005. Mammal Species of the World. A Taxonomic and Geographic Reference (3rd ed), Johns Hopkins University Press, 2,142 pp.","Wilson&Reeder2005","accepted","non-target"
"SCGR","SCGR",2012-05-01,"","Animalia","Chordata","Mammalia","Rodentia","Sciuridae","Sciurinae","Sciurini","Sciurus","Hesperosciurus","","griseus","","Sciurus griseus","Ord","species","Western Gray Squirrel","Don E. Wilson & DeeAnn M. Reeder (editors). 2005. Mammal Species of the World. A Taxonomic and Geographic Reference (3rd ed), Johns Hopkins University Press, 2,142 pp.","Wilson&Reeder2005","accepted","non-target"
"SCNI","SCNI",2012-05-01,"","Animalia","Chordata","Mammalia","Rodentia","Sciuridae","Sciurinae","Sciurini","Sciurus","Sciurus","","niger","","Sciurus niger","Linnaeus","species","Eastern Fox Squirrel","Don E. Wilson & DeeAnn M. Reeder (editors). 2005. Mammal Species of the World. A Taxonomic and Geographic Reference (3rd ed), Johns Hopkins University Press, 2,142 pp.","Wilson&Reeder2005","accepted","non-target"
"SCSP","SCSP",2012-05-01,"","Animalia","Chordata","Mammalia","Rodentia","Sciuridae","Sciurinae","Sciurini","Sciurus",,"","sp.","","Sciurus sp.",,"genus",,"Don E. Wilson & DeeAnn M. Reeder (editors). 2005. Mammal Species of the World. A Taxonomic and Geographic Reference (3rd ed), Johns Hopkins University Press, 2,142 pp.","Wilson&Reeder2005","accepted","non-target"
"SIAR","SIAR",2012-05-01,"","Animalia","Chordata","Mammalia","Rodentia","Cricetidae","Sigmodontinae","","Sigmodon","Sigmodon","","arizonae","","Sigmodon arizonae","Mearns","species","Arizona Cotton Rat","Don E. Wilson & DeeAnn M. Reeder (editors). 2005. Mammal Species of the World. A Taxonomic and Geographic Reference (3rd ed), Johns Hopkins University Press, 2,142 pp.","Wilson&Reeder2005","accepted","target"
"SIFU","SIFU",2012-05-01,"","Animalia","Chordata","Mammalia","Rodentia","Cricetidae","Sigmodontinae","","Sigmodon","Sigmodon","","fulviventer","","Sigmodon fulviventer","J. A. Allen","species","Tawnybellied Cotton Rat","Don E. Wilson & DeeAnn M. Reeder (editors). 2005. Mammal Species of the World. A Taxonomic and Geographic Reference (3rd ed), Johns Hopkins University Press, 2,142 pp.","Wilson&Reeder2005","accepted","target"
"SIHI","SIHI",2012-05-01,"","Animalia","Chordata","Mammalia","Rodentia","Cricetidae","Sigmodontinae","","Sigmodon","Sigmodon","","hispidus","","Sigmodon hispidus","Say and Ord","species","Hispid Cotton Rat","Don E. Wilson & DeeAnn M. Reeder (editors). 2005. Mammal Species of the World. A Taxonomic and Geographic Reference (3rd ed), Johns Hopkins University Press, 2,142 pp.","Wilson&Reeder2005","accepted","target"
"SIOC","SIOC",2012-05-01,"","Animalia","Chordata","Mammalia","Rodentia","Cricetidae","Sigmodontinae","","Sigmodon","Sigmodon","","ochrognathus","","Sigmodon ochrognathus","Bailey","species","Yellownosed Cotton Rat","Don E. Wilson & DeeAnn M. Reeder (editors). 2005. Mammal Species of the World. A Taxonomic and Geographic Reference (3rd ed), Johns Hopkins University Press, 2,142 pp.","Wilson&Reeder2005","accepted","target"
"SISP","SISP",2012-05-01,"","Animalia","Chordata","Mammalia","Rodentia","Cricetidae","Sigmodontinae","","Sigmodon",,"","sp.","","Sigmodon sp.",,"genus",,"Don E. Wilson & DeeAnn M. Reeder (editors). 2005. Mammal Species of the World. A Taxonomic and Geographic Reference (3rd ed), Johns Hopkins University Press, 2,142 pp.","Wilson&Reeder2005","accepted","target"
"SOAR","SOAR",2012-05-01,"","Animalia","Chordata","Mammalia","Soricomorpha","Soricidae","Soricinae","Soricini","Sorex","Sorex","","arcticus","","Sorex arcticus","Kerr","species","Arctic Shrew","Don E. Wilson & DeeAnn M. Reeder (editors). 2005. Mammal Species of the World. A Taxonomic and Geographic Reference (3rd ed), Johns Hopkins University Press, 2,142 pp.","Wilson&Reeder2005","accepted","opportunistic"
"SOAZ","SOAZ",2012-05-01,"","Animalia","Chordata","Mammalia","Soricomorpha","Soricidae","Soricinae","Soricini","Sorex","","","arizonae","","Sorex arizonae","Diersing and Hoffmeister","species","Arizona Shrew","Don E. Wilson & DeeAnn M. Reeder (editors). 2005. Mammal Species of the World. A Taxonomic and Geographic Reference (3rd ed), Johns Hopkins University Press, 2,142 pp.","Wilson&Reeder2005","accepted","opportunistic"
"SOBA","SOBA",2012-05-01,"","Animalia","Chordata","Mammalia","Soricomorpha","Soricidae","Soricinae","Soricini","Sorex","Otisorex","","bairdi","","Sorex bairdi","Merriam","species","Bairds Shrew","Don E. Wilson & DeeAnn M. Reeder (editors). 2005. Mammal Species of the World. A Taxonomic and Geographic Reference (3rd ed), Johns Hopkins University Press, 2,142 pp.","Wilson&Reeder2005","accepted","opportunistic"
"SOBE","SOBE",2012-05-01,"","Animalia","Chordata","Mammalia","Soricomorpha","Soricidae","Soricinae","Soricini","Sorex","Otisorex","","bendirii","","Sorex bendirii","Merriam","species","Marsh Shrew","Don E. Wilson & DeeAnn M. Reeder (editors). 2005. Mammal Species of the World. A Taxonomic and Geographic Reference (3rd ed), Johns Hopkins University Press, 2,142 pp.","Wilson&Reeder2005","accepted","opportunistic"
"SOCI","SOCI",2012-05-01,"","Animalia","Chordata","Mammalia","Soricomorpha","Soricidae","Soricinae","Soricini","Sorex","Otisorex","","cinereus","","Sorex cinereus","Kerr","species","Cinereus Shrew","Don E. Wilson & DeeAnn M. Reeder (editors). 2005. Mammal Species of the World. A Taxonomic and Geographic Reference (3rd ed), Johns Hopkins University Press, 2,142 pp.","Wilson&Reeder2005","accepted","opportunistic"
"SODI","SODI",2012-05-01,"","Animalia","Chordata","Mammalia","Soricomorpha","Soricidae","Soricinae","Soricini","Sorex","Otisorex","","dispar","","Sorex dispar","Batchelder","species","Longtailed Shrew","Don E. Wilson & DeeAnn M. Reeder (editors). 2005. Mammal Species of the World. A Taxonomic and Geographic Reference (3rd ed), Johns Hopkins University Press, 2,142 pp.","Wilson&Reeder2005","accepted","opportunistic"
"SOFU","SOFU",2012-05-01,"","Animalia","Chordata","Mammalia","Soricomorpha","Soricidae","Soricinae","Soricini","Sorex","Otisorex","","fumeus","","Sorex fumeus","G. M. Miller","species","Smoky Shrew","Don E. Wilson & DeeAnn M. Reeder (editors). 2005. Mammal Species of the World. A Taxonomic and Geographic Reference (3rd ed), Johns Hopkins University Press, 2,142 pp.","Wilson&Reeder2005","accepted","opportunistic"
"SOHA","SOHA",2012-05-01,"","Animalia","Chordata","Mammalia","Soricomorpha","Soricidae","Soricinae","Soricini","Sorex","Otisorex","","haydeni","","Sorex haydeni","Baird","species","Prairie Shrew","Don E. Wilson & DeeAnn M. Reeder (editors). 2005. Mammal Species of the World. A Taxonomic and Geographic Reference (3rd ed), Johns Hopkins University Press, 2,142 pp.","Wilson&Reeder2005","accepted","opportunistic"
"SOHO","SOHO",2012-05-01,"","Animalia","Chordata","Mammalia","Soricomorpha","Soricidae","Soricinae","Soricini","Sorex","Otisorex","","hoyi","","Sorex hoyi","Baird","species","American Pygmy Shrew","Don E. Wilson & DeeAnn M. Reeder (editors). 2005. Mammal Species of the World. A Taxonomic and Geographic Reference (3rd ed), Johns Hopkins University Press, 2,142 pp.","Wilson&Reeder2005","accepted","opportunistic"
"SOLO","SOLO",2012-05-01,"","Animalia","Chordata","Mammalia","Soricomorpha","Soricidae","Soricinae","Soricini","Sorex","Otisorex","","longirostris","","Sorex longirostris","Bachman","species","Southeastern Shrew","Don E. Wilson & DeeAnn M. Reeder (editors). 2005. Mammal Species of the World. A Taxonomic and Geographic Reference (3rd ed), Johns Hopkins University Press, 2,142 pp.","Wilson&Reeder2005","accepted","opportunistic"
"SOLY","SOLY",2012-05-01,"","Animalia","Chordata","Mammalia","Soricomorpha","Soricidae","Soricinae","Soricini","Sorex","Otisorex","","lyelli","","Sorex lyelli","Merriam","species","Mt Lyell Shrew","Don E. Wilson & DeeAnn M. Reeder (editors). 2005. Mammal Species of the World. A Taxonomic and Geographic Reference (3rd ed), Johns Hopkins University Press, 2,142 pp.","Wilson&Reeder2005","accepted","opportunistic"
"SOME","SOME",2012-05-01,"","Animalia","Chordata","Mammalia","Soricomorpha","Soricidae","Soricinae","Soricini","Sorex","","","merriami","","Sorex merriami","Dobson","species","Merriams Shrew","Don E. Wilson & DeeAnn M. Reeder (editors). 2005. Mammal Species of the World. A Taxonomic and Geographic Reference (3rd ed), Johns Hopkins University Press, 2,142 pp.","Wilson&Reeder2005","accepted","opportunistic"
"SOMO","SOMO",2012-05-01,"","Animalia","Chordata","Mammalia","Soricomorpha","Soricidae","Soricinae","Soricini","Sorex","Otisorex","","monticolus","","Sorex monticolus","Merriam","species","Dusky Shrew","Don E. Wilson & DeeAnn M. Reeder (editors). 2005. Mammal Species of the World. A Taxonomic and Geographic Reference (3rd ed), Johns Hopkins University Press, 2,142 pp.","Wilson&Reeder2005","accepted","opportunistic"
"SONA","SONA",2012-05-01,"","Animalia","Chordata","Mammalia","Soricomorpha","Soricidae","Soricinae","Soricini","Sorex","Otisorex","","nanus","","Sorex nanus","Merriam","species","Dwarf Shrew","Don E. Wilson & DeeAnn M. Reeder (editors). 2005. Mammal Species of the World. A Taxonomic and Geographic Reference (3rd ed), Johns Hopkins University Press, 2,142 pp.","Wilson&Reeder2005","accepted","opportunistic"
"SOOR","SOOR",2012-05-01,"","Animalia","Chordata","Mammalia","Soricomorpha","Soricidae","Soricinae","Soricini","Sorex","Otisorex","","ornatus","","Sorex ornatus","Merriam","species","Ornate Shrew","Don E. Wilson & DeeAnn M. Reeder (editors). 2005. Mammal Species of the World. A Taxonomic and Geographic Reference (3rd ed), Johns Hopkins University Press, 2,142 pp.","Wilson&Reeder2005","accepted","opportunistic"
"SOPA","SOPA",2012-05-01,"","Animalia","Chordata","Mammalia","Soricomorpha","Soricidae","Soricinae","Soricini","Sorex","Otisorex","","palustris","","Sorex palustris","Richardson","species","American Water Shrew","Don E. Wilson & DeeAnn M. Reeder (editors). 2005. Mammal Species of the World. A Taxonomic and Geographic Reference (3rd ed), Johns Hopkins University Press, 2,142 pp.","Wilson&Reeder2005","accepted","opportunistic"
"SOPR","SOPR",2012-05-01,"","Animalia","Chordata","Mammalia","Soricomorpha","Soricidae","Soricinae","Soricini","Sorex","Otisorex","","preblei","","Sorex preblei","Jackson","species","Prebles Shrew","Don E. Wilson & DeeAnn M. Reeder (editors). 2005. Mammal Species of the World. A Taxonomic and Geographic Reference (3rd ed), Johns Hopkins University Press, 2,142 pp.","Wilson&Reeder2005","accepted","opportunistic"
"SOSP","SOSP",2012-05-01,"","Animalia","Chordata","Mammalia","Soricomorpha","Soricidae","Soricinae","Soricini","Sorex",,"","sp.","","Sorex sp.",,"genus",,"Don E. Wilson & DeeAnn M. Reeder (editors). 2005. Mammal Species of the World. A Taxonomic and Geographic Reference (3rd ed), Johns Hopkins University Press, 2,142 pp.","Wilson&Reeder2005","accepted","opportunistic"
"SOTR","SOTR",2012-05-01,"","Animalia","Chordata","Mammalia","Soricomorpha","Soricidae","Soricinae","Soricini","Sorex","","","trowbridgii","","Sorex trowbridgii","Baird","species","Trowbridges Shrew","Don E. Wilson & DeeAnn M. Reeder (editors). 2005. Mammal Species of the World. A Taxonomic and Geographic Reference (3rd ed), Johns Hopkins University Press, 2,142 pp.","Wilson&Reeder2005","accepted","opportunistic"
"SOTU","SOTU",2012-05-01,"","Animalia","Chordata","Mammalia","Soricomorpha","Soricidae","Soricinae","Soricini","Sorex","Sorex","","tundrensis","","Sorex tundrensis","Merriam","species","Tundra Shrew","Don E. Wilson & DeeAnn M. Reeder (editors). 2005. Mammal Species of the World. A Taxonomic and Geographic Reference (3rd ed), Johns Hopkins University Press, 2,142 pp.","Wilson&Reeder2005","accepted","opportunistic"
"SOUG","SOUG",2012-05-01,"","Animalia","Chordata","Mammalia","Soricomorpha","Soricidae","Soricinae","Soricini","Sorex","Otisorex","","ugyunak","","Sorex ugyunak","Anderson and Rand","species","Barren Ground Shrew","Don E. Wilson & DeeAnn M. Reeder (editors). 2005. Mammal Species of the World. A Taxonomic and Geographic Reference (3rd ed), Johns Hopkins University Press, 2,142 pp.","Wilson&Reeder2005","accepted","opportunistic"
"SOVA","SOVA",2012-05-01,"","Animalia","Chordata","Mammalia","Soricomorpha","Soricidae","Soricinae","Soricini","Sorex","Otisorex","","vagrans","","Sorex vagrans","Baird","species","Vagrant Shrew","Don E. Wilson & DeeAnn M. Reeder (editors). 2005. Mammal Species of the World. A Taxonomic and Geographic Reference (3rd ed), Johns Hopkins University Press, 2,142 pp.","Wilson&Reeder2005","accepted","opportunistic"
"SOYU","SOYU",2012-05-01,"","Animalia","Chordata","Mammalia","Soricomorpha","Soricidae","Soricinae","Soricini","Sorex","Sorex","","yukonicus","","Sorex yukonicus","Dokuchaev","species","Alaska Tiny Shrew","Don E. Wilson & DeeAnn M. Reeder (editors). 2005. Mammal Species of the World. A Taxonomic and Geographic Reference (3rd ed), Johns Hopkins University Press, 2,142 pp.","Wilson&Reeder2005","accepted","opportunistic"
"SPAR","SPAR",2012-05-01,"","Animalia","Chordata","Mammalia","Rodentia","Sciuridae","Xerinae","Marmotini","Spermophilus","Spermophilus","","armatus","","Spermophilus armatus","Kennicott","species","Uinta Ground Squirrel","Don E. Wilson & DeeAnn M. Reeder (editors). 2005. Mammal Species of the World. A Taxonomic and Geographic Reference (3rd ed), Johns Hopkins University Press, 2,142 pp.","Wilson&Reeder2005","accepted","opportunistic"
"SPBE","SPBE",2012-05-01,"","Animalia","Chordata","Mammalia","Rodentia","Sciuridae","Xerinae","Marmotini","Spermophilus","Otospermophilus","","beecheyi","","Spermophilus beecheyi","Richardson","species","California Ground Squirrel","Don E. Wilson & DeeAnn M. Reeder (editors). 2005. Mammal Species of the World. A Taxonomic and Geographic Reference (3rd ed), Johns Hopkins University Press, 2,142 pp.","Wilson&Reeder2005","accepted","opportunistic"
"SPBD","SPBD",2012-05-01,"","Animalia","Chordata","Mammalia","Rodentia","Sciuridae","Xerinae","Marmotini","Spermophilus","Spermophilus","","beldingi","","Spermophilus beldingi","Merriam","species","Beldings Ground Squirrel","Don E. Wilson & DeeAnn M. Reeder (editors). 2005. Mammal Species of the World. A Taxonomic and Geographic Reference (3rd ed), Johns Hopkins University Press, 2,142 pp.","Wilson&Reeder2005","accepted","opportunistic"
"SPEL","SPEL",2012-05-01,"","Animalia","Chordata","Mammalia","Rodentia","Sciuridae","Xerinae","Marmotini","Spermophilus","Spermophilus","","elegans","","Spermophilus elegans","Kennicott","species","Wyoming Ground Squirrel","Don E. Wilson & DeeAnn M. Reeder (editors). 2005. Mammal Species of the World. A Taxonomic and Geographic Reference (3rd ed), Johns Hopkins University Press, 2,142 pp.","Wilson&Reeder2005","accepted","opportunistic"
"SPFR","SPFR",2012-05-01,"","Animalia","Chordata","Mammalia","Rodentia","Sciuridae","Xerinae","Marmotini","Spermophilus","Poliocitellus","","franklinii","","Spermophilus franklinii","Sabine","species","Franklins Ground Squirrel","Don E. Wilson & DeeAnn M. Reeder (editors). 2005. Mammal Species of the World. A Taxonomic and Geographic Reference (3rd ed), Johns Hopkins University Press, 2,142 pp.","Wilson&Reeder2005","accepted","opportunistic"
"SPLA","SPLA",2012-05-01,"","Animalia","Chordata","Mammalia","Rodentia","Sciuridae","Xerinae","Marmotini","Spermophilus","Callospermophilus","","lateralis","","Spermophilus lateralis","Say","species","Goldenmantled Ground Squirrel","Don E. Wilson & DeeAnn M. Reeder (editors). 2005. Mammal Species of the World. A Taxonomic and Geographic Reference (3rd ed), Johns Hopkins University Press, 2,142 pp.","Wilson&Reeder2005","accepted","opportunistic"
"SPMO","SPMO",2012-05-01,"","Animalia","Chordata","Mammalia","Rodentia","Sciuridae","Xerinae","Marmotini","Spermophilus","Spermophilus","","mollis","","Spermophilus mollis","Kennicott","species","Piute Ground Squirrel","Don E. Wilson & DeeAnn M. Reeder (editors). 2005. Mammal Species of the World. A Taxonomic and Geographic Reference (3rd ed), Johns Hopkins University Press, 2,142 pp.","Wilson&Reeder2005","accepted","opportunistic"
"SPPA","SPPA",2012-05-01,"","Animalia","Chordata","Mammalia","Rodentia","Sciuridae","Xerinae","Marmotini","Spermophilus","","","parryii","","Spermophilus parryii","Richardson","species","Arctic Ground Squirrel","Don E. Wilson & DeeAnn M. Reeder (editors). 2005. Mammal Species of the World. A Taxonomic and Geographic Reference (3rd ed), Johns Hopkins University Press, 2,142 pp.","Wilson&Reeder2005","accepted","opportunistic"
"SPRI","SPRI",2012-05-01,"","Animalia","Chordata","Mammalia","Rodentia","Sciuridae","Xerinae","Marmotini","Spermophilus","Spermophilus","","richardsonii","","Spermophilus richardsonii","Sabine","species","Richardsons Ground Squirrel","Don E. Wilson & DeeAnn M. Reeder (editors). 2005. Mammal Species of the World. A Taxonomic and Geographic Reference (3rd ed), Johns Hopkins University Press, 2,142 pp.","Wilson&Reeder2005","accepted","opportunistic"
"SPSA","SPSA",2012-05-01,"","Animalia","Chordata","Mammalia","Rodentia","Sciuridae","Xerinae","Marmotini","Spermophilus","Callospermophilus","","saturatus","","Spermophilus saturatus","Rhoads","species","Cascade Goldenmantled Ground Squirrel","Don E. Wilson & DeeAnn M. Reeder (editors). 2005. Mammal Species of the World. A Taxonomic and Geographic Reference (3rd ed), Johns Hopkins University Press, 2,142 pp.","Wilson&Reeder2005","accepted","opportunistic"
"SMSP","SMSP",2012-05-01,"","Animalia","Chordata","Mammalia","Rodentia","Sciuridae","Xerinae","Marmotini","Spermophilus",,"","sp.","","Spermophilus sp.",,"genus",,"Don E. Wilson & DeeAnn M. Reeder (editors). 2005. Mammal Species of the World. A Taxonomic and Geographic Reference (3rd ed), Johns Hopkins University Press, 2,142 pp.","Wilson&Reeder2005","accepted","opportunistic"
"SPSP","SPSP",2012-05-01,"","Animalia","Chordata","Mammalia","Rodentia","Sciuridae","Xerinae","Marmotini","Spermophilus","Ictidomys","","spilosoma","","Spermophilus spilosoma","Bennett","species","Spotted Ground Squirrel","Don E. Wilson & DeeAnn M. Reeder (editors). 2005. Mammal Species of the World. A Taxonomic and Geographic Reference (3rd ed), Johns Hopkins University Press, 2,142 pp.","Wilson&Reeder2005","accepted","opportunistic"
"SPTE","SPTE",2012-05-01,"","Animalia","Chordata","Mammalia","Rodentia","Sciuridae","Xerinae","Marmotini","Spermophilus","Xerospermophilus","","tereticaudus","","Spermophilus tereticaudus","Baird","species","Roundtailed Ground Squirrel","Don E. Wilson & DeeAnn M. Reeder (editors). 2005. Mammal Species of the World. A Taxonomic and Geographic Reference (3rd ed), Johns Hopkins University Press, 2,142 pp.","Wilson&Reeder2005","accepted","opportunistic"
"SPTR","SPTR",2012-05-01,"","Animalia","Chordata","Mammalia","Rodentia","Sciuridae","Xerinae","Marmotini","Spermophilus","Ictidomys","","tridecemlineatus","","Spermophilus tridecemlineatus","Mitchill","species","Thirteenlined Ground Squirrel","Don E. Wilson & DeeAnn M. Reeder (editors). 2005. Mammal Species of the World. A Taxonomic and Geographic Reference (3rd ed), Johns Hopkins University Press, 2,142 pp.","Wilson&Reeder2005","accepted","opportunistic"
"SPVA","SPVA",2012-05-01,"","Animalia","Chordata","Mammalia","Rodentia","Sciuridae","Xerinae","Marmotini","Spermophilus","Otospermophilus","","variegatus","","Spermophilus variegatus","Erxleben","species","Rock Squirrel","Don E. Wilson & DeeAnn M. Reeder (editors). 2005. Mammal Species of the World. A Taxonomic and Geographic Reference (3rd ed), Johns Hopkins University Press, 2,142 pp.","Wilson&Reeder2005","accepted","opportunistic"
"SYAQ","SYAQ",2012-05-01,"","Animalia","Chordata","Mammalia","Lagomorpha","Leporidae","","","Sylvilagus","Tapeti","","aquaticus","","Sylvilagus aquaticus","Bachman","species","Swamp Rabbit","Don E. Wilson & DeeAnn M. Reeder (editors). 2005. Mammal Species of the World. A Taxonomic and Geographic Reference (3rd ed), Johns Hopkins University Press, 2,142 pp.","Wilson&Reeder2005","accepted","non-target"
"SYAU","SYAU",2012-05-01,"","Animalia","Chordata","Mammalia","Lagomorpha","Leporidae","","","Sylvilagus","Sylvilagus","","audubonii","","Sylvilagus audubonii","Baird","species","Desert Cottontail","Don E. Wilson & DeeAnn M. Reeder (editors). 2005. Mammal Species of the World. A Taxonomic and Geographic Reference (3rd ed), Johns Hopkins University Press, 2,142 pp.","Wilson&Reeder2005","accepted","non-target"
"SYBA","SYBA",2012-05-01,"","Animalia","Chordata","Mammalia","Lagomorpha","Leporidae","","","Sylvilagus","Microlagus","","bachmani","","Sylvilagus bachmani","Waterhouse","species","Brush Rabbit","Don E. Wilson & DeeAnn M. Reeder (editors). 2005. Mammal Species of the World. A Taxonomic and Geographic Reference (3rd ed), Johns Hopkins University Press, 2,142 pp.","Wilson&Reeder2005","accepted","non-target"
"SYFL","SYFL",2012-05-01,"","Animalia","Chordata","Mammalia","Lagomorpha","Leporidae","","","Sylvilagus","Sylvilagus","","floridanus","","Sylvilagus floridanus","J. A. Allen","species","Eastern Cottontail","Don E. Wilson & DeeAnn M. Reeder (editors). 2005. Mammal Species of the World. A Taxonomic and Geographic Reference (3rd ed), Johns Hopkins University Press, 2,142 pp.","Wilson&Reeder2005","accepted","non-target"
"SYNU","SYNU",2012-05-01,"","Animalia","Chordata","Mammalia","Lagomorpha","Leporidae","","","Sylvilagus","Sylvilagus","","nuttallii","","Sylvilagus nuttallii","Bachman","species","Mountain Cottontail","Don E. Wilson & DeeAnn M. Reeder (editors). 2005. Mammal Species of the World. A Taxonomic and Geographic Reference (3rd ed), Johns Hopkins University Press, 2,142 pp.","Wilson&Reeder2005","accepted","non-target"
"SYOB","SYOB",2012-05-01,"","Animalia","Chordata","Mammalia","Lagomorpha","Leporidae","","","Sylvilagus","Sylvilagus","","obscurus","","Sylvilagus obscurus","Chapman et al.","species","Appalachian Cottontail","Don E. Wilson & DeeAnn M. Reeder (editors). 2005. Mammal Species of the World. A Taxonomic and Geographic Reference (3rd ed), Johns Hopkins University Press, 2,142 pp.","Wilson&Reeder2005","accepted","non-target"
"SYPA","SYPA",2012-05-01,"","Animalia","Chordata","Mammalia","Lagomorpha","Leporidae","","","Sylvilagus","Tapeti","","palustris","","Sylvilagus palustris","Bachman","species","Marsh Rabbit","Don E. Wilson & DeeAnn M. Reeder (editors). 2005. Mammal Species of the World. A Taxonomic and Geographic Reference (3rd ed), Johns Hopkins University Press, 2,142 pp.","Wilson&Reeder2005","accepted","non-target"
"SLSP","SLSP",2012-05-01,"","Animalia","Chordata","Mammalia","Lagomorpha","Leporidae","","","Sylvilagus",,"","sp.","","Sylvilagus sp.",,"genus",,"Don E. Wilson & DeeAnn M. Reeder (editors). 2005. Mammal Species of the World. A Taxonomic and Geographic Reference (3rd ed), Johns Hopkins University Press, 2,142 pp.","Wilson&Reeder2005","accepted","non-target"
"SYTR","SYTR",2012-05-01,"","Animalia","Chordata","Mammalia","Lagomorpha","Leporidae","","","Sylvilagus","Sylvilagus","","transitionalis","","Sylvilagus transitionalis","Bangs","species","New England Cottontail","Don E. Wilson & DeeAnn M. Reeder (editors). 2005. Mammal Species of the World. A Taxonomic and Geographic Reference (3rd ed), Johns Hopkins University Press, 2,142 pp.","Wilson&Reeder2005","accepted","non-target"
"SYBO","SYBO",2012-05-01,"","Animalia","Chordata","Mammalia","Rodentia","Cricetidae","Arvicolinae","","Synaptomys","Mictomys","","borealis","","Synaptomys borealis","Richardson","species","Northern Bog Lemming","Don E. Wilson & DeeAnn M. Reeder (editors). 2005. Mammal Species of the World. A Taxonomic and Geographic Reference (3rd ed), Johns Hopkins University Press, 2,142 pp.","Wilson&Reeder2005","accepted","target"
"SYCO","SYCO",2012-05-01,"","Animalia","Chordata","Mammalia","Rodentia","Cricetidae","Arvicolinae","","Synaptomys","Synaptomys","","cooperi","","Synaptomys cooperi","Baird","species","Southern Bog Lemming","Don E. Wilson & DeeAnn M. Reeder (editors). 2005. Mammal Species of the World. A Taxonomic and Geographic Reference (3rd ed), Johns Hopkins University Press, 2,142 pp.","Wilson&Reeder2005","accepted","target"
"SYSP","SYSP",2012-05-01,"","Animalia","Chordata","Mammalia","Rodentia","Cricetidae","Arvicolinae","","Synaptomys",,"","sp.","","Synaptomys sp.",,"genus",,"Don E. Wilson & DeeAnn M. Reeder (editors). 2005. Mammal Species of the World. A Taxonomic and Geographic Reference (3rd ed), Johns Hopkins University Press, 2,142 pp.","Wilson&Reeder2005","accepted","target"
"TAAM","TAAM",2012-05-01,"","Animalia","Chordata","Mammalia","Rodentia","Sciuridae","Xerinae","Marmotini","Tamias","Neotamias","","amoenus","","Tamias amoenus","J. A. Allen","species","Yellowpine Chipmunk","Don E. Wilson & DeeAnn M. Reeder (editors). 2005. Mammal Species of the World. A Taxonomic and Geographic Reference (3rd ed), Johns Hopkins University Press, 2,142 pp.","Wilson&Reeder2005","accepted","opportunistic"
"TACI","TACI",2012-05-01,"","Animalia","Chordata","Mammalia","Rodentia","Sciuridae","Xerinae","Marmotini","Tamias","Neotamias","","cinereicollis","","Tamias cinereicollis","J. A. Allen","species","Graycollared Chipmunk","Don E. Wilson & DeeAnn M. Reeder (editors). 2005. Mammal Species of the World. A Taxonomic and Geographic Reference (3rd ed), Johns Hopkins University Press, 2,142 pp.","Wilson&Reeder2005","accepted","opportunistic"
"TADO","TADO",2012-05-01,"","Animalia","Chordata","Mammalia","Rodentia","Sciuridae","Xerinae","Marmotini","Tamias","Neotamias","","dorsalis","","Tamias dorsalis","Baird","species","Cliff Chipmunk","Don E. Wilson & DeeAnn M. Reeder (editors). 2005. Mammal Species of the World. A Taxonomic and Geographic Reference (3rd ed), Johns Hopkins University Press, 2,142 pp.","Wilson&Reeder2005","accepted","opportunistic"
"TAME","TAME",2012-05-01,"","Animalia","Chordata","Mammalia","Rodentia","Sciuridae","Xerinae","Marmotini","Tamias","Neotamias","","merriami","","Tamias merriami","J. A. Allen","species","Merriams Chipmunk","Don E. Wilson & DeeAnn M. Reeder (editors). 2005. Mammal Species of the World. A Taxonomic and Geographic Reference (3rd ed), Johns Hopkins University Press, 2,142 pp.","Wilson&Reeder2005","accepted","opportunistic"
"TAMI","TAMI",2012-05-01,"","Animalia","Chordata","Mammalia","Rodentia","Sciuridae","Xerinae","Marmotini","Tamias","Neotamias","","minimus","","Tamias minimus","Bachman","species","Least Chipmunk","Don E. Wilson & DeeAnn M. Reeder (editors). 2005. Mammal Species of the World. A Taxonomic and Geographic Reference (3rd ed), Johns Hopkins University Press, 2,142 pp.","Wilson&Reeder2005","accepted","opportunistic"
"TAQU","TAQU",2012-05-01,"","Animalia","Chordata","Mammalia","Rodentia","Sciuridae","Xerinae","Marmotini","Tamias","Neotamias","","quadrivittatus","","Tamias quadrivittatus","Say","species","Colorado Chipmunk","Don E. Wilson & DeeAnn M. Reeder (editors). 2005. Mammal Species of the World. A Taxonomic and Geographic Reference (3rd ed), Johns Hopkins University Press, 2,142 pp.","Wilson&Reeder2005","accepted","opportunistic"
"TARU","TARU",2012-05-01,"","Animalia","Chordata","Mammalia","Rodentia","Sciuridae","Xerinae","Marmotini","Tamias","Neotamias","","rufus","","Tamias rufus","Hoffmeister and Ellis","species","Hopi Chipmunk","Don E. Wilson & DeeAnn M. Reeder (editors). 2005. Mammal Species of the World. A Taxonomic and Geographic Reference (3rd ed), Johns Hopkins University Press, 2,142 pp.","Wilson&Reeder2005","accepted","opportunistic"
"TMSP","TMSP",2012-05-01,"","Animalia","Chordata","Mammalia","Rodentia","Sciuridae","Xerinae","Marmotini","Tamias",,"","sp.","","Tamias sp.",,"genus",,"Don E. Wilson & DeeAnn M. Reeder (editors). 2005. Mammal Species of the World. A Taxonomic and Geographic Reference (3rd ed), Johns Hopkins University Press, 2,142 pp.","Wilson&Reeder2005","accepted","opportunistic"
"TASP","TASP",2012-05-01,"","Animalia","Chordata","Mammalia","Rodentia","Sciuridae","Xerinae","Marmotini","Tamias","Neotamias","","speciosus","","Tamias speciosus","Merriam","species","Lodgepole Chipmunk","Don E. Wilson & DeeAnn M. Reeder (editors). 2005. Mammal Species of the World. A Taxonomic and Geographic Reference (3rd ed), Johns Hopkins University Press, 2,142 pp.","Wilson&Reeder2005","accepted","opportunistic"
"TAST","TAST",2012-05-01,"","Animalia","Chordata","Mammalia","Rodentia","Sciuridae","Xerinae","Marmotini","Tamias","Tamias","","striatus","","Tamias striatus","Linnaeus","species","Eastern Chipmunk","Don E. Wilson & DeeAnn M. Reeder (editors). 2005. Mammal Species of the World. A Taxonomic and Geographic Reference (3rd ed), Johns Hopkins University Press, 2,142 pp.","Wilson&Reeder2005","accepted","opportunistic"
"TATO","TATO",2012-05-01,"","Animalia","Chordata","Mammalia","Rodentia","Sciuridae","Xerinae","Marmotini","Tamias","Neotamias","","townsendii","","Tamias townsendii","Bachman","species","Townsends Chipmunk","Don E. Wilson & DeeAnn M. Reeder (editors). 2005. Mammal Species of the World. A Taxonomic and Geographic Reference (3rd ed), Johns Hopkins University Press, 2,142 pp.","Wilson&Reeder2005","accepted","opportunistic"
"TAUM","TAUM",2012-05-01,"","Animalia","Chordata","Mammalia","Rodentia","Sciuridae","Xerinae","Marmotini","Tamias","Neotamias","","umbrinus","","Tamias umbrinus","J. A. Allen","species","Uinta Chipmunk","Don E. Wilson & DeeAnn M. Reeder (editors). 2005. Mammal Species of the World. A Taxonomic and Geographic Reference (3rd ed), Johns Hopkins University Press, 2,142 pp.","Wilson&Reeder2005","accepted","opportunistic"
"TSDO","TSDO",2012-05-01,"","Animalia","Chordata","Mammalia","Rodentia","Sciuridae","Sciurinae","Sciurini","Tamiasciurus","","","douglasii","","Tamiasciurus douglasii","Bachman","species","Douglass Squirrel","Don E. Wilson & DeeAnn M. Reeder (editors). 2005. Mammal Species of the World. A Taxonomic and Geographic Reference (3rd ed), Johns Hopkins University Press, 2,142 pp.","Wilson&Reeder2005","accepted","opportunistic"
"TAHU","TAHU",2012-05-01,"","Animalia","Chordata","Mammalia","Rodentia","Sciuridae","Sciurinae","Sciurini","Tamiasciurus","","","hudsonicus","","Tamiasciurus hudsonicus","Erxleben","species","Red Squirrel","Don E. Wilson & DeeAnn M. Reeder (editors). 2005. Mammal Species of the World. A Taxonomic and Geographic Reference (3rd ed), Johns Hopkins University Press, 2,142 pp.","Wilson&Reeder2005","accepted","opportunistic"
"TSSP","TSSP",2012-05-01,"","Animalia","Chordata","Mammalia","Rodentia","Sciuridae","Sciurinae","Sciurini","Tamiasciurus",,"","sp.","","Tamiasciurus sp.",,"genus",,"Don E. Wilson & DeeAnn M. Reeder (editors). 2005. Mammal Species of the World. A Taxonomic and Geographic Reference (3rd ed), Johns Hopkins University Press, 2,142 pp.","Wilson&Reeder2005","accepted","opportunistic"
"THBO","THBO",2012-05-01,"","Animalia","Chordata","Mammalia","Rodentia","Geomyidae ","","","Thomomys","Megascapheus","","bottae","","Thomomys bottae","(Eydoux and Gervais)","species","Bottas Pocket Gopher","Don E. Wilson & DeeAnn M. Reeder (editors). 2005. Mammal Species of the World. A Taxonomic and Geographic Reference (3rd ed), Johns Hopkins University Press, 2,142 pp.","Wilson&Reeder2005","accepted","non-target"
"THID","THID",2012-05-01,"","Animalia","Chordata","Mammalia","Rodentia","Geomyidae ","","","Thomomys","Thomomys","","idahoensis","","Thomomys idahoensis","Merriam","species","Idaho Pocket Gopher","Don E. Wilson & DeeAnn M. Reeder (editors). 2005. Mammal Species of the World. A Taxonomic and Geographic Reference (3rd ed), Johns Hopkins University Press, 2,142 pp.","Wilson&Reeder2005","accepted","non-target"
"THSP","THSP",2012-05-01,"","Animalia","Chordata","Mammalia","Rodentia","Geomyidae ","","","Thomomys",,"","sp.","","Thomomys sp.",,"genus",,"Don E. Wilson & DeeAnn M. Reeder (editors). 2005. Mammal Species of the World. A Taxonomic and Geographic Reference (3rd ed), Johns Hopkins University Press, 2,142 pp.","Wilson&Reeder2005","accepted","non-target"
"THTA","THTA",2012-05-01,"","Animalia","Chordata","Mammalia","Rodentia","Geomyidae ","","","Thomomys","Thomomys","","talpoides","","Thomomys talpoides","(Richardson)","species","Northern Pocket Gopher","Don E. Wilson & DeeAnn M. Reeder (editors). 2005. Mammal Species of the World. A Taxonomic and Geographic Reference (3rd ed), Johns Hopkins University Press, 2,142 pp.","Wilson&Reeder2005","accepted","non-target"
"THUM","THUM",2012-05-01,"","Animalia","Chordata","Mammalia","Rodentia","Geomyidae ","","","Thomomys","Megascapheus","","umbrinus","","Thomomys umbrinus","(Richardson)","species","Southern Pocket Gopher","Don E. Wilson & DeeAnn M. Reeder (editors). 2005. Mammal Species of the World. A Taxonomic and Geographic Reference (3rd ed), Johns Hopkins University Press, 2,142 pp.","Wilson&Reeder2005","accepted","non-target"
"ZAHU","ZAHU",2012-05-01,"","Animalia","Chordata","Mammalia","Rodentia","Dipodidae","Zapodinae","","Zapus","","","hudsonius","","Zapus hudsonius","Zimmermann","species","Meadow Jumping Mouse","Don E. Wilson & DeeAnn M. Reeder (editors). 2005. Mammal Species of the World. A Taxonomic and Geographic Reference (3rd ed), Johns Hopkins University Press, 2,142 pp.","Wilson&Reeder2005","accepted","target"
"ZAHP","ZAHP",2012-05-01,"","Animalia","Chordata","Mammalia",,,,,"Zapus",,"","hudsonius","preblei","Zapus hudsonius preblei",,"subspecies",,"Don E. Wilson & DeeAnn M. Reeder (editors). 2005. Mammal Species of the World. A Taxonomic and Geographic Reference (3rd ed), Johns Hopkins University Press, 2,142 pp.","Wilson&Reeder2005","accepted","non-target"
"ZAPR","ZAPR",2012-05-01,"","Animalia","Chordata","Mammalia","Rodentia","Dipodidae","Zapodinae","","Zapus","","","princeps","","Zapus princeps","Allen","species","Western Jumping Mouse","Don E. Wilson & DeeAnn M. Reeder (editors). 2005. Mammal Species of the World. A Taxonomic and Geographic Reference (3rd ed), Johns Hopkins University Press, 2,142 pp.","Wilson&Reeder2005","accepted","target"
"ZASP","ZASP",2012-05-01,"","Animalia","Chordata","Mammalia","Rodentia","Dipodidae","Zapodinae","","Zapus",,"","sp.","","Zapus sp.",,"genus",,"Don E. Wilson & DeeAnn M. Reeder (editors). 2005. Mammal Species of the World. A Taxonomic and Geographic Reference (3rd ed), Johns Hopkins University Press, 2,142 pp.","Wilson&Reeder2005","accepted","target"
"ZATR","ZATR",2012-05-01,"","Animalia","Chordata","Mammalia","Rodentia","Dipodidae","Zapodinae","","Zapus","","","trinotatus","","Zapus trinotatus","Rhoads","species","Pacific Jumping Mouse","Don E. Wilson & DeeAnn M. Reeder (editors). 2005. Mammal Species of the World. A Taxonomic and Geographic Reference (3rd ed), Johns Hopkins University Press, 2,142 pp.","Wilson&Reeder2005","accepted","target"
