source_id,info_type,file_type,notes,isbn,author,title,journal,volume,issue,pages,year,url,tags,spat_scale,spat_extent
http://www.mendeley.com/research/animal-species-list-bona-1/,WebPage,,,,,Animal species list for BONA,,,,,,http://www.lter.uaf.edu/ascii/files/218_AnimalSpeciesList.txt,,site,
http://www.mendeley.com/c/5077870952/g/2058663/2012-romomammalcertifiedspecieslist/,Generic,,,,,ROMO_Mammal_CertifiedSpeciesList,,,,,2012,,D10;later;mammals;mixed;off-site;RMNP;species list,offsite,
http://www.mendeley.com/c/5050144782/g/2058663/2002-denali-national-park-mammal-checklist/,generic,,,,,Denali National Park mammal checklist,,,,,2002,http://www.nps.gov/dena/naturescience/mammalchecklist.htm,,site,
http://www.mendeley.com/c/5097547162/g/2058663/underc-mammal-list/,WebPage,,,,,Mammal species list for UNDERC,,,,,,http://www.nd.edu/~underc/east/about/MammalList.shtml,mammals;mammology;michigan;underc;wisconsin,site,
http://www.mendeley.com/c/5400303214/g/2058663/wilson-north-american-mammals/,Web Page,,,,Wilson; D.; Ruff; S.; & & Kays; R.,North American Mammals,,,,,,,mammals;taxonomy,site,
http://www.mendeley.com/c/4939778322/g/2058663/rmnp-rmnp-species-lists/,generic,,,,,RMNP Species Lists,,,,,,http://www.nps.gov/romo/naturescience/index.htm,,site,
http://www.mendeley.com/c/5038504502/g/2058663/red-butte-canyon-mammalian-fauna/,WebPage,,,,,Red Butte Canyon Mammalian Fauna,,,,,,http://redbuttecanyon.net/mammalian.html,,site,
http://www.mendeley.com/c/5051066502/g/2058663/canymammalcertifiedspecieslist/,Generic,,,,,CANY_Mammal_CertifiedSpeciesList,,,,,,,D13;mammals;mixed;MOAB;species list;super site,supersite,
http://www.mendeley.com/c/5015016762/g/2058663/jornada-jorn-mammal-species-list/,Web Page,,,,,Jornada (JORN) mammal species list,,,,,,,D14;JORN;mammals;site;species list,site,
http://www.mendeley.com/c/5145034064/g/2058663/knrimammalcertifiedspecieslist/,Generic,,,,,KNRI_Mammal_CertifiedSpeciesList,,,,,,,D9;mammals;off-site;species list,offsite,
http://www.mendeley.com/c/5023417322/g/2058663/2008-north-sterling-state-park-wildlife-list/,generic,,,,,North Sterling State Park Wildlife List,,,,,2008,,,site,
http://www.mendeley.com/c/4939778352/g/2058663/lter-mammal-species-list/,Generic,,,,LTER; S. S.,Mammal Species List,,,,,,,CPER;D10;mammals;shrubland;species list,site,
http://www.mendeley.com/c/5004975572/g/2058663/guanica-checklist/,Web Page,,,,,Guanica checklist,,,,,,,birds;D4;GUAN;herps;shrubland;site;species list,site,
http://www.mendeley.com/c/5012256932/g/2058663/gannon-2005-bats-of-puerto-rico-an-island-focus-and-a-caribbean-perspective/,book,,,,,Bats of Puerto Rico: an island focus and a Caribbean perspective,Journal of Mammalogy,8,3,239,2005,http://books.google.com/books?id=s8hYVsk4L5EC&pgis=1,,site,
http://www.mendeley.com/c/5026781362/g/2058663/martin-1973-the-santa-rita-experimental-range--your-facility-for-research-on-semidesert-ecosystems/,Journal Article,,,,Martin; S. C.; & & Reynolds; H. G.,The Santa Rita Experimental Range : Your Facility for Research on Semidesert Ecosystems,Journal of the Arizona Academy of Science,8,2,56-67,1973,,D14;desert;journal article;later;old;shrubland;site;SRER,site,
http://www.mendeley.com/c/5052628462/g/2058663/mammals-of-the-niwot-ridge-biosphere-reserve/,Generic,,,,,Mammals of the Niwot Ridge Biosphere Reserve,,,,,,,D13;mammals;NIWO;site;species list;tundra,site,
http://www.mendeley.com/c/5147567754/g/2058663/mammals-of-florida--american-society-of-mammalogists/,WebPage,,,,,Mammals of Florida | American Society of Mammalogists,,,,,,http://www.mammalsociety.org/mammals-florida,,site,
http://www.mendeley.com/c/4997250582/g/2058663/1996-habitat-fragmentation-and-the-perceived-and-actual-risk-of-predation/,Journal Article,,,,,Habitat fragmentation and the perceived and actual risk of predation,Virginia Journal of Science,47,1,,1996,,BLAN;D2;dataset;journal article;mammals,site,
http://www.mendeley.com/c/5032797962/g/2058663/grsm-mammals/,WebPage,,,,,GRSM Mammals,,,,,,http://www.dlia.org/atbidata/SpeciesList.php?taxon=Class&tname=Mammalia,,site,
http://www.mendeley.com/c/5069088332/g/2058663/mlbsmammalspdf-applicationpdf-object/,WebPage,,,,,MLBS_mammals.pdf (application/pdf Object),,,,,,http://www.jstor.org.dist.lib.usu.edu/stable/pdfplus/3277203.pdf,,site,
http://www.mendeley.com/c/5050614152/g/2058663/2011-mammals-of-the-oak-ridge-reservation--revised-december-2011-/,generic,,,,,Mammals of the Oak Ridge Reservation ( revised December 2011 ),,,December,,2011,,,site,
http://www.mendeley.com/c/5014927362/g/2058663/oftedal-2009-sercmammallist2009/,Generic,,,,Oftedal; O.,SERC_mammal_list_2009,,,,,2009,,biodiversity;D2;dataset;later;mammals;mixed;SERC;site;species list,site,
http://www.mendeley.com/c/5007912492/g/2058663/higgins-1992-waterfowl-production-on-the-woodworth-station-in-south-central-north-dakota--1965-1981/,journal,,,,,Waterfowl Production on the Woodworth Station in South-central North Dakota ; 1965-1981 (duplicate copy for DCFS),US Fish and Wildlife Service Resouce Publication 180,,,,1992,http://www.npwrc.usgs.gov/resource/birds/wpwood/index.htm,grassland;journal article;old,site,
http://www.mendeley.com/c/5076345952/g/2058663/higgins-1992-waterfowl-production-on-the-woodworth-station-in-south-central-north-dakota--1965-1981-duplicate-copy-for-dcfs/,journal,,,,,Waterfowl Production on the Woodworth Station in South-central North Dakota ; 1965-1981 (duplicate copy for DCFS),US Fish and Wildlife Service Resouce Publication 180,,,,1992,http://www.npwrc.usgs.gov/resource/birds/wpwood/index.htm,grassland;journal article;old,site,
http://www.mendeley.com/c/4974603702/g/2058663/smith-2006-the-vertebrate-fauna-of-ichauway-baker-county-ga/,journal,,,,,The Vertebrate Fauna of Ichauway; Baker County; GA,Southeastern Naturalist,5,4,599-620,2006,http://www.bioone.org/doi/abs/10.1656/1528-7092%282006%295%5B599%3ATVFOIB%5D2.0.CO%3B2,,site,
http://www.mendeley.com/c/4959343312/g/2058663/annotated-mammal-species-list-of-the-ordway-swisher-biological-station/,WebPage,,,,,Annotated Mammal Species List of the Ordway-Swisher Biological Station,,,,,,http://ordway-swisher.ufl.edu/species/os-mammalia.htm,,site,
http://www.mendeley.com/c/4974603722/g/2058663/howze-2009-predator-removal-and-white-tailed-deer-recruitment-in-southwestern-georgia/,journal,,,,,Predator removal and white-tailed deer recruitment in Southwestern Georgia,Proceedings of the Annual Conference of the Southeast Association of Fish and Wildlife Agencies,63,,17-20,2009,,,site,
http://www.mendeley.com/c/5014516852/g/2058663/evans-2007-environmental-assessment---non-native-invasive-plant-species-control/,Report,,,,,Environmental Assessment - Non-Native; Invasive Plant Species Control,,,,,2007,http://prdp2fs.ess.usda.gov/Internet/FSE_DOCUMENTS/stelprdb5157145.pdf,,site,
http://www.mendeley.com/c/4971280602/g/2058663/jerc-2012-jercpublications2003present/,Web Page,,,,,JERC_publications_2003_present,,,,,2012,,D3;JERC;super site;woodland,supersite,
http://www.mendeley.com/c/5001047982/g/2058663/gomez-2008-land-use-and-west-nile-virus-seroprevalence-in-wild-mammals/,journal,,,,,Land Use and West Nile Virus Seroprevalence in Wild Mammals,Emerging Infectious Diseases,14,6,962-965,2008,http://www.pubmedcentral.nih.gov/articlerender.fcgi?artid=2600304&tool=pmcentrez&rendertype=abstract,disease;dispatch;indicator species;land use;risk;sciurus carolinensis;serology;urbanization,site,
http://www.mendeley.com/c/4997232292/g/2058663/bowers-1993-influence-of-herbivorous-mammals-on-an-old-field-plant-community--years-1-4-after-disturbance/,journal,,,,,Influence of Herbivorous Mammals on an Old-Field Plant Community: Years 1-4 after Disturbance,Oikos,67,1,129-141,1993,http://www.jstor.org/stable/3545103?origin=crossref,,site,
http://www.mendeley.com/c/4997133882/g/2058663/bowers-1993-predation-hazard-and-seed-removal-by-small-mammals--microhabitat-versus-patch-scale-effects/,Journal Article,,,,Bowers; M. A.; & & Dooley; J. L.,Predation Hazard and Seed Removal by Small Mammals : Microhabitat versus Patch Scale Effects,Oecologia,94,2,247-254,1993,,BLAN;D2;journal article;mammals,site,
http://www.mendeley.com/c/5133689034/g/2058663/rare-species-documented-in-bibb-county-al/,WebPage,,,,,Rare species documented in Bibb County; AL,,,,,,http://www.alnhp.org/submit_query.php,,site,
http://www.mendeley.com/c/4997238082/g/2058663/bowers-1995-use-of-space-and-habitats-by-the-eastern-chipmunk--tamias-striatus/,journal,,,,,Use of space and habitats by the eastern chipmunk; Tamias striatus,Journal of Mammalogy,76,1,21-Dec,1995,http://www.jstor.org/stable/10.2307/1382310,central place foraging;concern;habitat use;ing which habitats;mals;many animals make decisions;microhabitats;predation risk;small mam;tamias striatus;use which,site,
http://www.mendeley.com/c/5017965982/g/2058663/ohmart-2000-vertebrate-species-composition-of-remnant-desert-islands-within-urban-phoenix/,Generic,,,,Ohmart; R.; & & Clark; K.,Vertebrate Species Composition of Remnant Desert Islands within Urban Phoenix,,,,,2000,,biodiversity;CAPL;D14;dataset;off-site;species list,offsite,
http://www.mendeley.com/c/4955268692/g/2058663/the-nature-conservancy-2012-disney-wilderness-preserve---about/,Web Page,,,,,Disney Wilderness Preserve - About,,,,,2012,,D3;DSNY;mixed;site,site,
http://www.mendeley.com/c/5072967812/g/2058663/treelandmanagementplanpdf-applicationpdf-object/,WebPage,,,,,TREE_LandManagementPlan.pdf (application/pdf Object),,,,,,http://www.uwsp.edu/cnr-ap/treehaven/Documents/maps/TH_LandManagementPlan.pdf,,site,
http://www.mendeley.com/c/4980589502/g/2058663/costello-2000-songbird-response-to-group-selection-harvests-and-clearcuts-in-a-new-hampshire-northern-hardwood-forest/,journal,,,,,Songbird response to group selection harvests and clearcuts in a New Hampshire northern hardwood forest,Forest Ecology and Management,127,3-Jan,41-54,2000,http://linkinghub.elsevier.com/retrieve/pii/S0378112799001310,clearcut;early successional;forest birds;group selection;northern hardwood forest,site,
http://www.mendeley.com/c/5010258482/g/2058663/blan-birds-checklist/,generic,,,,,BLAN birds checklist,,,,,,,,site,
http://www.mendeley.com/c/5026914302/g/2058663/animal-species-list-for-bona/,WebPage,,,,,Animal species list for BONA,,,,,,http://www.lter.uaf.edu/ascii/files/218_AnimalSpeciesList.txt,,site,
http://www.mendeley.com/c/5015351322/g/2058663/jason-2004-point-count-bird-censusing-data-subset-for-paper-effects-of-land-use-and-vegetation-cover-on-bird-communities-walker-et-al/,Generic,,,,Jason; W.; Shochat; E.; Katti; M.; & & Warren; P.,Point Count Bird Censusing Data Subset for Paper 'EFFECTS OF LAND USE AND VEGETATION COVER ON BIRD COMMUNITIES' Walker et. al,,,,,2004,,agriculture;birds;CAPL;D14;dataset;desert;off-site;urban,offsite,
http://www.mendeley.com/c/5017837642/g/2058663/warren-2005-ecological-and-social-interactions-in-urban-parks-bird-surveys-in-local-parks-in-the-cap-lter-study-area/,generic,,,,,Ecological and Social Interactions in Urban Parks: Bird surveys in local parks in the CAP-LTER study area,,,,,2005,http://caplter.asu.edu/data/?id=256,,site,
http://www.mendeley.com/c/5017959072/g/2058663/shochat-2004-capl-point-count-bird-censusing/,generic,,,,,CAPL: Point Count Bird Censusing,,,,,2004,http://caplter.asu.edu/data/?id=46,,site,
http://www.mendeley.com/c/5017977952/g/2058663/ohmart-2003-capl-transect-bird-survey-with-data-synthesis/,generic,,,,,CAPL: Transect Bird Survey with Data Synthesis,,,,,2003,http://caplter.asu.edu/data/?id=43,,site,
http://www.mendeley.com/c/5133786274/g/2058663/2006-choctaw-national-wildlife-refuge-comprehensive-conservation-plan/,Report,,,,,Choctaw National Wildlife Refuge Comprehensive Conservation Plan,,,,,2006,http://library.fws.gov/CCPs/choctaw_final.pdf,,site,
http://www.mendeley.com/c/5076417672/g/2058663/euliss-1996-ecological-studies-at-the-woodworth-study-area-terrestrial-bird-communities-on-the-woodworth-study-area-duplicated-copy-for-dcfs/,journal,,,,,Ecological Studies at the Woodworth Study Area Terrestrial Bird Communities on the Woodworth Study Area (duplicated copy for DCFS),Proceedings of the North Dakota Academy of Science,50,,92-156,1996,http://www.npwrc.usgs.gov/resource/habitat/woodwort/johnson.htm,,site,
http://www.mendeley.com/c/5091479232/g/2058663/deju-bbs-bird-species/,WebPage,,,,,DSNY BBS Bird Species,,,,,,http://www.mbr-pwrc.usgs.gov/cgi-bin/rtena210.pl?25069,,site,
http://www.mendeley.com/c/4958992632/g/2058663/rapoza-2007-birding-florida-over-200-prime-birding-sites-at-54-locations/,Book,,,9.78E+12,Rapoza; B.,Birding Florida: Over 200 Prime Birding Sites at 54 Locations,,,,,2007,,birds;book;D3;site;state,state,
http://www.mendeley.com/c/5077905242/g/2058663/2012-romobirdcertifiedspecieslist/,Generic,,,,,ROMO_Bird_CertifiedSpeciesList,,,,,2012,,biodiversity;birds;D10;later;mixed;off-site;RMNP;species list,offsite,
http://www.mendeley.com/c/5032832812/g/2058663/grsm-birds/,Web Page,,,,,GRSM Birds,,,,,,,biodiversity;birds;D7;GRSM;mixed;species list,site,
http://www.mendeley.com/c/5007652542/g/2058663/faaborg-1995-survival-rates-of-puerto-rican-birds--are-islands-really-that-different-/,journal,,,,,Survival rates of Puerto Rican birds: Are islands really that different?,The Auk,112,2,503-507,1995,http://www.jstor.org/stable/4088741,,site,
http://www.mendeley.com/c/5050191252/g/2058663/denali-national-park-bird-checklist/,generic,,,,,Denali National Park bird checklist,,,,,,,,site,
http://www.mendeley.com/c/5012819402/g/2058663/birds-of-the-jornada-sorted-by-common-name/,Web Page,,,,,birds of the jornada; sorted by common name,,,,,,,birds;D14;JORN;later;site;species list,site,
http://www.mendeley.com/c/5069153072/g/2058663/johnston-1970-high-density-of-birds-breeding-in-a-modified-deciduous-forest/,WebPage,,,,,MLBS_breeding_birds.pdf (application/pdf Object),,,,,,http://library.unm.edu/sora/Wilson/v082n01/p0079-p0082.pdf,,site,
http://www.mendeley.com/c/5051079592/g/2058663/canybirdcertifiedspecieslist/,Generic,,,,,CANY_Bird_CertifiedSpeciesList,,,,,,,birds;D13;mixed;MOAB;species list;super site;taxonomy,supersite,
http://www.mendeley.com/c/5052663032/g/2058663/birds-of-tundra-habitats-on-niwot-ridge-and-vicinity/,Generic,,,,,Birds of tundra habitats on Niwot Ridge and vicinity,,,,,,,old;site;species list;tundra,site,
http://www.mendeley.com/c/5091464702/g/2058663/nogp-bbs-bird-species/,WebPage,,,,,NOGP BBS Bird Species,,,,,,http://www.mbr-pwrc.usgs.gov/cgi-bin/rtena210.pl?64020,,site,
http://www.mendeley.com/c/5097570432/g/2058663/onaq-bird-species-list/,generic,,,,,ONAQ Bird Species List,,,,,,,,site,
http://www.mendeley.com/c/5050529952/g/2058663/birds-of-the-oak-ridge-reservation/,generic,,,,,Birds of the oak ridge reservation,,,,,,www.esd.ornl.gov/facilities/nerp/orr_birds.pdf,,site,
http://www.mendeley.com/c/4959343262/g/2058663/annotated-avian-species-list-of-the-ordway-swisher-biological-station/,Web Page,,,,,Annotated Avian Species List of the Ordway-Swisher Biological Station,,,,,,,birds;D3;mixed;OSBS;species list,site,
http://www.mendeley.com/c/5024985122/g/2058663/plum-island-ecosystems-lter-database/,WebPage,,,,,Plum Island Ecosystems LTER Database,,,,,,http://ecosystems.mbl.edu/PIE/data/htl/HTL-MAR-BreedingBirds.html,,site,
http://www.mendeley.com/c/5038708192/g/2058663/red-butte-canyon-avian-fauna/,Web Page,,,,,Red Butte Canyon Avian Fauna,,,,,,,birds;D15;forest;old;RBUT;site;species list,site,
http://www.mendeley.com/c/5038757452/g/2058663/red-butte-canyon-summer-avian-fauna/,WebPage,,,,,Red Butte Canyon Summer Avian Fauna,,,,,,http://redbuttecanyon.net/summer.html,,site,
http://www.mendeley.com/c/5000636102/g/2058663/lynch-sercwinterbirdsurvey/,Generic,,,,Lynch; J.; & & Marra; P.,SERC_winterbirdsurvey,,,,,,,birds;dataset;mixed;SERC;site,site,
http://www.mendeley.com/c/5004761222/g/2058663/serc-ebird-1992-1990/,WebPage,,,,,SERC eBird 1992-1990,,,,,,http://ebird.org/ebird/GuideMe?src=changeDate&getLocations=hotspots&hotspots=L337913&parentState=US-MD&reportType=location&monthRadio=on&bMonth=01&eMonth=12&bYear=1992&eYear=2012&continue.x=46&continue.y=4,audubon;birding;birds;conservation;cornell;ebird;nature;ornithology;science,site,
http://www.mendeley.com/c/5007658102/g/2058663/mcdonald-2012-serc-additional-bird-list/,generic,,,,,SERC Additional Bird List,,,,,2012,,,site,
http://www.mendeley.com/c/5093402592/g/2058663/stei-bbs-bird-species/,WebPage,,,,,STEI BBS Bird Species,,,,,,http://www.mbr-pwrc.usgs.gov/cgi-bin/rtena210.pl?91022,,site,
http://www.mendeley.com/c/5023363352/g/2058663/2008-ster-bird-species/,generic,,,,,STER Bird Species,,,,,2008,,,site,
http://www.mendeley.com/c/5026775772/g/2058663/breeding-bird-survey-tallbbsroute027521999to2011/,Generic,,,,,TALL_BBS_route02752_1999to2011,,,,,,,biodiversity;birds;D8;dataset;forest;site;species list;TALL,site,
http://www.mendeley.com/c/5093408282/g/2058663/tree-bbs-bird-species/,WebPage,,,,,TREE BBS Bird Species,,,,,,http://www.mbr-pwrc.usgs.gov/cgi-bin/rtena210.pl?91022,,site,
http://www.mendeley.com/c/5093465232/g/2058663/unde-bbs-bird-species/,WebPage,,,,,DSNY BBS Bird Species,,,,,,http://www.mbr-pwrc.usgs.gov/cgi-bin/rtena210.pl?25069,,site,
http://www.mendeley.com/c/5097544252/g/2058663/underc-birdlist/,WebPage,,,,,UNDERC BirdList,,,,,,http://www.nd.edu/~underc/east/about/BirdList.shtml,about;bend;biology;center;centers;dame;description;descriptions;east;environment;environmental;environments;fight;fightin;fighting;historical;history;indiana;info;information;irish;lab;laboratories;laboratory;labs;michigan;natural;nature;notre;research;science;sciences;south;studies;study;underc;university;up;upper;us;wi;wisconsin,site,
http://www.mendeley.com/c/5007951092/g/2058663/euliss-1996-ecological-studies-at-the-woodworth-study-area-terrestrial-bird-communities-on-the-woodworth-study-area/,Journal Article,,,,Euliss; N. H. J. E.,Ecological Studies at the Woodworth Study Area Terrestrial Bird Communities on the Woodworth Study Area,Proceedings of the North Dakota Academy of Science,50,,92-156,1996,,biodiversity;birds;D9;grassland;journal article;site;species list;WOOD,site,
http://www.mendeley.com/c/5144597264/g/2058663/polk-county-florida-birds/,WebPage,,,,,Polk County Florida Birds,,,,,,http://www.polkcountybirds.com/list.html,,site,
http://www.mendeley.com/c/5144600464/g/2058663/dsny-bbs-bird-species/,WebPage,,,,,DSNY BBS Bird Species,,,,,,http://www.mbr-pwrc.usgs.gov/cgi-bin/rtena210.pl?25069,,site,
http://www.mendeley.com/c/5007620672/g/2058663/blandy-experimental-farm-wild-plants/,generic,,,,,Blandy Experimental Farm wild plants,,,,,,http://www.mendeley.com/c/5007620672/g/2058663/blandy-experimental-farm-wild-plants/,,site,
http://www.mendeley.com/c/5026907462/g/2058663/the-response-of-plant-community-structure-and-productivity-to-changes-in-hydrology-in-alaskan-boreal-peatlands/,Thesis,,,,,The response of plant community structure and productivity to changes in hydrology in Alaskan boreal peatlands,,,December,,2011,http://www.lter.uaf.edu/pdf/1541_Churchill_2011.pdf,,site,
http://www.mendeley.com/c/5026923962/g/2058663/plants-of-bona/,WebPage,,,,,plants of BONA,,,,,,http://www.lter.uaf.edu/ascii/files/218_PlantSpeciesList.txt,,site,
http://www.mendeley.com/c/5015368012/g/2058663/gries-2005-capl-survey-200-cacti/,Generic,,,,Gries; C.; Hope; D.; Martin; C.; Pinkava; D.; & & Scheiner; S.,CAPL: Survey 200 Cacti,,,,,2005,,CAPL;D14;dataset;desert;off-site;plants;species list,offsite,
http://www.mendeley.com/c/5015388762/g/2058663/hope-2005-capl-survey-200-annuals/,Generic,,,,Hope; D.; Gries; C.; & & Martin; C.,CAPL: Survey 200 Annuals,,,,,2005,,CAPL;D14;dataset;desert;off-site;plants;species list,offsite,
http://www.mendeley.com/c/5017899482/g/2058663/stiles-2003-plant-survey-of-current-vegetation-desert-vegetation/,Generic,,,,Stiles; A.; Fantozzi; K.; Scheiner; S.; & & Briggs; J.,Plant Survey of Current Vegetation: Desert Vegetation,,,,,2003,,biodiversity;CAPL;D14;dataset;desert;off-site;plants;species list,offsite,
http://www.mendeley.com/c/5008213512/g/2058663/schotz-2003-choctawplantsurveyschotzpdf/,Generic,,,,Schotz; A. R.,choctaw_plant_survey_Schotz.pdf,,,,,2003,,CHOC;D8;dataset;forest;plants;site,site,
http://www.mendeley.com/c/5075546902/g/2058663/mushet-2004-the-flora-of-the-cottonwood-lake-study-area--stutsman-county--north-dakota-the-flora-of-the-cottonwood-lake-study/,journal,,,,,The Flora of the Cottonwood Lake Study Area ; Stutsman County ; North Dakota The Flora of the Cottonwood Lake Study,The Prairie Naturalist,36,1,43-62,2004,http://digitalcommons.unl.edu/cgi/viewcontent.cgi?article=1165&amp;context=usgsnpwrc,cottonwood lake study area;flora;floristic quality;mixed grass;prairie;wetlands,site,
http://www.mendeley.com/c/5007859122/g/2058663/meyer-1985-classification-of-native-vegetation-at-the-woodworth-station-north-dakota/,journal,,,,,Classification of Native Vegetation at the Woodworth Station; North Dakota,The Parairie Naturalist,17,3,167-175,1985,,grassland;journal article;old;site,site,
http://www.mendeley.com/c/5076426772/g/2058663/euliss-1996-ecological-studies-at-the-woodworth-study-area-upland-vegetation-at-the-woodworth-study-area/,Journal Article,,,,Euliss; N. H. J. E.,Ecological Studies at the Woodworth Study Area Upland Vegetation at the Woodworth Study Area,Proceedings of the North Dakota Academy of Science,50,,92-156,1996,,D9;grassland;journal article;off-site;plants;WOOD,offsite,
http://www.mendeley.com/c/5076428272/g/2058663/euliss-1996-ecological-studies-at-the-woodworth-study-area-effects-of-water-level-changes-on-prairie-pothole-vegetation-structure-and-diversity-in-the-woodworth-study-area--north-dakota-duplicated-copy-for-dcfs/,journal,,,,,Ecological Studies at the Woodworth Study Area Effects of Water Level Changes on Prairie Pothole Vegetation Structure and Diversity in the Woodworth Study Area ; North Dakota (duplicated copy for DCFS),Proceedings of the North Dakota Academy of Science,50,,92-156,1996,http://www.npwrc.usgs.gov/resource/habitat/woodwort/taylor.htm,,site,
http://www.mendeley.com/c/5075410642/g/2058663/collins-2011-tree-regeneration-and-future-stand-development-after-bark-beetle-infestation-and-harvesting-in-colorado-lodgepole-pine-stands/,journal,,,,,Tree regeneration and future stand development after bark beetle infestation and harvesting in Colorado lodgepole pine stands,Forest Ecology and Management,261,11,2168-2175,2011,http://linkinghub.elsevier.com/retrieve/pii/S0378112711001599,rocky mountain forests,site,
http://www.mendeley.com/c/5032228402/g/2058663/grsm-acoraceae/,Web Page,,,,,GRSM Acoraceae,,,,,,,D7;GRSM;plants;species list,site,
http://www.mendeley.com/c/5032228092/g/2058663/grsm-araceae/,Web Page,,,,,GRSM Araceae,,,,,,,biodiversity;D7;GRSM;plants;species list,site,
http://www.mendeley.com/c/5032228422/g/2058663/grsm-alismatacea/,WebPage,,,,,GRSM Alismatacea,,,,,,http://www.dlia.org/atbidata/SpeciesList.php?taxon=Family&tname=Alismataceae,,site,
http://www.mendeley.com/c/5032243502/g/2058663/grsm-juncaceae/,Web Page,,,,,GRSM Juncaceae,,,,,,,D7;GRSM;plants;species list,site,
http://www.mendeley.com/c/5032231852/g/2058663/grsm-cyperaceae/,WebPage,,,,,GRSM Cyperaceae,,,,,,http://www.dlia.org/atbidata/SpeciesList.php?taxon=Family&tname=Cyperaceae,,site,
http://www.mendeley.com/c/5032232432/g/2058663/grsm-poaceae/,WebPage,,,,,GRSM Poaceae,,,,,,http://www.dlia.org/atbidata/SpeciesList.php?taxon=Family&tname=Poaceae,,site,
http://www.mendeley.com/c/5032293702/g/2058663/grsm-commelinaceae/,WebPage,,,,,GRSM Commelinaceae,,,,,,http://www.dlia.org/atbidata/SpeciesList.php?taxon=Family&tname=Commelinaceae,,site,
http://www.mendeley.com/c/5032294612/g/2058663/pontederiaceae/,Web Page,,,,,Pontederiaceae,,,,,,,D7;GRSM;plants;species list,site,
http://www.mendeley.com/c/5032300722/g/2058663/grsm-xyridaceae/,WebPage,,,,,GRSM Xyridaceae,,,,,,http://www.dlia.org/atbidata/SpeciesList.php?taxon=Family&tname=Xyridaceae,,site,
http://www.mendeley.com/c/5032319462/g/2058663/grsm-agavaceae/,WebPage,,,,,GRSM Agavaceae,,,,,,http://www.dlia.org/atbidata/SpeciesList.php?taxon=Family&tname=Agavaceae,,site,
http://www.mendeley.com/c/5032319452/g/2058663/grsm-dioscoreaceae/,WebPage,,,,,GRSM Dioscoreaceae,,,,,,http://www.dlia.org/atbidata/SpeciesList.php?taxon=Family&tname=Dioscoreaceae,,site,
http://www.mendeley.com/c/5032319442/g/2058663/grsm-iridaceae/,WebPage,,,,,GRSM Iridaceae,,,,,,http://www.dlia.org/atbidata/SpeciesList.php?taxon=Family&tname=Iridaceae,,site,
http://www.mendeley.com/c/5032319432/g/2058663/grsm-liliaceae/,Web Page,,,,,GRSM Liliaceae,,,,,,,D7;GRSM;plants;species list,site,
http://www.mendeley.com/c/5032319422/g/2058663/grsm-smilaceae/,WebPage,,,,,GRSM Smilaceae,,,,,,http://www.dlia.org/atbidata/SpeciesList.php?taxon=Family&tname=Smilacaceae,,site,
http://www.mendeley.com/c/5032319412/g/2058663/grsm-potamogetoaceae/,WebPage,,,,,GRSM Potamogetoaceae,,,,,,http://www.dlia.org/atbidata/SpeciesList.php?taxon=Family&tname=Potamogetonaceae,,site,
http://www.mendeley.com/c/5032319392/g/2058663/grsm-orchidaceae/,WebPage,,,,,GRSM Orchidaceae,,,,,,http://www.dlia.org/atbidata/SpeciesList.php?taxon=Family&tname=Orchidaceae,,site,
http://www.mendeley.com/c/5032319372/g/2058663/grsm-typhaceae/,WebPage,,,,,GRSM Typhaceae,,,,,,http://www.dlia.org/atbidata/SpeciesList.php?taxon=Family&tname=Typhaceae,,site,
http://www.mendeley.com/c/5032642672/g/2058663/grsm-magnoliopsida/,WebPage,,,,,GRSM Magnoliopsida,,,,,,http://www.dlia.org/atbidata/SpeciesList.php?taxon=Class&tname=Magnoliopsida,,site,
http://www.mendeley.com/c/5032693942/g/2058663/grsm-lycopodiophyta/,WebPage,,,,,GRSM Lycopodiophyta,,,,,,http://www.dlia.org/atbidata/SpeciesList.php?taxon=Division&tname=Lycopodiophyta,,site,
http://www.mendeley.com/c/5032693912/g/2058663/grsm-pteridophyta/,WebPage,,,,,GRSM Pteridophyta,,,,,,http://www.dlia.org/atbidata/SpeciesList.php?taxon=Division&tname=Pteridophyta,,site,
http://www.mendeley.com/c/5032693902/g/2058663/grsm-equisetophyta/,WebPage,,,,,GRSM Equisetophyta,,,,,,http://www.dlia.org/atbidata/SpeciesList.php?taxon=Division&tname=Equisetophyta,,site,
http://www.mendeley.com/c/5032693882/g/2058663/grsm-coniferophyta/,Web Page,,,,,GRSM Coniferophyta,,,,,,,D7;GRSM;plants;species list,site,
http://www.mendeley.com/c/5032730692/g/2058663/grsm-anthocerotophyta/,WebPage,,,,,GRSM Anthocerotophyta,,,,,,http://www.dlia.org/atbidata/SpeciesList.php?taxon=Division&tname=Anthocerotophyta,,site,
http://www.mendeley.com/c/5032730682/g/2058663/grsm-hepatophyta/,Web Page,,,,,GRSM Hepatophyta,,,,,,,D7;forest;GRSM;plants;species list,site,
http://www.mendeley.com/c/5032730672/g/2058663/grsm-bryophyta/,WebPage,,,,,GRSM Bryophyta,,,,,,http://www.dlia.org/atbidata/SpeciesList.php?taxon=Division&tname=Bryophyta,,site,
http://www.mendeley.com/c/5050454152/g/2058663/denalinpvascular-plantcertifiedspecieslist/,generic,,,,,Denali_NP_Vascular Plant_CertifiedSpeciesList,,,,,,https://irma.nps.gov/App/Species/Search,off site;species list;tundra,offsite,
http://www.mendeley.com/c/5057199022/g/2058663/roland-vascular-plant-species-of-denali-national-park--preserve/,generic,,,,,Vascular Plant Species of Denali National Park & Preserve,,,,,,,,site,
http://www.mendeley.com/c/4980636152/g/2058663/drew-1998-the-vascular-flora-of-ichauway--baker-county--georgia--a-remnant-longleaf-pine--wiregrass-ecosystem/,journal,,,,,The vascular flora of Ichauway; Baker County; Georgia: a remnant longleaf pine/wiregrass ecosystem,Castenea,63,1,24-Jan,1998,,,site,
http://www.mendeley.com/c/5025211422/g/2058663/plants-of-jorn/,WebPage,,,,,Plants of JORN,,,,,,http://jornada-www.nmsu.edu/studies/lists/plntalfa.txt,,site,
http://www.mendeley.com/c/5032931082/g/2058663/discover-life-mlbs-plants-field-guide/,WebPage,,,,,MLBS Plants field guide,,,,,,http://pick14.pick.uga.edu/mp/20p?see=nh/cl/US/VA/Giles/Mountain_Lake_Biological_Station/plants.cl,,site,
http://www.mendeley.com/c/5052259372/g/2058663/canyvascular-plantcertifiedspecieslist/,generic,,,,,CANY_Vascular Plant_CertifiedSpeciesList,,,,,,https://irma.nps.gov/App/Species/Search,,site,
http://www.mendeley.com/c/5052791182/g/2058663/bowman-2001-structure-and-function-of-an-alpine-ecosystem-niwot-ridge-colorado-long-term-ecological-research-network-series/,book,,,,,Structure and Function of an Alpine Ecosystem: Niwot Ridge; Colorado (Long-Term Ecological Research Network Series),Global Ecology and Biogeography,18,2,337,2001,,,site,
http://www.mendeley.com/c/5052837512/g/2058663/vegetation-communities-of-niwot-ridge/,generic,,,,,VEGETATION COMMUNITIES OF NIWOT RIDGE,,,,,,http://culter.colorado.edu/Field_trip/plants.html,,site,
http://www.mendeley.com/c/5050808092/g/2058663/1998-oak-ridge-reservation-vascular-flora/,generic,,,,,Oak Ridge Reservation Vascular Flora,,,,,1998,http://www.esd.ornl.gov/facilities/nerp/orrvflr1998.pdf,,site,
http://www.mendeley.com/c/5050810252/g/2058663/durr-2009-graminoid-survey-of-the-oak-ridge-reservation/,generic,,,,,Graminoid Survey of the Oak Ridge Reservation,,,June,,2009,http://www.esd.ornl.gov/facilities/nerp/Durr_Graminoid-Survey-2009.pdf,,site,
http://www.mendeley.com/c/4959031202/g/2058663/annotated-plant-species-list-of-the-ordway-swisher-biological-station/,WebPage,,,,,Annotated Plant Species List of the Ordway-Swisher Biological Station,,,,,,http://ordway-swisher.ufl.edu/species/os-flora.htm,,site,
http://www.mendeley.com/c/4988277332/g/2058663/18634plumislandbrochurefinalpdf-applicationpdf-object/,WebPage,,,,,18634_PlumIslandBrochure_Final.pdf (application/pdf Object),,,,,,http://intranet2.lternet.edu/sites/intranet2.lternet.edu/files/documents/Network_Publications/Brochures/18634_PlumIslandBrochure_Final.pdf,,site,
http://www.mendeley.com/c/5024992672/g/2058663/buchsbaum-2010-plum-island-ecosystems-lter-database/,WebPage,,,,,Plum Island Ecosystems LTER Database,,,,,,http://ecosystems.mbl.edu/PIE/data/htl/HTL-MAR-BreedingBirds.html,,site,
http://www.mendeley.com/c/5076315972/g/2058663/plants-from-bona-for-poke/,generic,,,,,Plants from BONA for POKE,,,,,,,,site,
http://www.mendeley.com/c/5041270582/g/2058663/red-butte-canyon-vascular-flora/,WebPage,,,,,Red Butte Canyon Vascular Flora,,,,,,http://redbuttecanyon.net/flora.html,,site,
http://www.mendeley.com/c/5041285642/g/2058663/red-butte-canyon-riparian-community/,Web Page,,,,,Red Butte Canyon Riparian Community,,,,,,,birds;D15;mammals;plants;RBUT;riparian;site;species list,site,
http://www.mendeley.com/c/5041286412/g/2058663/red-butte-canyon-grass-forb-community/,Web Page,,,,,Red Butte Canyon Grass-forb Community,,,,,,,biodiversity;D15;grassland;old;plants;RBUT;site;species list,site,
http://www.mendeley.com/c/5041291082/g/2058663/red-butte-canyon-oak-maple-community/,WebPage,,,,,Red Butte Canyon Oak-maple Community,,,,,,http://redbuttecanyon.net/oakmaple.html,,site,
http://www.mendeley.com/c/5041293542/g/2058663/red-butte-canyon-coniferous-community/,WebPage,,,,,Red Butte Canyon Coniferous Community,,,,,,http://redbuttecanyon.net/coniferous.html,,site,
http://www.mendeley.com/c/5041294002/g/2058663/red-butte-canyon-endemic-utah-and-introduced-plants/,WebPage,,,,,Red Butte Canyon Endemic Utah and Introduced Plants,,,,,,http://redbuttecanyon.net/utahplants.html,,site,
http://www.mendeley.com/c/5041294972/g/2058663/red-butte-canyon-unverified-floristic-diversity/,Web Page,,,,,Red Butte Canyon Unverified Floristic Diversity,,,,,,,biodiversity;D13;mixed;old;plants;RBUT;site;species list,site,
http://www.mendeley.com/c/5052705722/g/2058663/red-butte-canyon---festuca-subulata/,WebPage,,,,,Red Butte Canyon - festuca subulata,,,,,,http://www.fs.fed.us/database/feis/plants/graminoid/fessub/all.html,,site,
http://www.mendeley.com/c/5000465602/g/2058663/parker-2012-smithsonian-big-tree-forest-map/,generic,,,,,Smithsonian Big Tree Forest Map,,,,,2012,http://www.serc.si.edu/labs/forest_ecology/big_tree.aspx,,site,
http://www.mendeley.com/c/5000546262/g/2058663/drake-2012-studying-the-effects-of-increased-atmospheric-co-2-on-plant-communities-in-a-brackish-salt-marsh-ecosystem-in-maryland-/,WebPage,,,,,Studying the effects of Increased Atmospheric CO 2 on Plant Communities in a Brackish Salt Marsh Ecosystem in Maryland ,,,,,2012,http://serc.si.edu/labs/co2/marsh.aspx,,site,
http://www.mendeley.com/c/5004790452/g/2058663/oneill-2012-sercplantspecieslist/,Generic,,,,O'Neill; J.,SERC_plant_species_list,,,,,2012,,D2;dataset;later;mixed;SERC;site;species list,site,
http://www.mendeley.com/c/5026768682/g/2058663/plants-of-santa-rita-experimental-range-srer/,Web Page,,,,,Plants of Santa Rita Experimental Range (SRER),,,,,,,D14;desert;plants;shrubland;site;species list;SRER,site,
http://www.mendeley.com/c/5017846382/g/2058663/plants-at-north-sterling-state-park/,WebPage,,,,,Plants at North Sterling State Park,,,,,,http://www.parks.state.co.us/Parks/NorthSterling/Nature/Plants/Pages/NorthSterlingStateParkPlants.aspx,,site,
http://www.mendeley.com/c/5040880652/g/2058663/2008-north-sterling-state-park-plants-mammals-birds-herps/,journal,,,,,North Sterling State Park: plants; mammals; birds; herps,,,,,2008,,,site,
http://www.mendeley.com/c/5014805162/g/2058663/eckhardt-2007-insect-fungal-complex-associated-with-loblolly-pine-decline-in-central-alabama/,journal,,,,,Insect-Fungal Complex Associated with Loblolly Pine Decline in Central Alabama,Forest Science,53,1,84-92,2007,,bark beetles;been increasingly reported;forest decline;includ;leptographium;many areas;orest decline mortality;past 20 years;root disease;southeastern united states;syndromes have;weevils,site,
http://www.mendeley.com/c/5014817052/g/2058663/hagan-1999-occurence-of-diseases-in-native-stands-of-flowering-dogwood-in-north-alabama/,Generic,,,,Hagan; A. K.; & & Mullen; J. M.,Occurence of Diseases in Native Stands of Flowering Dogwood in North Alabama,,,,,1999,,D8;forest;plants;site;TALL,site,
http://www.mendeley.com/c/5014908632/g/2058663/dodds-2002-oviposition-biology-of-acanthocinus-nodosus--coleoptera--cerambycidae--in-pinus-taeda/,journal,,,,,OVIPOSITION BIOLOGY OF ACANTHOCINUS NODOSUS ( COLEOPTERA : CERAMBYCIDAE ) IN PINUS TAEDA,Flordia Entomologist,85,3,452-457,2002,,acanthocinus nodosus;cerambycidae;dendroctonus frontalis;monochamus titillator;oviposi;scolytidae;tion,site,
http://www.mendeley.com/c/5014915452/g/2058663/beckett-1982-forest-vegegation-and-vascular-flora-of-reed-brake-research-natural-area-alabama/,Journal Article,,,,Beckett; S.; & & Golden; M. S.,Forest Vegegation and Vascular Flora of Reed Brake Research Natural Area; Alabama,Castanea,47,4,368-392,1982,,biodiversity;D8;forest;journal article;old;plants;site;TALL,site,
http://www.mendeley.com/c/5077848192/g/2058663/2012-romoplantscertifiedspecieslist/,Generic,,,,,ROMO_Plants_CertifiedSpeciesList,,,,,2012,,later;mixed;off-site;plants;RMNP;species list,offsite,
http://www.mendeley.com/c/5091325582/g/2058663/steigerwaldt-2012-ed-steigerwalt-communication-woody-plants/,journal,,,,,NEON : Species List for Steigerwalt Site,,,,13-Nov,2012,,,site,
http://www.mendeley.com/c/5094305812/g/2058663/treehaven-summer-session-plant-list/,generic,,,,,Treehaven Summer Session Plant List,,,,,,,,site,
http://www.mendeley.com/c/5094305822/g/2058663/treehaven-summer-session-plant-list-unused-species/,generic,,,,,Treehaven Summer Session Plant List unused species,,,,,,,,site,
http://www.mendeley.com/c/5097552002/g/2058663/undercplantlist092806/,Generic,,,,,UNDERCplantlist092806,,,,,,,D5;forest;plants;site;species list;taxonomy;UNDE,site,
http://www.mendeley.com/c/5099481042/g/2058663/sagestep-2012-onaq-plants/,generic,,,,,ONAQ Plants,,,,,2012,,,site,
http://www.mendeley.com/c/5147481604/g/2058663/corogin-2009-floristic-inventory-of-tiger-creek-preserve-and-saddle-blanket-scrub-preserve-polk-county-florida/,Journal Article,,,,Corogin; P. T.; & & Judd; W. S.,Floristic Inventory of Tiger Creek Preserve and Saddle Blanket Scrub Preserve; Polk County; Florida,Rhodora,111,948,448-502,2009,,biodiversity;D3;journal article;later;mixed;off-site;plants;shrubland;species list,offsite,
http://www.mendeley.com/c/4939778272/g/2058663/lter-harvard-forest-flora-database/,generic,,,,,Harvard Forest Flora Database,,,,,,http://harvardforest.fas.harvard.edu:8080/exist/xquery/data.xq?id=hf116,d1;harvard forest;plants;species list,site,
http://www.mendeley.com/c/4939778242/g/2058663/filip-1971-trees-and-shrubs-of-the-bartlett-experimental-forest-carroll-county-new-hampshire/,journal,,,,,Trees and shrubs of the Bartlett Experimental Forest; Carroll County; New Hampshire,USDA Forest Research,,,25,1971,http://www.fs.fed.us/ne/newtown_square/publications/research_papers/pdfs/scanned/OCR/ne_rp211.pdf,bartlett experimental forest;d1;plants;species list,site,
http://www.mendeley.com/c/4939778292/g/2058663/lter-vascular-plant-species-at-harvard-forest/,generic,,,,,Vascular Plant Species at Harvard Forest,,,,,,http://harvardforest.fas.harvard.edu:8080/exist/xquery/data.xq?id=hf056,d1;harvard forest;plants;species list,site,
http://www.mendeley.com/c/4939778362/g/2058663/lter-plant-species-list/,Generic,,,,LTER; S. S.,Plant Species List,,,,,,,CPER;D10;plants;species list,site,
http://www.mendeley.com/c/5397092164/g/2058663/medina-2003-historical-and-recent-flora-of-the-santa-rita-experimental-range/,Journal Article,,,,Medina; A. L.,Historical and Recent Flora of the Santa Rita Experimental Range,USDA Forest Service Proceedings,,,141-148,2003,,D14;plants;species list;SRER,site,
http://www.mendeley.com/research/d08-dead-lake-veg-survey-20120629pdf/,generic,,,,,D08 - Dead Lake Veg Survey 20120629.pdf,,,,,,,,site,
http://www.mendeley.com/research/d03-disney-veg-survey-20110713pdf/,generic,,,,,D03 - Disney Veg Survey 20110713.pdf,,,,,,,,site,
http://www.mendeley.com/research/plant-species-composition-productivity-following-permafrost-thaw-thermokarst-alaskan-tundra-6/,journal,,,,,Plant Species Composition and Productivity following Permafrost Thaw and Thermokarst in Alaskan Tundra,Ecosystems,10,2,280-292,2007,http://www.springerlink.com/index/10.1007/s10021-007-9024-0,alaska;arst;biomass;climate change;mary productivity;net pri;nitrogen;permafrost;soil moisture;thermok;tundra;vegetation,site,
http://www.mendeley.com/c/5395899374/g/2058663/2011-d3-jones-pre-construction-veg-survey/,Journal Article,,,,,D3 Jones Pre-Construction Veg Survey,,,,,2011,,D3;endangered species;JERC;plants;species list,site,
http://www.mendeley.com/c/5395898624/g/2058663/2011-d14-jornada-pre-construction-veg-survey/,journal,,,,,D14 - Jornada Veg Survey 20110601,,,,,2011,,,site,
http://www.mendeley.com/c/5395898614/g/2058663/2012-d13-moab-pre-construction-veg-survey/,Journal Article,,,,,D13; MOAB Pre-Construction veg survey,,80401,303,,2012,,D13;endangered species;MOAB;plants;species list,site,
http://www.mendeley.com/research/herbicide-weed-control-increase-livestock-production-non-equilibrium-rangeland/,journal,,,,,Does herbicide weed control increase livestock production on non-equilibrium rangeland?,Agriculture; Ecosystems & Environment,132,2-Jan,6-Jan,2009,http://linkinghub.elsevier.com/retrieve/pii/S016788090900053X,,site,
http://www.mendeley.com/research/effects-grazing-restoration-southern-mixed-prairie-soils-1/,journal,,,,,Effects of Grazing on Restoration of Southern Mixed Prairie Soils,Restoration Ecology,10,2,401-407,2002,http://doi.wiley.com/10.1046/j.1526-100X.2002.00013.x,carbon sequestration;nitrogen conserva;tion reserve program,site,
http://www.mendeley.com/c/5448904834/g/2058663/robertson-2012-aboveground-plant-community-and-seed-bank-composition-along-an-invasion-gradient/,Journal Article,,,,Robertson; S. G.; & & Hickman; K. R.,Aboveground plant community and seed bank composition along an invasion gradient,Plant Ecology,213,9,1461-1475,2012,,biodiversity;D11;journal article;OAES;plants;species list,site,
http://www.mendeley.com/c/5395898664/g/2058663/2012-d15-onaqui-pre-construction-veg-survey/,Journal Article,,,,,D15 Onaqui Pre-Construction Veg Survey,,80401,303,,2012,,D15;endangered species;ONAQ;plants;species list,site,
http://www.mendeley.com/research/d07-oak-ridge-veg-survey-20110713pdf/,generic,,,,,D07 - Oak Ridge Veg Survey 20110713.pdf,,,,,,,,site,
http://www.mendeley.com/research/d3-ordway-swisher-preconstruction-veg-survey/,journal,,,,,D3 Ordway Swisher Pre-Construction Veg Survey,,,,,2011,,,site,
http://www.mendeley.com/c/5395898644/g/2058663/2011-d14-srer-pre-construction-veg-survey/,Journal Article,,,,,D14 SRER Pre-Construction Veg Survey,,,,,2011,,D14;endangered species;plants;species list;SRER,site,
http://www.mendeley.com/research/note-that-undercs-address-is-in-land-olakes-wisconsin-but-over-90-of-the-facility-is-located-in-goge/,journal,,,,,Note that UNDERCu2019s address is in Land Ou2019Lakes; Wisconsin but over 90% of the facility is located in Gogebic County; Michigan. 118301/POR12L0365,,,,,2012,,,site,
http://www.mendeley.com/c/5395898534/g/2058663/2012-d9-woodworth-pre-construction-veg-survey/,Journal Article,,,,,D9 Woodworth Pre-Construction Veg Survey,,,,,2012,,D9;endangered species;plants;species list;WOOD,site,
http://www.mendeley.com/c/5001138862/g/2058663/matter-1996-interpatch-movement-of-the-red-milkweed-beetle--tetraopes-tetraophthalmus--individual-responses-to-patch-size-and-isolation/,journal,,,,,Interpatch movement of the red milkweed beetle; Tetraopes tetraophthalmus: individual responses to patch size and isolation,Oecologia,105,4,447-453,1996,http://www.springerlink.com/index/10.1007/BF00330007,asclepias,site,
http://www.mendeley.com/c/5001149062/g/2058663/wise-michael-j-sacchi-1995-impact-of-two-specialist-insect-herbivores-on-reproduction-of-horse-nettle--solanum-carolinense/,journal,,,,,Impact of two specialist insect herbivores on reproduction of horse nettle; Solanum carolinense,Oecologia,108,2,328-337,1996,http://www.springerlink.com/index/W1386623HWT81021.pdf,,site,
http://www.mendeley.com/c/5018302512/g/2058663/shears-1999-central-arizona--phoenix-lter-deb-9714833-land-use-change-and-ecological-processes-in-an-urban-ecosystem-of-the-sonoran-desert-annual-progress-report-1999-2000/,journal,,,,,C ENTRAL A RIZONA u2013 P HOENIX LTER ( DEB-9714833 ) L AND -U SE C HANGE AND E COLOGICAL P ROCESSES IN AN,,2000,,1999-2000,2000,,,site,
http://www.mendeley.com/c/5018303382/g/2058663/bang-2011-variation-in-arthropod-communities-in-response-to-urbanization-seven-years-of-arthropod-monitoring-in-a-desert-city/,journal,,,,,Variation in arthropod communities in response to urbanization: Seven years of arthropod monitoring in a desert city,Landscape and Urban Planning,103,4-Mar,383-399,2011,http://linkinghub.elsevier.com/retrieve/pii/S0169204611002647,,site,
http://www.mendeley.com/c/5011297792/g/2058663/2012-cper-mosquitoes/,Report,,,,,CPER-mosquitoes,,,,,2012,,CPER;D10;mosquitoes;off-site;species list;taxonomy,offsite,
http://www.mendeley.com/c/5075819022/g/2058663/hanson-the-aquatic-macroinvertebrates-of-the-cottonwood-lake-study-area--stutsman-county--north-dakota/,generic,,,,,The Aquatic Macroinvertebrates of the Cottonwood Lake Study Area ; Stutsman County ; North Dakota,,,,,,,aquatic invertebrates;cottonwood lake study area;north dakota;seasonal wetlands;semipermanent wetlands,site,
http://www.mendeley.com/c/5076437392/g/2058663/meyer-1982-mosquitoes-dipteraculicidae-consumed-by-breeding-anatinae-in-south-central-north-dakota/,journal,,,,,Mosquitoes (Diptera:Culicidae) Consumed by Breeding Anatinae in South Central North Dakota,The Prairie Naturalist,14,,27-31,1982,,ecoregion;grassland;journal article;old,site,
http://www.mendeley.com/c/5009858662/g/2058663/hanson-1989-coleoptera-species-inhabiting-prairie-wetlands-of-the-cottonwood-lake-area-stutsman-county-north-dakota/,Journal Article,,,,Hanson; B. A.; & & Swanson; G. A.,Coleoptera species inhabiting prairie wetlands of the Cottonwood Lake area; Stutsman county; North Dakota,The Prairie Naturalist,21,,49-57,1989,,beetles;D9;DCFS;grassland;journal article;off-site;old;species list;taxonomy,offsite,
http://www.mendeley.com/c/4959407682/g/2058663/nesmith-2010-tiger-beetle-reference-in-watershed-report/,Report,,,,,Tiger Beetle Reference in Watershed Report,,,,,2010,,mixed;species list;super site,supersite,
http://www.mendeley.com/c/5029451672/g/2058663/coleopteraanobiidae/,Web Page,,,,,Coleoptera:Anobiidae,,,,,,,beetles;D7;GRSM;species list,site,
http://www.mendeley.com/c/5029452822/g/2058663/coleopterabostrichidae/,Web Page,,,,,Coleoptera_Bostrichidae,,,,,,,beetles;D7;GRSM;species list,site,
http://www.mendeley.com/c/5029456632/g/2058663/coleopteradermestidae/,Web Page,,,,,Coleoptera_Dermestidae,,,,,,,beetles;D7;forest;GRSM;species list,site,
http://www.mendeley.com/c/5029470602/g/2058663/coleopteranosodendridae/,Web Page,,,,,Coleoptera_Nosodendridae,,,,,,,beetles;biodiversity;D7;GRSM;mixed;species list,site,
http://www.mendeley.com/c/5029487892/g/2058663/coleopterabuprestidae/,Web Page,,,,,Coleoptera_Buprestidae,,,,,,,beetles;D7;forest;GRSM;species list,site,
http://www.mendeley.com/c/5029487882/g/2058663/coleopteradryopidae/,Web Page,,,,,Coleoptera_Dryopidae,,,,,,,beetles;D7;GRSM;species list,site,
http://www.mendeley.com/c/5029487872/g/2058663/coleopteraelmidae/,Web Page,,,,,Coleoptera_Elmidae,,,,,,,beetles;D7;GRSM;species list,site,
http://www.mendeley.com/c/5029487862/g/2058663/coleopteraheteroceridae/,Web Page,,,,,Coleoptera_Heteroceridae,,,,,,,beetles;D7;GRSM;species list,site,
http://www.mendeley.com/c/5029487852/g/2058663/coleopterapsephenidae/,Web Page,,,,,Coleoptera_Psephenidae,,,,,,,beetles;D7;forest;GRSM;species list,site,
http://www.mendeley.com/c/5029487842/g/2058663/coleopteraptilodactylidae/,Web Page,,,,,Coleoptera_Ptilodactylidae,,,,,,,beetles;D7;GRSM;species list,site,
http://www.mendeley.com/c/5029497022/g/2058663/coleopteracarabidae/,Web Page,,,,,Coleoptera_Carabidae,,,,,,,beetles;D7;forest;GRSM;species list,site,
http://www.mendeley.com/c/5029497012/g/2058663/coleopteracerambycidae/,Web Page,,,,,Coleoptera_Cerambycidae,,,,,,,beetles;D7;forest;GRSM;species list,site,
http://www.mendeley.com/c/5029497002/g/2058663/coleopterachrysomelidae/,Web Page,,,,,Coleoptera_Chrysomelidae,,,,,,,beetles;D7;GRSM;species list,site,
http://www.mendeley.com/c/5029496992/g/2058663/coleopteracleridae/,Web Page,,,,,Coleoptera_Cleridae,,,,,,,beetles;biodiversity;D7;forest;GRSM;species list,site,
http://www.mendeley.com/c/5029496982/g/2058663/coleopteramelyridae/,Web Page,,,,,Coleoptera_Melyridae,,,,,,,beetles;D7;forest;GRSM;species list,site,
http://www.mendeley.com/c/5029496972/g/2058663/coleopterabiphyllidae/,Web Page,,,,,Coleoptera_Biphyllidae,,,,,,,beetles;D7;forest;GRSM;species list,site,
http://www.mendeley.com/c/5029496962/g/2058663/coleopterabyturidae/,Web Page,,,,,Coleoptera_Byturidae,,,,,,,beetles;D7;forest;GRSM;species list,site,
http://www.mendeley.com/c/5029496942/g/2058663/coleopteracerylonidae/,Web Page,,,,,Coleoptera_Cerylonidae,,,,,,,beetles;D7;GRSM;species list,site,
http://www.mendeley.com/c/5029496912/g/2058663/coleopteracoccinellidae/,Web Page,,,,,Coleoptera_Coccinellidae,,,,,,,beetles;D7;GRSM;species list,site,
http://www.mendeley.com/c/5029496902/g/2058663/coleopteracorylophidae/,Web Page,,,,,Coleoptera_Corylophidae,,,,,,,beetles;biodiversity;D7;GRSM;mixed;species list,site,
http://www.mendeley.com/c/5029496892/g/2058663/coleopteracucujidae/,Web Page,,,,,Coleoptera_Cucujidae,,,,,,,beetles;biodiversity;D7;GRSM;species list,site,
http://www.mendeley.com/c/5029496882/g/2058663/coleopteraendomychidae/,Web Page,,,,,Coleoptera_Endomychidae,,,,,,,beetles;D7;GRSM;species list,site,
http://www.mendeley.com/c/5029496872/g/2058663/coleopteraerotylidae/,Web Page,,,,,Coleoptera_Erotylidae,,,,,,,beetles;D7;GRSM;species list,site,
http://www.mendeley.com/c/5029496862/g/2058663/coleopteralaemophloeidae/,Web Page,,,,,Coleoptera_Laemophloeidae,,,,,,,beetles;D7;GRSM;species list,site,
http://www.mendeley.com/c/5029562132/g/2058663/coleopteralatridiidae/,Web Page,,,,,Coleoptera_Latridiidae,,,,,,,beetles;biodiversity;D7;GRSM;species list,site,
http://www.mendeley.com/c/5029554052/g/2058663/coleopteramonotomidae/,Web Page,,,,,Coleoptera_Monotomidae,,,,,,,beetles;coniferous;D7;deciduous;forest;GRSM;species list,site,
http://www.mendeley.com/c/5029562122/g/2058663/coleopteramycetophagidae/,Web Page,,,,,Coleoptera_Mycetophagidae,,,,,,,beetles;D7;GRSM;species list,site,
http://www.mendeley.com/c/5029562092/g/2058663/coleopteranitidulidae/,Web Page,,,,,Coleoptera_Nitidulidae,,,,,,,beetles;D7;GRSM;species list,site,
http://www.mendeley.com/c/5029562082/g/2058663/coleopterapassandridae/,Web Page,,,,,Coleoptera_Passandridae,,,,,,,beetles;biodiversity;D7;GRSM;species list,site,
http://www.mendeley.com/c/5029562062/g/2058663/coleopteraphalacridae/,Web Page,,,,,Coleoptera_Phalacridae,,,,,,,beetles;D7;GRSM;species list,site,
http://www.mendeley.com/c/5029562032/g/2058663/coleopterasilvanidae/,Web Page,,,,,Coleoptera_Silvanidae,,,,,,,beetles;D7;GRSM;species list,site,
http://www.mendeley.com/c/5029562012/g/2058663/coleopterasphindidae/,Web Page,,,,,Coleoptera_Sphindidae,,,,,,,beetles;D7;forest;GRSM;species list,site,
http://www.mendeley.com/c/5029573922/g/2058663/coleopteracupedidae/,Web Page,,,,,Coleoptera_Cupedidae,,,,,,,beetles;D7;GRSM;species list,site,
http://www.mendeley.com/c/5029573892/g/2058663/coleopteraanthribidae/,Web Page,,,,,Coleoptera_Anthribidae,,,,,,,beetles;coniferous;D7;deciduous;forest;GRSM;species list,site,
http://www.mendeley.com/c/5029573882/g/2058663/coleopteraattelabidae/,Web Page,,,,,Coleoptera_Attelabidae,,,,,,,beetles;D7;GRSM;species list,site,
http://www.mendeley.com/c/5029573842/g/2058663/coleopterabrentidae/,Web Page,,,,,Coleoptera_Brentidae,,,,,,,beetles;coniferous;D7;deciduous;forest;GRSM;species list,site,
http://www.mendeley.com/c/5029573822/g/2058663/coleopteracryptophagidae/,Web Page,,,,,Coleoptera_Cryptophagidae,,,,,,,beetles;coniferous;D7;deciduous;forest;GRSM;species list,site,
http://www.mendeley.com/c/5029573812/g/2058663/coleopteracurculionidae/,Web Page,,,,,Coleoptera_Curculionidae,,,,,,,beetles;D7;GRSM;species list,site,
http://www.mendeley.com/c/5029573802/g/2058663/coleopteraithyceridae/,Web Page,,,,,Coleoptera_Ithyceridae,,,,,,,beetles;D7;GRSM;species list,site,
http://www.mendeley.com/c/5029573792/g/2058663/coleopteranemonychidae/,Web Page,,,,,Coleoptera_Nemonychidae,,,,,,,beetles;D7;GRSM;species list,site,
http://www.mendeley.com/c/5029583242/g/2058663/coleopterarhipiceridae/,Web Page,,,,,Coleoptera_Rhipiceridae,,,,,,,beetles;D7;GRSM;species list,site,
http://www.mendeley.com/c/5029583212/g/2058663/coleopteraderodontidae/,Web Page,,,,,Coleoptera_Derodontidae,,,,,,,beetles;D7;forest;GRSM;species list,site,
http://www.mendeley.com/c/5029583182/g/2058663/coleopteradytiscidae/,Web Page,,,,,Coleoptera_Dytiscidae,,,,,,,beetles;D7;GRSM;species list,site,
http://www.mendeley.com/c/5029583152/g/2058663/coleopteraartematopodidae/,Web Page,,,,,Coleoptera_Artematopodidae,,,,,,,beetles;biodiversity;D7;GRSM;species list,site,
http://www.mendeley.com/c/5029583112/g/2058663/coleopterabrachypteridae/,Web Page,,,,,Coleoptera_Brachypteridae,,,,,,,beetles;D7;GRSM;species list,site,
http://www.mendeley.com/c/5029583082/g/2058663/coleopteracantharidae/,Web Page,,,,,Coleoptera_Cantharidae,,,,,,,beetles;D7;GRSM;species list,site,
http://www.mendeley.com/c/5029583072/g/2058663/coleopteracerophytidae/,Web Page,,,,,Coleoptera_Cerophytidae,,,,,,,beetles;D7;GRSM;species list,site,
http://www.mendeley.com/c/5029583042/g/2058663/coleopteraelateridae/,Web Page,,,,,Coleoptera_Elateridae,,,,,,,beetles;D7;GRSM;species list,site,
http://www.mendeley.com/c/5029602102/g/2058663/coleopteraeucnemidae/,Web Page,,,,,Coleoptera_Eucnemidae,,,,,,,beetles;coniferous;D7;deciduous;forest;GRSM;species list,site,
http://www.mendeley.com/c/5029602072/g/2058663/coleopteralampyridae/,Web Page,,,,,Coleoptera_Lampyridae,,,,,,,beetles;D7;GRSM;species list,site,
http://www.mendeley.com/c/5029602052/g/2058663/coleopteralycidae/,Web Page,,,,,Coleoptera_Lycidae,,,,,,,beetles;D7;forest;GRSM;species list,site,
http://www.mendeley.com/c/5029602042/g/2058663/coleopteraomethidae/,Web Page,,,,,Coleoptera_Omethidae,,,,,,,beetles;D7;GRSM;species list,site,
http://www.mendeley.com/c/5029602012/g/2058663/coleopteraphengodidae/,Web Page,,,,,Coleoptera_Phengodidae,,,,,,,beetles;coniferous;D7;deciduous;forest;GRSM;species list,site,
http://www.mendeley.com/c/5029601992/g/2058663/coleopterathroscidae/,Web Page,,,,,Coleoptera_Throscidae,,,,,,,beetles;D7;forest;GRSM;species list,site,
http://www.mendeley.com/c/5029601952/g/2058663/coleopteragyrinidae/,Web Page,,,,,Coleoptera_Gyrinidae,,,,,,,beetles;D7;GRSM;species list,site,
http://www.mendeley.com/c/5029601932/g/2058663/coleopterahaliplidae/,Web Page,,,,,Coleoptera_Haliplidae,,,,,,,beetles;D7;GRSM;species list,site,
http://www.mendeley.com/c/5029635922/g/2058663/coleopterahisteridae/,Web Page,,,,,Coleoptera_Histeridae,,,,,,,beetles;biodiversity;D7;GRSM;species list,site,
http://www.mendeley.com/c/5029635892/g/2058663/coleopterahydraenidae/,Web Page,,,,,Coleoptera_Hydraenidae,,,,,,,beetles;biodiversity;D7;GRSM;mixed;species list,site,
http://www.mendeley.com/c/5029635862/g/2058663/coleopterahydrophilidae/,Web Page,,,,,Coleoptera_Hydrophilidae,,,,,,,beetles;D7;GRSM;species list,site,
http://www.mendeley.com/c/5029635852/g/2058663/coleopteralymexylidae/,Web Page,,,,,Coleoptera_Lymexylidae,,,,,,,beetles;D7;GRSM;species list,site,
http://www.mendeley.com/c/5029635822/g/2058663/coleopteraceratocanthidae/,Web Page,,,,,Coleoptera_Ceratocanthidae,,,,,,,beetles;biodiversity;D7;GRSM;mixed;species list,site,
http://www.mendeley.com/c/5029635762/g/2058663/coleopterageotrupidae/,Web Page,,,,,Coleoptera_Geotrupidae,,,,,,,beetles;biodiversity;D7;GRSM;species list,site,
http://www.mendeley.com/c/5029635732/g/2058663/coleopteralucanidae/,Web Page,,,,,Coleoptera_Lucanidae,,,,,,,beetles;D7;GRSM;species list,site,
http://www.mendeley.com/c/5029635642/g/2058663/coleopterapassalidae/,Web Page,,,,,Coleoptera_Passalidae,,,,,,,beetles;D7;GRSM;species list,site,
http://www.mendeley.com/c/5029635522/g/2058663/coleopterascarabaeidae/,Web Page,,,,,Coleoptera_Scarabaeidae,,,,,,,beetles;D7;forest;GRSM;species list,site,
http://www.mendeley.com/c/5029635422/g/2058663/coleopteratrogidae/,Web Page,,,,,Coleoptera_Trogidae,,,,,,,beetles;biodiversity;D7;GRSM;species list,site,
http://www.mendeley.com/c/5029761662/g/2058663/coleopteraclambidae/,Web Page,,,,,Coleoptera_Clambidae,,,,,,,beetles;biodiversity;D7;GRSM;species list,site,
http://www.mendeley.com/c/5029761522/g/2058663/coleopteraeucinetidae/,Web Page,,,,,Coleoptera_Eucinetidae,,,,,,,beetles;D7;GRSM;species list,site,
http://www.mendeley.com/c/5029761352/g/2058663/coleopterascirtidae/,Web Page,,,,,Coleoptera_Scirtidae,,,,,,,beetles;biodiversity;D7;GRSM;mixed;species list,site,
http://www.mendeley.com/c/5029761292/g/2058663/coleopteraagyrtidae/,Web Page,,,,,Coleoptera_Agyrtidae,,,,,,,beetles;coniferous;D7;deciduous;forest;GRSM;species list,site,
http://www.mendeley.com/c/5029761132/g/2058663/coleopteraleiodidae/,Web Page,,,,,Coleoptera_Leiodidae,,,,,,,beetles;biodiversity;D7;GRSM;species list,site,
http://www.mendeley.com/c/5029761122/g/2058663/coleopteraptiliidae/,Web Page,,,,,Coleoptera_Ptiliidae,,,,,,,beetles;D7;GRSM;species list,site,
http://www.mendeley.com/c/5029761092/g/2058663/coleopterascydmaenidae/,Web Page,,,,,Coleoptera_Scydmaenidae,,,,,,,beetles;biodiversity;D7;GRSM;species list,site,
http://www.mendeley.com/c/5029760962/g/2058663/coleopterasilphidae/,Web Page,,,,,Coleoptera_Silphidae,,,,,,,beetles;D7;GRSM;species list,site,
http://www.mendeley.com/c/5029760942/g/2058663/coleopterastaphylinidae/,Web Page,,,,,Coleoptera_Staphylinidae,,,,,,,beetles;D7;GRSM;species list,site,
http://www.mendeley.com/c/5029839292/g/2058663/coleopteraaderidae/,Web Page,,,,,Coleoptera_Aderidae,,,,,,,beetles;D7;GRSM;species list,site,
http://www.mendeley.com/c/5029839252/g/2058663/coleopteraanthicidae/,Web Page,,,,,Coleoptera_Anthicidae,,,,,,,beetles;D7;GRSM;species list,site,
http://www.mendeley.com/c/5029839172/g/2058663/coleopteraciidae/,Web Page,,,,,Coleoptera_Ciidae,,,,,,,beetles;D7;GRSM;species list,site,
http://www.mendeley.com/c/5029839032/g/2058663/coleopteramelandryidae/,Web Page,,,,,Coleoptera_Melandryidae,,,,,,,beetles;biodiversity;D7;GRSM;species list,site,
http://www.mendeley.com/c/5029838932/g/2058663/coleopteramordellidae/,Web Page,,,,,Coleoptera_Mordellidae,,,,,,,beetles;D7;GRSM;species list,site,
http://www.mendeley.com/c/5029838802/g/2058663/coleopteraoedemeridae/,Web Page,,,,,Coleoptera_Oedemeridae,,,,,,,beetles;coniferous;D7;deciduous;forest;GRSM;species list,site,
http://www.mendeley.com/c/5029972092/g/2058663/coleopterapyrochroidae/,Web Page,,,,,Coleoptera_Pyrochroidae,,,,,,,beetles;biodiversity;D7;GRSM;species list,site,
http://www.mendeley.com/c/5029972062/g/2058663/coleopterasalpingidae/,Web Page,,,,,Coleoptera_Salpingidae,,,,,,,beetles;biodiversity;D7;GRSM;mixed;species list,site,
http://www.mendeley.com/c/5029985522/g/2058663/coleopterascraptiidae/,Web Page,,,,,Coleoptera_Scraptiidae,,,,,,,beetles;D7;forest;GRSM;species list,site,
http://www.mendeley.com/c/5029982542/g/2058663/coleopterastenotrachelidae/,Web Page,,,,,Coleoptera_Stenotrachelidae,,,,,,,beetles;D7;GRSM;species list,site,
http://www.mendeley.com/c/5029972042/g/2058663/coleopterasynchroidae/,Web Page,,,,,Coleoptera_Synchroidae,,,,,,,beetles;coniferous;D7;deciduous;forest;GRSM;species list,site,
http://www.mendeley.com/c/5029972012/g/2058663/coleopteratenebrionidae/,Web Page,,,,,Coleoptera_Tenebrionidae,,,,,,,beetles;D7;GRSM;species list,site,
http://www.mendeley.com/c/5029971982/g/2058663/coleopteratetratomidae/,Web Page,,,,,Coleoptera_Tetratomidae,,,,,,,beetles;coniferous;D7;deciduous;forest;GRSM;species list,site,
http://www.mendeley.com/c/5029971972/g/2058663/coleopterazopheridae/,Web Page,,,,,Coleoptera_Zopheridae,,,,,,,beetles;biodiversity;D7;GRSM;species list,site,
http://www.mendeley.com/c/5030052112/g/2058663/mosquitoes-grsm/,Web Page,,,,,Mosquitoes GRSM,,,,,,,biodiversity;D7;GRSM;mosquitoes;species list,site,
http://www.mendeley.com/c/5050303512/g/2058663/rice-2010-niche-preference-of-a-coprophagous-scarab-beetle--coleoptera--scarabaeidae--for-summer-moose-dung-in-denali-national-park--alaska/,journal,,,,,Niche Preference of a Coprophagous Scarab Beetle ( Coleoptera : Scarabaeidae ) for Summer Moose Dung in Denali National Park ; Alaska,The Coleopterists Bulletin,64,2,148-150,2010,http://www.bioone.org/doi/pdf/10.1649/072.064.0211,,site,
http://www.mendeley.com/c/5026004382/g/2058663/ant-species-of-the-jornada-jorn/,Web Page,,,,,Ant species of the jornada (JORN),,,,,,,D14;JORN;site;species list,site,
http://www.mendeley.com/c/5026076732/g/2058663/url-1982-seasonal-activity-of-tenebrionid-beetles-in-new-mexico-mesquite-dunes/,journal,,,,,Seasonal Activity of Tenebrionid Beetles in New Mexico Mesquite Dunes,Southwestern Naturalist,27,3,305-308,1982,,,site,
http://www.mendeley.com/c/5026110402/g/2058663/mackay-1987-cerambycid-beetles--coleoptera--cerambycidae--of-the-northern-chihuahuan-desert--south-central-new-mexico-/,journal,,,,,Cerambycid Beetles ( Coleoptera : Cerambycidae ) of the Northern Chihuahuan Desert ( South Central New Mexico ),The Coleopterists Bulletin,41,4,361-369,1987,,,site,
http://www.mendeley.com/c/5026169042/g/2058663/a-sampling-study-of-the-macroinvertebrate-ecology-of-a-desert-playa-lake-in-southwestern-new-mexico/,WebPage,,,,,A sampling study of the macroinvertebrate ecology of a desert playa lake in southwestern New Mexico,,,,,,http://thinktech.lib.ttu.edu/ttu-ir/bitstream/handle/2346/21133/31295000807148.pdf?sequence=1,,site,
http://www.mendeley.com/c/5026181532/g/2058663/mcclaran-1997-the-desert-grassland/,book,,,,,The desert grassland,,,,346 p ST - The desert grassland,1995,http://books.google.com/books?hl=en&lr=&id=BAlCcnXtXg4C&pgis=1,,site,
http://www.mendeley.com/c/5052324352/g/2058663/1999-inventory-of-arthropod-species-recorded-to-date-from-canyonlands-national-park-utah/,generic,,,,,Inventory Of Arthropod Species Recorded To Date From Canyonlands National Park; Utah,,,,,1999,http://www.npwrc.usgs.gov/resource/insects/insect/canyon.htm,,site,
http://www.mendeley.com/c/5050920702/g/2058663/johnson-2003-changes-in-ecosystem-carbon-and-nitrogen-in-a-loblolly-pine-plantation-over-the-first-18-years/,journal,,,,,Changes in ecosystem carbon and nitrogen in a loblolly pine plantation over the first 18 years,Soil Science Society of America Journal,67,5,1594-1601,2003,,,site,
http://www.mendeley.com/c/5050820462/g/2058663/2009-insect-in-oak-ridge-reservation/,generic,,,,,Insect in Oak Ridge Reservation,,,110,,2009,http://www.esd.ornl.gov/facilities/nerp/Reichle-may09_dw.html,,site,
http://www.mendeley.com/c/5007589982/g/2058663/mcdonald-2010-serc-observed-butterflies-and-moths-2010/,generic,,,,,SERC Observed Butterflies and Moths 2010,,,,,2010,,,site,
http://www.mendeley.com/c/5007610362/g/2058663/smithsonian-evironmental-research-center-2012-sercexpectedlepidopteralistcounty/,Generic,,,,,SERC_expected_lepidoptera_list_county,,,,,2012,,county;D2;dataset;invertebrates;later;mixed;SERC,site,
http://www.mendeley.com/c/5017520222/g/2058663/cavey-2004-survey-report-on-the-leaf-beetles-of-cove-point-lng-property-and-vicinity-calvert-county-maryland/,Report,,,,,Survey Report on the Leaf Beetles of Cove Point LNG Property and Avicinity; Calvert County; Maryland,,,June,,2004,http://www.covepoint-trust.org/studies.html,off site;shoreline;species list,offsite,
http://www.mendeley.com/c/5017551822/g/2058663/schueman-2007-woodland-ground-beetle--pterostichini----pterostichus-permundus---bugguide/,Web Page,,,,Schueman; S.,Woodland Ground Beetle ( Pterostichini ) - Pterostichus permundus - BugGuide,,,,,2007,,,site,
http://www.mendeley.com/c/5026903842/g/2058663/echternacht-1967-ecological-relationships-of-two-species-of-the-lizard-genus-cnemidophorus-in-the-santa-rita-mountains-of-arizona/,journal,,,,,Ecological Relationships of Two Species of the Lizard Genus Cnemidophorus in the Santa Rita Mountains of Arizona Arthur C . Echternacht Ecological Relationships of Two Species of the Lizard Genus Cnemidophorus in the Santa Rita Mountains of Arizona,American Midland Naturalist,78,2,448-459,1967,http://links.jstor.org/sici?sici=0003-0031%28196710%2978%3A2%3C448%3AEROTSO%3E2.0.CO%3B2-0,,site,
http://www.mendeley.com/c/5014269492/g/2058663/thompson-2011-two-year-bark-and-ambrosia-beetle-diversity-study-at-the-talladega-national-forest-in-the-southeastern-united-states/,Thesis,,,,Thompson; J. A.,Two-year Bark and Ambrosia Beetle Diversity Study at the Talladega National Forest in the Southeastern United States,,,,,2011,,beetles;D8;forest;site;TALL;thesis,site,
http://www.mendeley.com/c/5097528052/g/2058663/belovsky-2012-gary-belovsky-communication-carabid-beetles/,generic,,,,,Gary Belovsky Communication; Carabid Beetles,,,,,2012,,,site,
http://www.mendeley.com/c/5154160934/g/2058663/choate-2010-tiger-beetles-of-florida--cicindela-spp--megacephala-spp---insecta--coleoptera--cicindelidae--1/,journal,,,,,Tiger Beetles of Florida ; Cicindela spp .; Megacephala spp . ( Insecta : Coleoptera : Cicindelidae ) 1,,,,5-Jan,2010,,,site,
http://www.mendeley.com/c/5156716114/g/2058663/callahan-1987-survey-of-13-polk-county--florida-lakes-for-mosquito--diptera--culicidae--and-midge--diptera--chironomidae-/,journal,,,,,Survey of 13 Polk County ; Florida Lakes for Mosquito ( Diptera : Culicidae ) and Midge ( Diptera : Chironomidae ),The Florida Entomologist,70,4,471-478,1987,,,site,
http://www.mendeley.com/research/adult-mosquito-ecology-in-southwestern-georgia-1/,Thesis,,,,,ADULT MOSQUITO ECOLOGY IN SOUTHWESTERN GEORGIA,,,,,2009,,,site,
http://www.mendeley.com/c/5156801624/g/2058663/tiger-beetles-of-logan-county-colorado/,WebPage,,,,,Tiger Beetles of Logan County; Colorado,,,,,,http://www.npwrc.usgs.gov/resource/distr/insects/tigb/chklist/states/counties/co_75.htm,,site,
http://www.mendeley.com/c/5156812214/g/2058663/harmston-1949-an-annotated-list-of-mosquito-records-from-colorado/,journal,,,,,AN ANNOTATED LIST OF MOSQUITO RECORDS FROM COLORADO Aedes cinereus Meigen,The Great Basin Naturalist,9,4-Mar,65-75,1949,,,site,
http://www.mendeley.com/c/4939778332/g/2058663/lter-arthropod-species-list/,Generic,,,,LTER; S. S.,Arthropod Species List,,,,,,,beetles;CPER;D10;mosquitoes;species list,site,
http://www.mendeley.com/research/mosquito-information-website-mosquitoes-of-florida-florida-mosquito-database/,WebPage,,,,,Mosquito Information Website - Mosquitoes of Florida - Florida Mosquito Database,,,,,,http://mosquito.ifas.ufl.edu/FMD/Florida_Mosquito_Database.html,,site,
http://www.mendeley.com/c/5518816134/g/2058663/hoback-2001-tiger-beetles-of-baker-county-georgia/,Web Page,,,,Hoback; W. W.; & & Riggins; J. J.,Tiger Beetles of Baker County; Georgia,Tiger Beetles of the United States,,,,2001,,beetles;biodiversity;county;D3;dataset;JERC;species list,site,
http://www.mendeley.com/c/5519475144/g/2058663/lussier-2006-distribution-of-mosquitoes-in-national-park-units-of-the-northeastern-united-states/,Report,,,,Lussier; C. M.; Ginsberg; H. S.; & & LeBrun; R. A.,Distribution of Mosquitoes in National Park Units of the Northeastern United States,,,,35,2006,,D1;mosquitoes;regional;species list,regional,
http://www.mendeley.com/c/4981706182/g/2058663/degraaf-2002-effects-of-edge-contrast-on-redback-salamander-distribution-in-even-aged-northern-hardwoods/,journal,,,,,Effects of Edge Contrast on Redback Salamander Distribution in Even-Aged Northern Hardwoods,Forest Science,48,2,351-363,2002,http://www.ingentaconnect.com/content/saf/fs/2002/00000048/00000002/art00018,413;545 0357;545 1860;603;868 7659;amherst;box 640;degraaf;durham;edge effects;e mail;fax;fed;forest management;fs;leader;ma 01003;mariko yamasaki;myamasaki;nh 03824;northeastern research station;o;p;phone;rdegraaf;redback salamanders;research wildlife biologist;richard m;university massachusetts;us;usda forest service;wildlife habitat research unit,site,
http://www.mendeley.com/c/4981987782/g/2058663/usfs-bartlett-experimental-forest/,Journal Article,,,,,Bartlett Experimental Forest,,,,,,,BART;birds;coniferous;D1;deciduous;forest;herps;mammals;plants;site,site,
http://www.mendeley.com/c/4997297282/g/2058663/bowne-2008-terrestrial-of-chrysemys-picta-in-northern/,journal,,,,,Terrestrial Activity of Chrysemys picta in Northern Virginia,Copeia,2008,2,306-310,2008,http://asihcopeiaonline.org/doi/abs/10.1643/CE-06-224,,site,
http://www.mendeley.com/c/5018270132/g/2058663/sullivan-2008-common-chuckwalla-sauromalus-ater-populations-in-the-phoenix-metropolitan-area-stability-in-urban-preserves/,journal,,,,,C OMMON C HUCKWALLA ( S AUROMALUS ATER ) P OPULATIONS IN THE P HOENIX M ETROPOLITAN A REA : S TABILITY IN U RBAN P RESERVES,Phoenix Usa,3,April,149-154,2008,,common chuckwalla;indirect survey;preserves;reptile conservation;sauromalus ater;urban wildlife,site,
http://www.mendeley.com/c/5129955884/g/2058663/amphibians-of-arizona/,WebPage,,,,,Amphibians of Arizona,,,,,,http://www.reptilesofaz.org/amphibians.html,,site,
http://www.mendeley.com/c/4986545792/g/2058663/1997-long-term-pitfall-trap-studies-at-the-central-plains-experimental-range--shortgrass-steppe-lter-/,journal,,,,,long-term pitfall trap studies at the Central Plains Experimental Range ; Shortgrass Steppe LTER ,,,1985,1997,1997,,,site,
http://www.mendeley.com/c/5018030642/g/2058663/black-warrior-species-diversity/,WebPage,,,,,Black Warrior Species Diversity,,,,,,http://www.riversofalabama.org/Black%20Warrior/BW_Species_Diversity.htm,,site,
http://www.mendeley.com/c/5018230942/g/2058663/alabama-department-of-conservation-2000-outdoor-alabama-volumes-72-73/,book,,,,,Outdoor Alabama; Volumes 72-73,,,,,2000,http://books.google.com/books?id=hUQlAQAAMAAJ&pgis=1,,site,
http://www.mendeley.com/c/5077876992/g/2058663/2012-romoreptilecertifiedspecieslist/,Generic,,,,,ROMO_Reptile_CertifiedSpeciesList,,,,,2012,,biodiversity;D10;herps;later;mixed;off-site;RMNP;species list,offsite,
http://www.mendeley.com/c/5077882712/g/2058663/2012-romoamphibiancertifiedspecieslist/,Generic,,,,,ROMO_Amphibian_CertifiedSpeciesList,,,,,2012,,D10;herps;later;mixed;off-site;RMNP;species list;taxonomy,offsite,
http://www.mendeley.com/c/5030081192/g/2058663/grsm-bufonidae/,WebPage,,,,,GRSM Bufonidae,,,,,,http://www.dlia.org/atbidata/FamilyPage.php?taxon=Family&tname=Bufonidae,,site,
http://www.mendeley.com/c/5030081172/g/2058663/grsm-hylidae/,Web Page,,,,,GRSM Hylidae,,,,,,,beetles;coniferous;D7;deciduous;forest;GRSM;herps;species list,site,
http://www.mendeley.com/c/5030081122/g/2058663/grsm-microhylidae/,Web Page,,,,,GRSM Microhylidae,,,,,,,beetles;D7;GRSM;herps;species list,site,
http://www.mendeley.com/c/5030081002/g/2058663/grsm-ranidae/,Web Page,,,,,GRSM Ranidae,,,,,,,beetles;D7;GRSM;species list,site,
http://www.mendeley.com/c/5030080962/g/2058663/grsm-scaphiopodidae/,Web Page,,,,,GRSM Scaphiopodidae,,,,,,,D7;GRSM;herps;species list,site,
http://www.mendeley.com/c/5030098292/g/2058663/grsm-ambystomatidae/,WebPage,,,,,GRSM Ambystomatidae,,,,,,http://www.dlia.org/atbidata/FamilyPage.php?taxon=Family&tname=Ambystomatidae,,site,
http://www.mendeley.com/c/5030099092/g/2058663/grsm-cryptobranchidae/,Web Page,,,,,GRSM Cryptobranchidae,,,,,,,biodiversity;D7;GRSM;herps;species list,site,
http://www.mendeley.com/c/5030098282/g/2058663/grsm-proteidae/,Web Page,,,,,GRSM Proteidae,,,,,,,beetles;D7;GRSM;species list,site,
http://www.mendeley.com/c/5030098272/g/2058663/grsm-plethodontidae/,Web Page,,,,,GRSM Plethodontidae,,,,,,,biodiversity;D7;GRSM;herps;species list,site,
http://www.mendeley.com/c/5030098252/g/2058663/grsm-salamandridae/,Web Page,,,,,GRSM Salamandridae,,,,,,,D7;GRSM;herps;species list,site,
http://www.mendeley.com/c/5030139702/g/2058663/grsm-colubridae/,Web Page,,,,,GRSM Colubridae,,,,,,,biodiversity;D7;GRSM;herps;mixed;species list,site,
http://www.mendeley.com/c/5030139692/g/2058663/grsm-phrynosomatidae/,WebPage,,,,,GRSM Phrynosomatidae,,,,,,http://www.dlia.org/atbidata/FamilyPage.php?taxon=Family&tname=Phrynosomatidae,,site,
http://www.mendeley.com/c/5030139682/g/2058663/grsm-polychridae/,WebPage,,,,,GRSM Polychridae,,,,,,http://www.dlia.org/atbidata/FamilyPage.php?taxon=Family&tname=Polychridae,,site,
http://www.mendeley.com/c/5030139672/g/2058663/grsm-scincidae/,WebPage,,,,,GRSM Scincidae,,,,,,http://www.dlia.org/atbidata/FamilyPage.php?taxon=Family&tname=Scincidae,,site,
http://www.mendeley.com/c/5030139662/g/2058663/grsm-teiidae/,Web Page,,,,,GRSM Teiidae,,,,,,,biodiversity;D7;GRSM;herps;species list,site,
http://www.mendeley.com/c/5030139652/g/2058663/grsm-viperidae/,WebPage,,,,,GRSM Viperidae,,,,,,http://www.dlia.org/atbidata/FamilyPage.php?taxon=Family&tname=Viperidae,,site,
http://www.mendeley.com/c/5030154622/g/2058663/grsm-chelydridae/,WebPage,,,,,GRSM Chelydridae,,,,,,http://www.dlia.org/atbidata/FamilyPage.php?taxon=Family&tname=Chelydridae,,site,
http://www.mendeley.com/c/5030154602/g/2058663/grsm-emydidae/,WebPage,,,,,GRSM Emydidae,,,,,,http://www.dlia.org/atbidata/FamilyPage.php?taxon=Family&tname=Emydidae,,site,
http://www.mendeley.com/c/5030154592/g/2058663/grsm-kinosternidae/,WebPage,,,,,GRSM Kinosternidae,,,,,,http://www.dlia.org/atbidata/FamilyPage.php?taxon=Family&tname=Kinosternidae,,site,
http://www.mendeley.com/c/5030154582/g/2058663/grsm-trionychidae/,WebPage,,,,,GRSM Trionychidae,,,,,,http://www.dlia.org/atbidata/FamilyPage.php?taxon=Family&tname=Trionychidae,,site,
http://www.mendeley.com/c/4986395102/g/2058663/mathewson-2009-the-relative-abundance-of-eastern-red-backed-salamanders-in-eastern-hemlock-domin,journal,,,,,The Relative Abundance of Eastern Red-backed Salamanders in Eastern Hemlock-dominated and Mixed Deciduous Forests at Harvard Forest,Northeastern Naturalist,16,1,12-Jan,2009,http://www.bioone.org/doi/abs/10.1656/045.016.0101,,site,
http://www.mendeley.com/c/4986442562/g/2058663/butler-2005-red-spotted-newts-an-unusual-nutrient-source-for-northern-pitcher-plants/,Journal Article,,,,Butler; J. L.; Atwater; D. Z.; & & Ellison; A. M.,Red-spotted Newts: An Unusual Nutrient Source for Northern Pitcher Plants,Northeastern Naturalist,12,1,10-Jan,2005,,D1;HARV;herps;journal article;mixed;site,site,
http://www.mendeley.com/c/5129543684/g/2058663/massachusetts-state-reptiles-and-amphibians-list/,WebPage,,,,,Massachusetts State Reptiles and Amphibians List,,,,,,http://www.mass.gov/dfwele/dfw/wildlife/facts/reptiles/herp_list.htm,,site,
http://www.mendeley.com/c/5015064752/g/2058663/jornada-jorn-herpetiles-species-list/,WebPage,,,,,Jornada (JORN) Herpetiles species list,,,,,,http://jornada-www.nmsu.edu/studies/lists/herp.txt,,site,
http://www.mendeley.com/c/5069081292/g/2058663/3893285pdf-applicationpdf-object/,WebPage,,,,,3893285.pdf (application/pdf Object),,,,,,http://www.jstor.org.dist.lib.usu.edu/stable/pdfplus/3893285.pdf,,site,
http://www.mendeley.com/c/5052251092/g/2058663/canyreptilecertifiedspecieslist/,Generic,,,,,CANY_Reptile_CertifiedSpeciesList,,,,,,,D13;herps;mixed;MOAB;species list;super site,supersite,
http://www.mendeley.com/c/5052258302/g/2058663/canyamphibiancertifiedspecieslist/,Generic,,,,,CANY_Amphibian_CertifiedSpeciesList,,,,,,,D13;herps;mixed;MOAB;species list;super site,supersite,
http://www.mendeley.com/c/5145035164/g/2058663/knrireptilecertifiedspecieslist/,Generic,,,,,KNRI_Reptile_CertifiedSpeciesList,,,,,,,D9;herps;off-site;species list,offsite,
http://www.mendeley.com/c/5145036034/g/2058663/knriamphibiancertifiedspecieslist/,Generic,,,,,KNRI_Amphibian_CertifiedSpeciesList,,,,,,,D9;herps;off-site;species list,offsite,
http://www.mendeley.com/c/5050605452/g/2058663/2011-amphibians-of-the-oak-ridge-reservation/,Generic,,,,,AMPHIBIANS OF THE OAK RIDGE RESERVATION,,,November,,2011,,D7;herps;ORNL;site;species list,site,
http://www.mendeley.com/c/5050610172/g/2058663/2011-reptiles-of-the-oak-ridge-reservation/,generic,,,,,REPTILES OF THE OAK RIDGE RESERVATION,,,November,,2011,,,site,
http://www.mendeley.com/c/4959343642/g/2058663/annotated-reptile-species-list-of-the-ordway-swisher-biological-station/,WebPage,,,,,Annotated Reptile Species List of the Ordway-Swisher Biological Station,,,,,,http://ordway-swisher.ufl.edu/species/os-reptilia.htm,,site,
http://www.mendeley.com/c/4959343062/g/2058663/annotated-amphibians-species-list-of-the-ordway-swisher-biological-station/,WebPage,,,,,Annotated Amphibians Species List of the Ordway-Swisher Biological Station,,,,,,http://ordway-swisher.ufl.edu/species/os-amphibia.htm,,site,
http://www.mendeley.com/c/5052766752/g/2058663/goldberg-1975-seasonal-testicular-histology-of-the-colubrid-snakes--masticophis-taeniatus-and-pituophis-melanoleucus/,journal,,,,,SEASONAL TESTICULAR HISTOLOGY OF THE COLUBRID SNAKES ; MASTICOPHIS TAENIATUS AND PITUOPHIS MELANOLEUCUS,Herpetologica,31,3,317-322,1975,,,site,
http://www.mendeley.com/c/5405425354/g/2058663/amphibians-and-reptiles---rocky-mountain-national-park/,Web Page,,,,,Amphibians and Reptiles - Rocky Mountain National Park,,,,,,,D10;herps;RMNP;species list,site,
http://www.mendeley.com/c/4994042862/g/2058663/corn-1997-survey-and-assessment-of-amphibian-populations-in-rocky-mountain-national-park/,journal,,,,,Survey and Assessment of Amphibian Populations in Rocky Mountain National Park,Northwestern Naturalist,78,1,34-55,1997,http://www.jstor.org/stable/3536856,,site,
http://www.mendeley.com/c/5007624382/g/2058663/smithsonian-evironmental-research-center-2009-serc-herps-2009/,generic,,,,,SERC herps 2009,,,,,2009,,,site,
http://www.mendeley.com/c/5023346742/g/2058663/figueroa-2008-ster-herp-list/,generic,,,,,STER Herp List,,,,,2008,,,site,
http://www.mendeley.com/c/5023355752/g/2058663/sholar-2008-ster-herp-survey/,Report,,,,Sholar; L.,STER Herp Survey,,,,,2008,,biodiversity;D10;herps;off-site;species list;STER,offsite,
http://www.mendeley.com/c/5008218132/g/2058663/amphibians-and-reptiles-of-talladega-national-forest-oakmulgee-district/,generic,,,,,Amphibians and Reptiles of Talladega National Forest (Oakmulgee District),,,,,,www.alaparc.org/Pubs/TalladegaW_Checklist.pdf,,site,
http://www.mendeley.com/c/5097532312/g/2058663/herps-of-underc/,WebPage,,,,,Herps of UNDERC,,,,,,http://www.nd.edu/~underc/east/about/HerpsofUNDERC.shtml,about;bend;biology;center;centers;dame;description;descriptions;east;environment;environmental;environments;fight;fightin;fighting;historical;history;indiana;info;information;irish;lab;laboratories;laboratory;labs;michigan;natural;nature;notre;research;science;sciences;south;studies;study;underc;university;up;upper;us;wi;wisconsin,site,
http://www.mendeley.com/c/5154105534/g/2058663/reptiles-and-amphibians-of-highlands-county/,WebPage,,,,,Reptiles and Amphibians of Highlands County,,,,,,http://www.sunshineserpents.com/Highlands.htm,,site,
