resource_id_list,site_id,spp_id,resource_id_status,status
Smithsonian,BART,alc_alc,,
Smithsonian,BASC,alc_alc,,
Smithsonian,BONA,alc_alc,,
Smithsonian,HEAL,alc_alc,,
Smithsonian,POKE,alc_alc,,
Smithsonian,TOOL,alc_alc,,
Smithsonian,UNDE,alc_alc,,
Smithsonian,CAPL,amm_har,,
Smithsonian,SRER,amm_har,,
Smithsonian,JORN,amm_int,,
Smithsonian,MOAB,amm_leu,,
Smithsonian,ONAQ,amm_leu,,
Smithsonian,CPER,ant_ame,,
Smithsonian,DCFS,ant_ame,,
Smithsonian,FEXF,ant_ame,,
Smithsonian,MOAB,ant_ame,,
Smithsonian,MURR,ant_ame,,
Smithsonian,NIWO,ant_ame,,
Smithsonian,NOGP,ant_ame,,
Smithsonian,RBUT,ant_ame,,
Smithsonian,RMNP,ant_ame,,
Smithsonian,SRER,ant_ame,,
Smithsonian,STER,ant_ame,,
Smithsonian,WOOD,ant_ame,,
Smithsonian,YELL,ant_ame,,
Smithsonian,ABBY,ant_pal,,
Smithsonian,CAPL,ant_pal,,
Smithsonian,JORN,ant_pal,,
Smithsonian,MOAB,ant_pal,,
Smithsonian,MURR,ant_pal,,
Smithsonian,ONAQ,ant_pal,,
Smithsonian,PSRS,ant_pal,,
Smithsonian,RBUT,ant_pal,,
Smithsonian,SOAP,ant_pal,,
Smithsonian,SRER,ant_pal,,
Smithsonian,TEAK,ant_pal,,
Smithsonian,THAY,ant_pal,,
Smithsonian,WREF,ant_pal,,
Smithsonian,ABBY,apl_ruf,,
Smithsonian,TEAK,apl_ruf,,
Smithsonian,THAY,apl_ruf,,
Smithsonian,WREF,apl_ruf,,
Smithsonian,CAPL,bas_ast,,
Smithsonian,CLBJ,bas_ast,,
Smithsonian,FEXF,bas_ast,,
Smithsonian,JORN,bas_ast,,
Smithsonian,KONA,bas_ast,,
Smithsonian,KONZ,bas_ast,,
Smithsonian,MOAB,bas_ast,,
Smithsonian,NIWO,bas_ast,,
Smithsonian,OAES,bas_ast,,
Smithsonian,PSRS,bas_ast,,
Smithsonian,SOAP,bas_ast,,
Smithsonian,SRER,bas_ast,,
Smithsonian,TEAK,bas_ast,,
Smithsonian,UOBS,bas_ast,,
Smithsonian,CLBJ,bai_tay,,
Smithsonian,SRER,bai_tay,,
Smithsonian,BART,bla_bre,,
Smithsonian,BLAN,bla_bre,,
Smithsonian,DCFS,bla_bre,,
Smithsonian,GRSM,bla_bre,,
Smithsonian,HARV,bla_bre,,
Smithsonian,KONA,bla_bre,,
Smithsonian,KONZ,bla_bre,,
Smithsonian,MLBS,bla_bre,,
Smithsonian,NOGP,bla_bre,,
Smithsonian,ORNL,bla_bre,,
Smithsonian,PLUM,bla_bre,,
Smithsonian,SCBI,bla_bre,,
Smithsonian,SERC,bla_bre,,
Smithsonian,STEI,bla_bre,,
Smithsonian,STER,bla_bre,,
Smithsonian,TREE,bla_bre,,
Smithsonian,UKFS,bla_bre,,
Smithsonian,UNDE,bla_bre,,
Smithsonian,WOOD,bla_bre,,
Smithsonian,CHOC,bla_car,,
Smithsonian,DELA,bla_car,,
Smithsonian,DSNY,bla_car,,
Smithsonian,JERC,bla_car,,
Smithsonian,OSBS,bla_car,,
Smithsonian,TALL,bla_car,,
Smithsonian,KONA,bla_hyl,,
Smithsonian,KONZ,bla_hyl,,
Smithsonian,UKFS,bla_hyl,,
Smithsonian,MURR,bra_ida,,
Smithsonian,ONAQ,bra_ida,,
Smithsonian,RBUT,bra_ida,,
Smithsonian,ABBY,cas_can,,
Smithsonian,BART,cas_can,,
Smithsonian,BLAN,cas_can,,
Smithsonian,BONA,cas_can,,
Smithsonian,BOZE,cas_can,,
Smithsonian,CAPL,cas_can,,
Smithsonian,CHOC,cas_can,,
Smithsonian,CLBJ,cas_can,,
Smithsonian,CPER,cas_can,,
Smithsonian,DCFS,cas_can,,
Smithsonian,DELA,cas_can,,
Smithsonian,FEXF,cas_can,,
Smithsonian,GRSM,cas_can,,
Smithsonian,HARV,cas_can,,
Smithsonian,HEAL,cas_can,,
Smithsonian,JERC,cas_can,,
Smithsonian,JORN,cas_can,,
Smithsonian,KONA,cas_can,,
Smithsonian,KONZ,cas_can,,
Smithsonian,LOLE,cas_can,,
Smithsonian,MLBS,cas_can,,
Smithsonian,MOAB,cas_can,,
Smithsonian,MURR,cas_can,,
Smithsonian,NIWO,cas_can,,
Smithsonian,NOGP,cas_can,,
Smithsonian,OAES,cas_can,,
Smithsonian,ONAQ,cas_can,,
Smithsonian,ORNL,cas_can,,
Smithsonian,PLUM,cas_can,,
Smithsonian,POKE,cas_can,,
Smithsonian,PSRS,cas_can,,
Smithsonian,RBUT,cas_can,,
Smithsonian,RMNP,cas_can,,
Smithsonian,SCBI,cas_can,,
Smithsonian,SERC,cas_can,,
Smithsonian,SOAP,cas_can,,
Smithsonian,SRER,cas_can,,
Smithsonian,STEI,cas_can,,
Smithsonian,STER,cas_can,,
Smithsonian,TALL,cas_can,,
Smithsonian,TEAK,cas_can,,
Smithsonian,THAY,cas_can,,
Smithsonian,TREE,cas_can,,
Smithsonian,UKFS,cas_can,,
Smithsonian,UNDE,cas_can,,
Smithsonian,UOBS,cas_can,,
Smithsonian,WOOD,cas_can,,
Smithsonian,WREF,cas_can,,
Smithsonian,YELL,cas_can,,
Smithsonian,ABBY,can_lat,,
Smithsonian,BART,can_lat,,
Smithsonian,BASC,can_lat,,
Smithsonian,BLAN,can_lat,,
Smithsonian,BONA,can_lat,,
Smithsonian,BOZE,can_lat,,
Smithsonian,CAPL,can_lat,,
Smithsonian,CHOC,can_lat,,
Smithsonian,CLBJ,can_lat,,
Smithsonian,CPER,can_lat,,
Smithsonian,DCFS,can_lat,,
Smithsonian,DELA,can_lat,,
Smithsonian,DSNY,can_lat,,
Smithsonian,FEXF,can_lat,,
Smithsonian,GRSM,can_lat,,
Smithsonian,HARV,can_lat,,
Smithsonian,HEAL,can_lat,,
Smithsonian,JERC,can_lat,,
Smithsonian,JORN,can_lat,,
Smithsonian,KONA,can_lat,,
Smithsonian,KONZ,can_lat,,
Smithsonian,LOLE,can_lat,,
Smithsonian,MLBS,can_lat,,
Smithsonian,MOAB,can_lat,,
Smithsonian,MURR,can_lat,,
Smithsonian,NIWO,can_lat,,
Smithsonian,NOGP,can_lat,,
Smithsonian,OAES,can_lat,,
Smithsonian,ONAQ,can_lat,,
Smithsonian,ORNL,can_lat,,
Smithsonian,OSBS,can_lat,,
Smithsonian,PLUM,can_lat,,
Smithsonian,POKE,can_lat,,
Smithsonian,PSRS,can_lat,,
Smithsonian,RBUT,can_lat,,
Smithsonian,RMNP,can_lat,,
Smithsonian,SCBI,can_lat,,
Smithsonian,SERC,can_lat,,
Smithsonian,SOAP,can_lat,,
Smithsonian,SRER,can_lat,,
Smithsonian,STEI,can_lat,,
Smithsonian,STER,can_lat,,
Smithsonian,TALL,can_lat,,
Smithsonian,TEAK,can_lat,,
Smithsonian,THAY,can_lat,,
Smithsonian,TOOL,can_lat,,
Smithsonian,TREE,can_lat,,
Smithsonian,UKFS,can_lat,,
Smithsonian,UNDE,can_lat,,
Smithsonian,UOBS,can_lat,,
Smithsonian,WOOD,can_lat,,
Smithsonian,WREF,can_lat,,
Smithsonian,YELL,can_lat,,
Smithsonian,BASC,can_lup,,
Smithsonian,BONA,can_lup,,
Smithsonian,HEAL,can_lup,,
Smithsonian,POKE,can_lup,,
Smithsonian,TOOL,can_lup,,
Smithsonian,UNDE,can_lup,,
Smithsonian,ABBY,cer_ela,,
Smithsonian,BOZE,cer_ela,,
Smithsonian,CPER,cer_ela,,
Smithsonian,FEXF,cer_ela,,
Smithsonian,LOLE,cer_ela,,
Smithsonian,MOAB,cer_ela,,
Smithsonian,MURR,cer_ela,,
Smithsonian,NIWO,cer_ela,,
Smithsonian,ONAQ,cer_ela,,
Smithsonian,RBUT,cer_ela,,
Smithsonian,RMNP,cer_ela,,
Smithsonian,SOAP,cer_ela,,
Smithsonian,TEAK,cer_ela,,
Smithsonian,THAY,cer_ela,,
Smithsonian,WREF,cer_ela,,
Smithsonian,YELL,cer_ela,,
Smithsonian,CAPL,cha_bai,,
Smithsonian,SRER,cha_bai,,
Smithsonian,SOAP,cha_cal,,
Smithsonian,TEAK,cha_cal,,
Smithsonian,JORN,cha_ere,,
Smithsonian,ONAQ,cha_for,,
Smithsonian,CLBJ,cha_his,,
Smithsonian,CPER,cha_his,,
Smithsonian,JORN,cha_his,,
Smithsonian,KONA,cha_his,,
Smithsonian,KONZ,cha_his,,
Smithsonian,OAES,cha_his,,
Smithsonian,SRER,cha_his,,
Smithsonian,STER,cha_his,,
Smithsonian,UKFS,cha_his,,
Smithsonian,UOBS,cha_his,,
Smithsonian,CAPL,cha_int,,
Smithsonian,JORN,cha_int,,
Smithsonian,SRER,cha_int,,
Smithsonian,SRER,cho_mex,,
Smithsonian,CAPL,cha_pen,,
Smithsonian,SRER,cha_pen,,
Smithsonian,BART,con_cri,,
Smithsonian,BLAN,con_cri,,
Smithsonian,GRSM,con_cri,,
Smithsonian,HARV,con_cri,,
Smithsonian,MLBS,con_cri,,
Smithsonian,PLUM,con_cri,,
Smithsonian,SCBI,con_cri,,
Smithsonian,SERC,con_cri,,
Smithsonian,STEI,con_cri,,
Smithsonian,TREE,con_cri,,
Smithsonian,UNDE,con_cri,,
Smithsonian,CHOC,cor_raf,,
Smithsonian,DELA,cor_raf,,
Smithsonian,DSNY,cor_raf,,
Smithsonian,GRSM,cor_raf,,
Smithsonian,JERC,cor_raf,,
Smithsonian,ORNL,cor_raf,,
Smithsonian,OSBS,cor_raf,,
Smithsonian,TALL,cor_raf,,
Smithsonian,ABBY,cor_tow,,
Smithsonian,BOZE,cor_tow,,
Smithsonian,CAPL,cor_tow,,
Smithsonian,CPER,cor_tow,,
Smithsonian,FEXF,cor_tow,,
Smithsonian,JORN,cor_tow,,
Smithsonian,LOLE,cor_tow,,
Smithsonian,MLBS,cor_tow,,
Smithsonian,MOAB,cor_tow,,
Smithsonian,MURR,cor_tow,,
Smithsonian,NIWO,cor_tow,,
Smithsonian,OAES,cor_tow,,
Smithsonian,ONAQ,cor_tow,,
Smithsonian,PSRS,cor_tow,,
Smithsonian,RBUT,cor_tow,,
Smithsonian,RMNP,cor_tow,,
Smithsonian,SOAP,cor_tow,,
Smithsonian,SRER,cor_tow,,
Smithsonian,TEAK,cor_tow,,
Smithsonian,THAY,cor_tow,,
Smithsonian,WREF,cor_tow,,
Smithsonian,YELL,cor_tow,,
Smithsonian,BLAN,cry_par,,
Smithsonian,CHOC,cry_par,,
Smithsonian,CLBJ,cry_par,,
Smithsonian,CPER,cry_par,,
Smithsonian,DELA,cry_par,,
Smithsonian,DSNY,cry_par,,
Smithsonian,FEXF,cry_par,,
Smithsonian,GRSM,cry_par,,
Smithsonian,JERC,cry_par,,
Smithsonian,KONA,cry_par,,
Smithsonian,KONZ,cry_par,,
Smithsonian,MLBS,cry_par,,
Smithsonian,NIWO,cry_par,,
Smithsonian,OAES,cry_par,,
Smithsonian,ORNL,cry_par,,
Smithsonian,OSBS,cry_par,,
Smithsonian,RMNP,cry_par,,
Smithsonian,SCBI,cry_par,,
Smithsonian,SERC,cry_par,,
Smithsonian,STER,cry_par,,
Smithsonian,TALL,cry_par,,
Smithsonian,UKFS,cry_par,,
Smithsonian,UOBS,cry_par,,
Smithsonian,MOAB,cyn_gun,,
Smithsonian,BOZE,cyn_lud,,
Smithsonian,CPER,cyn_lud,,
Smithsonian,FEXF,cyn_lud,,
Smithsonian,JORN,cyn_lud,,
Smithsonian,LOLE,cyn_lud,,
Smithsonian,NIWO,cyn_lud,,
Smithsonian,NOGP,cyn_lud,,
Smithsonian,OAES,cyn_lud,,
Smithsonian,RMNP,cyn_lud,,
Smithsonian,STER,cyn_lud,,
Smithsonian,CHOC,das_nov,,
Smithsonian,CLBJ,das_nov,,
Smithsonian,DELA,das_nov,,
Smithsonian,DSNY,das_nov,,
Smithsonian,JERC,das_nov,,
Smithsonian,KONA,das_nov,,
Smithsonian,KONZ,das_nov,,
Smithsonian,OAES,das_nov,,
Smithsonian,OSBS,das_nov,,
Smithsonian,TALL,das_nov,,
Smithsonian,UKFS,das_nov,,
Smithsonian,UOBS,das_nov,,
Smithsonian,CAPL,dip_des,,
Smithsonian,BASC,dic_gro,,
Smithsonian,TOOL,dic_gro,,
Smithsonian,PSRS,dip_hee,,
Smithsonian,SOAP,dip_hee,,
Smithsonian,CAPL,dip_mer,,
Smithsonian,JORN,dip_mer,,
Smithsonian,SRER,dip_mer,,
Smithsonian,ONAQ,dip_mic,,
Smithsonian,CAPL,dip_ord,,
Smithsonian,CPER,dip_ord,,
Smithsonian,FEXF,dip_ord,,
Smithsonian,JORN,dip_ord,,
Smithsonian,MOAB,dip_ord,,
Smithsonian,MURR,dip_ord,,
Smithsonian,NIWO,dip_ord,,
Smithsonian,OAES,dip_ord,,
Smithsonian,ONAQ,dip_ord,,
Smithsonian,RBUT,dip_ord,,
Smithsonian,RMNP,dip_ord,,
Smithsonian,SRER,dip_ord,,
Smithsonian,STER,dip_ord,,
Smithsonian,JORN,dip_spe,,
Smithsonian,SRER,dip_spe,,
Smithsonian,ABBY,did_vir,,
Smithsonian,BART,did_vir,,
Smithsonian,BLAN,did_vir,,
Smithsonian,CHOC,did_vir,,
Smithsonian,CLBJ,did_vir,,
Smithsonian,DELA,did_vir,,
Smithsonian,DSNY,did_vir,,
Smithsonian,GRSM,did_vir,,
Smithsonian,HARV,did_vir,,
Smithsonian,JERC,did_vir,,
Smithsonian,KONA,did_vir,,
Smithsonian,KONZ,did_vir,,
Smithsonian,MLBS,did_vir,,
Smithsonian,OAES,did_vir,,
Smithsonian,ORNL,did_vir,,
Smithsonian,OSBS,did_vir,,
Smithsonian,PLUM,did_vir,,
Smithsonian,SCBI,did_vir,,
Smithsonian,SERC,did_vir,,
Smithsonian,STER,did_vir,,
Smithsonian,TALL,did_vir,,
Smithsonian,THAY,did_vir,,
Smithsonian,UKFS,did_vir,,
Smithsonian,UOBS,did_vir,,
Smithsonian,WREF,did_vir,,
Smithsonian,ABBY,ept_fus,,
Smithsonian,BART,ept_fus,,
Smithsonian,BLAN,ept_fus,,
Smithsonian,BOZE,ept_fus,,
Smithsonian,CAPL,ept_fus,,
Smithsonian,CHOC,ept_fus,,
Smithsonian,CLBJ,ept_fus,,
Smithsonian,CPER,ept_fus,,
Smithsonian,DCFS,ept_fus,,
Smithsonian,DELA,ept_fus,,
Smithsonian,DSNY,ept_fus,,
Smithsonian,FEXF,ept_fus,,
Smithsonian,GRSM,ept_fus,,
Smithsonian,HARV,ept_fus,,
Smithsonian,JERC,ept_fus,,
Smithsonian,JORN,ept_fus,,
Smithsonian,KONA,ept_fus,,
Smithsonian,KONZ,ept_fus,,
Smithsonian,LOLE,ept_fus,,
Smithsonian,MLBS,ept_fus,,
Smithsonian,MOAB,ept_fus,,
Smithsonian,MURR,ept_fus,,
Smithsonian,NIWO,ept_fus,,
Smithsonian,NOGP,ept_fus,,
Smithsonian,OAES,ept_fus,,
Smithsonian,ONAQ,ept_fus,,
Smithsonian,ORNL,ept_fus,,
Smithsonian,OSBS,ept_fus,,
Smithsonian,PLUM,ept_fus,,
Smithsonian,PSRS,ept_fus,,
Smithsonian,RBUT,ept_fus,,
Smithsonian,RMNP,ept_fus,,
Smithsonian,SCBI,ept_fus,,
Smithsonian,SERC,ept_fus,,
Smithsonian,SOAP,ept_fus,,
Smithsonian,SRER,ept_fus,,
Smithsonian,STEI,ept_fus,,
Smithsonian,STER,ept_fus,,
Smithsonian,TALL,ept_fus,,
Smithsonian,TEAK,ept_fus,,
Smithsonian,THAY,ept_fus,,
Smithsonian,TREE,ept_fus,,
Smithsonian,UKFS,ept_fus,,
Smithsonian,UNDE,ept_fus,,
Smithsonian,UOBS,ept_fus,,
Smithsonian,WOOD,ept_fus,,
Smithsonian,WREF,ept_fus,,
Smithsonian,YELL,ept_fus,,
Smithsonian,ABBY,ere_dor,,
Smithsonian,BART,ere_dor,,
Smithsonian,BONA,ere_dor,,
Smithsonian,BOZE,ere_dor,,
Smithsonian,CPER,ere_dor,,
Smithsonian,DCFS,ere_dor,,
Smithsonian,FEXF,ere_dor,,
Smithsonian,GRSM,ere_dor,,
Smithsonian,HARV,ere_dor,,
Smithsonian,HEAL,ere_dor,,
Smithsonian,JORN,ere_dor,,
Smithsonian,LOLE,ere_dor,,
Smithsonian,MOAB,ere_dor,,
Smithsonian,MURR,ere_dor,,
Smithsonian,NIWO,ere_dor,,
Smithsonian,NOGP,ere_dor,,
Smithsonian,ONAQ,ere_dor,,
Smithsonian,ORNL,ere_dor,,
Smithsonian,PLUM,ere_dor,,
Smithsonian,POKE,ere_dor,,
Smithsonian,RBUT,ere_dor,,
Smithsonian,RMNP,ere_dor,,
Smithsonian,SRER,ere_dor,,
Smithsonian,STER,ere_dor,,
Smithsonian,THAY,ere_dor,,
Smithsonian,TOOL,ere_dor,,
Smithsonian,WOOD,ere_dor,,
Smithsonian,WREF,ere_dor,,
Smithsonian,YELL,ere_dor,,
Smithsonian,BOZE,eud_mac,,
Smithsonian,CAPL,eud_mac,,
Smithsonian,JORN,eud_mac,,
Smithsonian,MOAB,eud_mac,,
Smithsonian,MURR,eud_mac,,
Smithsonian,ONAQ,eud_mac,,
Smithsonian,RBUT,eud_mac,,
Smithsonian,SRER,eud_mac,,
Smithsonian,YELL,eud_mac,,
Smithsonian,CAPL,eum_per,,
Smithsonian,JORN,eum_per,,
Smithsonian,PSRS,eum_per,,
Smithsonian,SRER,eum_per,,
Smithsonian,SRER,eum_und,,
Smithsonian,JORN,geo_are,,
Smithsonian,CLBJ,geo_bre,,
Smithsonian,UOBS,geo_bre,,
Smithsonian,CLBJ,geo_bur,,
Smithsonian,CPER,geo_bur,,
Smithsonian,KONA,geo_bur,,
Smithsonian,KONZ,geo_bur,,
Smithsonian,OAES,geo_bur,,
Smithsonian,STER,geo_bur,,
Smithsonian,UKFS,geo_bur,,
Smithsonian,JERC,geo_pin,,
Smithsonian,OSBS,geo_pin,,
Smithsonian,TALL,geo_pin,,
Smithsonian,ABBY,gla_sab,,
Smithsonian,BART,gla_sab,,
Smithsonian,BONA,gla_sab,,
Smithsonian,BOZE,gla_sab,,
Smithsonian,GRSM,gla_sab,,
Smithsonian,HARV,gla_sab,,
Smithsonian,HEAL,gla_sab,,
Smithsonian,LOLE,gla_sab,,
Smithsonian,PLUM,gla_sab,,
Smithsonian,POKE,gla_sab,,
Smithsonian,PSRS,gla_sab,,
Smithsonian,RBUT,gla_sab,,
Smithsonian,SOAP,gla_sab,,
Smithsonian,STEI,gla_sab,,
Smithsonian,TEAK,gla_sab,,
Smithsonian,THAY,gla_sab,,
Smithsonian,TREE,gla_sab,,
Smithsonian,UNDE,gla_sab,,
Smithsonian,WREF,gla_sab,,
Smithsonian,YELL,gla_sab,,
Smithsonian,BART,gla_vol,,
Smithsonian,BLAN,gla_vol,,
Smithsonian,CHOC,gla_vol,,
Smithsonian,CLBJ,gla_vol,,
Smithsonian,DELA,gla_vol,,
Smithsonian,DSNY,gla_vol,,
Smithsonian,GRSM,gla_vol,,
Smithsonian,HARV,gla_vol,,
Smithsonian,JERC,gla_vol,,
Smithsonian,MLBS,gla_vol,,
Smithsonian,ORNL,gla_vol,,
Smithsonian,OSBS,gla_vol,,
Smithsonian,PLUM,gla_vol,,
Smithsonian,SCBI,gla_vol,,
Smithsonian,SERC,gla_vol,,
Smithsonian,TALL,gla_vol,,
Smithsonian,UKFS,gla_vol,,
Smithsonian,UOBS,gla_vol,,
Smithsonian,BASC,gul_gul,,
Smithsonian,BONA,gul_gul,,
Smithsonian,HEAL,gul_gul,,
Smithsonian,POKE,gul_gul,,
Smithsonian,TOOL,gul_gul,,
Smithsonian,CAPL,idi_phy,,
Smithsonian,JORN,idi_phy,,
Smithsonian,SRER,idi_phy,,
Smithsonian,ABBY,las_blo,,
Smithsonian,JORN,las_blo,,
Smithsonian,ONAQ,las_blo,,
Smithsonian,SRER,las_blo,,
Smithsonian,THAY,las_blo,,
Smithsonian,WREF,las_blo,,
Smithsonian,BART,las_bor,,
Smithsonian,BLAN,las_bor,,
Smithsonian,CHOC,las_bor,,
Smithsonian,CLBJ,las_bor,,
Smithsonian,CPER,las_bor,,
Smithsonian,DCFS,las_bor,,
Smithsonian,DELA,las_bor,,
Smithsonian,DSNY,las_bor,,
Smithsonian,FEXF,las_bor,,
Smithsonian,GRSM,las_bor,,
Smithsonian,HARV,las_bor,,
Smithsonian,JERC,las_bor,,
Smithsonian,KONA,las_bor,,
Smithsonian,KONZ,las_bor,,
Smithsonian,MLBS,las_bor,,
Smithsonian,NIWO,las_bor,,
Smithsonian,NOGP,las_bor,,
Smithsonian,OAES,las_bor,,
Smithsonian,ORNL,las_bor,,
Smithsonian,OSBS,las_bor,,
Smithsonian,PLUM,las_bor,,
Smithsonian,RMNP,las_bor,,
Smithsonian,SCBI,las_bor,,
Smithsonian,SERC,las_bor,,
Smithsonian,STEI,las_bor,,
Smithsonian,STER,las_bor,,
Smithsonian,TALL,las_bor,,
Smithsonian,TREE,las_bor,,
Smithsonian,UKFS,las_bor,,
Smithsonian,UOBS,las_bor,,
Smithsonian,WOOD,las_bor,,
Smithsonian,ABBY,las_cin,,
Smithsonian,BART,las_cin,,
Smithsonian,BLAN,las_cin,,
Smithsonian,BOZE,las_cin,,
Smithsonian,CAPL,las_cin,,
Smithsonian,CHOC,las_cin,,
Smithsonian,CLBJ,las_cin,,
Smithsonian,CPER,las_cin,,
Smithsonian,DCFS,las_cin,,
Smithsonian,DELA,las_cin,,
Smithsonian,FEXF,las_cin,,
Smithsonian,GRSM,las_cin,,
Smithsonian,HARV,las_cin,,
Smithsonian,JERC,las_cin,,
Smithsonian,JORN,las_cin,,
Smithsonian,KONA,las_cin,,
Smithsonian,KONZ,las_cin,,
Smithsonian,LOLE,las_cin,,
Smithsonian,MLBS,las_cin,,
Smithsonian,MOAB,las_cin,,
Smithsonian,MURR,las_cin,,
Smithsonian,NIWO,las_cin,,
Smithsonian,NOGP,las_cin,,
Smithsonian,OAES,las_cin,,
Smithsonian,ONAQ,las_cin,,
Smithsonian,ORNL,las_cin,,
Smithsonian,OSBS,las_cin,,
Smithsonian,PLUM,las_cin,,
Smithsonian,PSRS,las_cin,,
Smithsonian,RBUT,las_cin,,
Smithsonian,RMNP,las_cin,,
Smithsonian,SCBI,las_cin,,
Smithsonian,SERC,las_cin,,
Smithsonian,SOAP,las_cin,,
Smithsonian,SRER,las_cin,,
Smithsonian,STEI,las_cin,,
Smithsonian,STER,las_cin,,
Smithsonian,TALL,las_cin,,
Smithsonian,TEAK,las_cin,,
Smithsonian,THAY,las_cin,,
Smithsonian,TREE,las_cin,,
Smithsonian,UKFS,las_cin,,
Smithsonian,UNDE,las_cin,,
Smithsonian,UOBS,las_cin,,
Smithsonian,WOOD,las_cin,,
Smithsonian,WREF,las_cin,,
Smithsonian,YELL,las_cin,,
Smithsonian,CAPL,las_ega,,
Smithsonian,SRER,las_ega,,
Smithsonian,CHOC,las_int,,
Smithsonian,DELA,las_int,,
Smithsonian,DSNY,las_int,,
Smithsonian,JERC,las_int,,
Smithsonian,OSBS,las_int,,
Smithsonian,ABBY,las_noc,,
Smithsonian,BART,las_noc,,
Smithsonian,BLAN,las_noc,,
Smithsonian,BOZE,las_noc,,
Smithsonian,CHOC,las_noc,,
Smithsonian,CLBJ,las_noc,,
Smithsonian,CPER,las_noc,,
Smithsonian,DCFS,las_noc,,
Smithsonian,DELA,las_noc,,
Smithsonian,FEXF,las_noc,,
Smithsonian,GRSM,las_noc,,
Smithsonian,HARV,las_noc,,
Smithsonian,JORN,las_noc,,
Smithsonian,KONA,las_noc,,
Smithsonian,KONZ,las_noc,,
Smithsonian,LOLE,las_noc,,
Smithsonian,MLBS,las_noc,,
Smithsonian,MOAB,las_noc,,
Smithsonian,MURR,las_noc,,
Smithsonian,NIWO,las_noc,,
Smithsonian,NOGP,las_noc,,
Smithsonian,OAES,las_noc,,
Smithsonian,ONAQ,las_noc,,
Smithsonian,ORNL,las_noc,,
Smithsonian,PLUM,las_noc,,
Smithsonian,RBUT,las_noc,,
Smithsonian,RMNP,las_noc,,
Smithsonian,SCBI,las_noc,,
Smithsonian,SERC,las_noc,,
Smithsonian,STEI,las_noc,,
Smithsonian,STER,las_noc,,
Smithsonian,TALL,las_noc,,
Smithsonian,THAY,las_noc,,
Smithsonian,TREE,las_noc,,
Smithsonian,UKFS,las_noc,,
Smithsonian,UNDE,las_noc,,
Smithsonian,UOBS,las_noc,,
Smithsonian,WOOD,las_noc,,
Smithsonian,WREF,las_noc,,
Smithsonian,YELL,las_noc,,
Smithsonian,CHOC,las_sem,,
Smithsonian,DELA,las_sem,,
Smithsonian,DSNY,las_sem,,
Smithsonian,JERC,las_sem,,
Smithsonian,OSBS,las_sem,,
Smithsonian,TALL,las_sem,,
Smithsonian,CAPL,lep_all,,
Smithsonian,SRER,lep_all,,
Smithsonian,ABBY,lep_ame,,
Smithsonian,BART,lep_ame,,
Smithsonian,BLAN,lep_ame,,
Smithsonian,BONA,lep_ame,,
Smithsonian,FEXF,lep_ame,,
Smithsonian,GRSM,lep_ame,,
Smithsonian,HARV,lep_ame,,
Smithsonian,HEAL,lep_ame,,
Smithsonian,PLUM,lep_ame,,
Smithsonian,POKE,lep_ame,,
Smithsonian,PSRS,lep_ame,,
Smithsonian,SCBI,lep_ame,,
Smithsonian,STEI,lep_ame,,
Smithsonian,THAY,lep_ame,,
Smithsonian,TREE,lep_ame,,
Smithsonian,UNDE,lep_ame,,
Smithsonian,WREF,lep_ame,,
Smithsonian,YELL,lep_ame,,
Smithsonian,ABBY,lep_cal,,
Smithsonian,BOZE,lep_cal,,
Smithsonian,CAPL,lep_cal,,
Smithsonian,CLBJ,lep_cal,,
Smithsonian,CPER,lep_cal,,
Smithsonian,FEXF,lep_cal,,
Smithsonian,JORN,lep_cal,,
Smithsonian,KONA,lep_cal,,
Smithsonian,KONZ,lep_cal,,
Smithsonian,LOLE,lep_cal,,
Smithsonian,MOAB,lep_cal,,
Smithsonian,MURR,lep_cal,,
Smithsonian,NIWO,lep_cal,,
Smithsonian,OAES,lep_cal,,
Smithsonian,ONAQ,lep_cal,,
Smithsonian,RBUT,lep_cal,,
Smithsonian,RMNP,lep_cal,,
Smithsonian,SRER,lep_cal,,
Smithsonian,STER,lep_cal,,
Smithsonian,TEAK,lep_cal,,
Smithsonian,THAY,lep_cal,,
Smithsonian,UKFS,lep_cal,,
Smithsonian,UOBS,lep_cal,,
Smithsonian,BOZE,lem_cur,,
Smithsonian,CPER,lem_cur,,
Smithsonian,FEXF,lem_cur,,
Smithsonian,LOLE,lem_cur,,
Smithsonian,MURR,lem_cur,,
Smithsonian,NIWO,lem_cur,,
Smithsonian,ONAQ,lem_cur,,
Smithsonian,RBUT,lem_cur,,
Smithsonian,RMNP,lem_cur,,
Smithsonian,TEAK,lem_cur,,
Smithsonian,YELL,lem_cur,,
Smithsonian,BOZE,lep_tow,,
Smithsonian,CPER,lep_tow,,
Smithsonian,DCFS,lep_tow,,
Smithsonian,FEXF,lep_tow,,
Smithsonian,LOLE,lep_tow,,
Smithsonian,MOAB,lep_tow,,
Smithsonian,MURR,lep_tow,,
Smithsonian,NIWO,lep_tow,,
Smithsonian,NOGP,lep_tow,,
Smithsonian,ONAQ,lep_tow,,
Smithsonian,RBUT,lep_tow,,
Smithsonian,RMNP,lep_tow,,
Smithsonian,STEI,lep_tow,,
Smithsonian,STER,lep_tow,,
Smithsonian,TREE,lep_tow,,
Smithsonian,WOOD,lep_tow,,
Smithsonian,YELL,lep_tow,,
Smithsonian,BASC,lem_tri,,
Smithsonian,BONA,lem_tri,,
Smithsonian,HEAL,lem_tri,,
Smithsonian,POKE,lem_tri,,
Smithsonian,TOOL,lem_tri,,
Smithsonian,SRER,lep_yer,,
Smithsonian,ABBY,lon_can,,
Smithsonian,BART,lon_can,,
Smithsonian,BLAN,lon_can,,
Smithsonian,BONA,lon_can,,
Smithsonian,BOZE,lon_can,,
Smithsonian,CHOC,lon_can,,
Smithsonian,DELA,lon_can,,
Smithsonian,DSNY,lon_can,,
Smithsonian,GRSM,lon_can,,
Smithsonian,HARV,lon_can,,
Smithsonian,HEAL,lon_can,,
Smithsonian,JERC,lon_can,,
Smithsonian,LOLE,lon_can,,
Smithsonian,OSBS,lon_can,,
Smithsonian,PLUM,lon_can,,
Smithsonian,POKE,lon_can,,
Smithsonian,SCBI,lon_can,,
Smithsonian,SERC,lon_can,,
Smithsonian,STEI,lon_can,,
Smithsonian,TALL,lon_can,,
Smithsonian,THAY,lon_can,,
Smithsonian,TREE,lon_can,,
Smithsonian,UNDE,lon_can,,
Smithsonian,WREF,lon_can,,
Smithsonian,YELL,lon_can,,
Smithsonian,BONA,lyn_can,,
Smithsonian,HEAL,lyn_can,,
Smithsonian,MURR,lyn_can,,
Smithsonian,ONAQ,lyn_can,,
Smithsonian,POKE,lyn_can,,
Smithsonian,RBUT,lyn_can,,
Smithsonian,STEI,lyn_can,,
Smithsonian,TOOL,lyn_can,,
Smithsonian,TREE,lyn_can,,
Smithsonian,UNDE,lyn_can,,
Smithsonian,ABBY,lyn_ruf,,
Smithsonian,BART,lyn_ruf,,
Smithsonian,BLAN,lyn_ruf,,
Smithsonian,BOZE,lyn_ruf,,
Smithsonian,CAPL,lyn_ruf,,
Smithsonian,CHOC,lyn_ruf,,
Smithsonian,CLBJ,lyn_ruf,,
Smithsonian,DCFS,lyn_ruf,,
Smithsonian,DELA,lyn_ruf,,
Smithsonian,DSNY,lyn_ruf,,
Smithsonian,GRSM,lyn_ruf,,
Smithsonian,HARV,lyn_ruf,,
Smithsonian,JERC,lyn_ruf,,
Smithsonian,JORN,lyn_ruf,,
Smithsonian,KONA,lyn_ruf,,
Smithsonian,KONZ,lyn_ruf,,
Smithsonian,LOLE,lyn_ruf,,
Smithsonian,MLBS,lyn_ruf,,
Smithsonian,MOAB,lyn_ruf,,
Smithsonian,MURR,lyn_ruf,,
Smithsonian,NOGP,lyn_ruf,,
Smithsonian,OAES,lyn_ruf,,
Smithsonian,ONAQ,lyn_ruf,,
Smithsonian,ORNL,lyn_ruf,,
Smithsonian,OSBS,lyn_ruf,,
Smithsonian,PLUM,lyn_ruf,,
Smithsonian,RBUT,lyn_ruf,,
Smithsonian,SCBI,lyn_ruf,,
Smithsonian,SRER,lyn_ruf,,
Smithsonian,STEI,lyn_ruf,,
Smithsonian,STER,lyn_ruf,,
Smithsonian,TALL,lyn_ruf,,
Smithsonian,THAY,lyn_ruf,,
Smithsonian,TREE,lyn_ruf,,
Smithsonian,UKFS,lyn_ruf,,
Smithsonian,UNDE,lyn_ruf,,
Smithsonian,UOBS,lyn_ruf,,
Smithsonian,WOOD,lyn_ruf,,
Smithsonian,WREF,lyn_ruf,,
Smithsonian,YELL,lyn_ruf,,
Smithsonian,BONA,mar_ame,,
Smithsonian,BOZE,mar_ame,,
Smithsonian,FEXF,mar_ame,,
Smithsonian,HEAL,mar_ame,,
Smithsonian,MOAB,mar_ame,,
Smithsonian,MURR,mar_ame,,
Smithsonian,NIWO,mar_ame,,
Smithsonian,ONAQ,mar_ame,,
Smithsonian,POKE,mar_ame,,
Smithsonian,RBUT,mar_ame,,
Smithsonian,RMNP,mar_ame,,
Smithsonian,SOAP,mar_ame,,
Smithsonian,TEAK,mar_ame,,
Smithsonian,YELL,mar_ame,,
Smithsonian,TOOL,mar_bro,,
Smithsonian,BASC,mar_cal,,
Smithsonian,BONA,mar_cal,,
Smithsonian,HEAL,mar_cal,,
Smithsonian,POKE,mar_cal,,
Smithsonian,TOOL,mar_cal,,
Smithsonian,WREF,mar_cal,,
Smithsonian,BOZE,mar_fla,,
Smithsonian,CPER,mar_fla,,
Smithsonian,FEXF,mar_fla,,
Smithsonian,LOLE,mar_fla,,
Smithsonian,MOAB,mar_fla,,
Smithsonian,MURR,mar_fla,,
Smithsonian,NIWO,mar_fla,,
Smithsonian,ONAQ,mar_fla,,
Smithsonian,RBUT,mar_fla,,
Smithsonian,RMNP,mar_fla,,
Smithsonian,YELL,mar_fla,,
Smithsonian,BART,mar_mon,,
Smithsonian,BLAN,mar_mon,,
Smithsonian,BONA,mar_mon,,
Smithsonian,DELA,mar_mon,,
Smithsonian,GRSM,mar_mon,,
Smithsonian,HARV,mar_mon,,
Smithsonian,HEAL,mar_mon,,
Smithsonian,KONA,mar_mon,,
Smithsonian,KONZ,mar_mon,,
Smithsonian,MLBS,mar_mon,,
Smithsonian,ORNL,mar_mon,,
Smithsonian,PLUM,mar_mon,,
Smithsonian,POKE,mar_mon,,
Smithsonian,SCBI,mar_mon,,
Smithsonian,SERC,mar_mon,,
Smithsonian,STEI,mar_mon,,
Smithsonian,TALL,mar_mon,,
Smithsonian,TREE,mar_mon,,
Smithsonian,UKFS,mar_mon,,
Smithsonian,UNDE,mar_mon,,
Smithsonian,BART,mar_pen,,
Smithsonian,HARV,mar_pen,,
Smithsonian,SOAP,mar_pen,,
Smithsonian,STEI,mar_pen,,
Smithsonian,TEAK,mar_pen,,
Smithsonian,TREE,mar_pen,,
Smithsonian,UNDE,mar_pen,,
Smithsonian,CAPL,mac_cal,,
Smithsonian,SRER,mac_cal,,
Smithsonian,CAPL,mep_mac,,
Smithsonian,JORN,mep_mac,,
Smithsonian,SRER,mep_mac,,
Smithsonian,ABBY,mep_mep,,
Smithsonian,BART,mep_mep,,
Smithsonian,BLAN,mep_mep,,
Smithsonian,BOZE,mep_mep,,
Smithsonian,CAPL,mep_mep,,
Smithsonian,CHOC,mep_mep,,
Smithsonian,CLBJ,mep_mep,,
Smithsonian,CPER,mep_mep,,
Smithsonian,DCFS,mep_mep,,
Smithsonian,DELA,mep_mep,,
Smithsonian,DSNY,mep_mep,,
Smithsonian,FEXF,mep_mep,,
Smithsonian,GRSM,mep_mep,,
Smithsonian,HARV,mep_mep,,
Smithsonian,JERC,mep_mep,,
Smithsonian,JORN,mep_mep,,
Smithsonian,KONA,mep_mep,,
Smithsonian,KONZ,mep_mep,,
Smithsonian,LOLE,mep_mep,,
Smithsonian,MLBS,mep_mep,,
Smithsonian,MOAB,mep_mep,,
Smithsonian,MURR,mep_mep,,
Smithsonian,NIWO,mep_mep,,
Smithsonian,NOGP,mep_mep,,
Smithsonian,OAES,mep_mep,,
Smithsonian,ONAQ,mep_mep,,
Smithsonian,ORNL,mep_mep,,
Smithsonian,OSBS,mep_mep,,
Smithsonian,PLUM,mep_mep,,
Smithsonian,PSRS,mep_mep,,
Smithsonian,RBUT,mep_mep,,
Smithsonian,RMNP,mep_mep,,
Smithsonian,SCBI,mep_mep,,
Smithsonian,SERC,mep_mep,,
Smithsonian,SOAP,mep_mep,,
Smithsonian,SRER,mep_mep,,
Smithsonian,STEI,mep_mep,,
Smithsonian,STER,mep_mep,,
Smithsonian,TALL,mep_mep,,
Smithsonian,TEAK,mep_mep,,
Smithsonian,THAY,mep_mep,,
Smithsonian,TREE,mep_mep,,
Smithsonian,UKFS,mep_mep,,
Smithsonian,UNDE,mep_mep,,
Smithsonian,UOBS,mep_mep,,
Smithsonian,WOOD,mep_mep,,
Smithsonian,WREF,mep_mep,,
Smithsonian,YELL,mep_mep,,
Smithsonian,PSRS,mic_cal,,
Smithsonian,SOAP,mic_cal,,
Smithsonian,THAY,mic_can,,
Smithsonian,BART,mic_chr,,
Smithsonian,GRSM,mic_chr,,
Smithsonian,ORNL,mic_chr,,
Smithsonian,ABBY,mic_lon,,
Smithsonian,BOZE,mic_lon,,
Smithsonian,CPER,mic_lon,,
Smithsonian,FEXF,mic_lon,,
Smithsonian,JORN,mic_lon,,
Smithsonian,LOLE,mic_lon,,
Smithsonian,MOAB,mic_lon,,
Smithsonian,MURR,mic_lon,,
Smithsonian,NIWO,mic_lon,,
Smithsonian,ONAQ,mic_lon,,
Smithsonian,PSRS,mic_lon,,
Smithsonian,RBUT,mic_lon,,
Smithsonian,RMNP,mic_lon,,
Smithsonian,SOAP,mic_lon,,
Smithsonian,TEAK,mic_lon,,
Smithsonian,THAY,mic_lon,,
Smithsonian,WREF,mic_lon,,
Smithsonian,YELL,mic_lon,,
Smithsonian,ONAQ,mic_meg,,
Smithsonian,JORN,mic_mog,,
Smithsonian,HEAL,mic_miu,,
Smithsonian,TOOL,mic_miu,,
Smithsonian,BOZE,mic_mon,,
Smithsonian,CPER,mic_mon,,
Smithsonian,FEXF,mic_mon,,
Smithsonian,LOLE,mic_mon,,
Smithsonian,MOAB,mic_mon,,
Smithsonian,MURR,mic_mon,,
Smithsonian,NIWO,mic_mon,,
Smithsonian,ONAQ,mic_mon,,
Smithsonian,PSRS,mic_mon,,
Smithsonian,RBUT,mic_mon,,
Smithsonian,RMNP,mic_mon,,
Smithsonian,SOAP,mic_mon,,
Smithsonian,TEAK,mic_mon,,
Smithsonian,YELL,mic_mon,,
Smithsonian,BOZE,mic_och,,
Smithsonian,CPER,mic_och,,
Smithsonian,DCFS,mic_och,,
Smithsonian,FEXF,mic_och,,
Smithsonian,KONA,mic_och,,
Smithsonian,KONZ,mic_och,,
Smithsonian,LOLE,mic_och,,
Smithsonian,NIWO,mic_och,,
Smithsonian,NOGP,mic_och,,
Smithsonian,ORNL,mic_och,,
Smithsonian,RMNP,mic_och,,
Smithsonian,STER,mic_och,,
Smithsonian,UKFS,mic_och,,
Smithsonian,WOOD,mic_och,,
Smithsonian,BASC,mic_oec,,
Smithsonian,BONA,mic_oec,,
Smithsonian,HEAL,mic_oec,,
Smithsonian,POKE,mic_oec,,
Smithsonian,TOOL,mic_oec,,
Smithsonian,ABBY,mic_ore,,
Smithsonian,THAY,mic_ore,,
Smithsonian,WREF,mic_ore,,
Smithsonian,BART,mic_pen,,
Smithsonian,BLAN,mic_pen,,
Smithsonian,BONA,mic_pen,,
Smithsonian,BOZE,mic_pen,,
Smithsonian,CPER,mic_pen,,
Smithsonian,DCFS,mic_pen,,
Smithsonian,FEXF,mic_pen,,
Smithsonian,GRSM,mic_pen,,
Smithsonian,HARV,mic_pen,,
Smithsonian,HEAL,mic_pen,,
Smithsonian,LOLE,mic_pen,,
Smithsonian,MLBS,mic_pen,,
Smithsonian,MURR,mic_pen,,
Smithsonian,NIWO,mic_pen,,
Smithsonian,NOGP,mic_pen,,
Smithsonian,ONAQ,mic_pen,,
Smithsonian,PLUM,mic_pen,,
Smithsonian,POKE,mic_pen,,
Smithsonian,RBUT,mic_pen,,
Smithsonian,RMNP,mic_pen,,
Smithsonian,SCBI,mic_pen,,
Smithsonian,SERC,mic_pen,,
Smithsonian,STEI,mic_pen,,
Smithsonian,STER,mic_pen,,
Smithsonian,TOOL,mic_pen,,
Smithsonian,TREE,mic_pen,,
Smithsonian,UNDE,mic_pen,,
Smithsonian,WOOD,mic_pen,,
Smithsonian,YELL,mic_pen,,
Smithsonian,BART,mic_pin,,
Smithsonian,BLAN,mic_pin,,
Smithsonian,CHOC,mic_pin,,
Smithsonian,DELA,mic_pin,,
Smithsonian,GRSM,mic_pin,,
Smithsonian,HARV,mic_pin,,
Smithsonian,JERC,mic_pin,,
Smithsonian,KONA,mic_pin,,
Smithsonian,KONZ,mic_pin,,
Smithsonian,MLBS,mic_pin,,
Smithsonian,ORNL,mic_pin,,
Smithsonian,OSBS,mic_pin,,
Smithsonian,PLUM,mic_pin,,
Smithsonian,SCBI,mic_pin,,
Smithsonian,SERC,mic_pin,,
Smithsonian,TALL,mic_pin,,
Smithsonian,UKFS,mic_pin,,
Smithsonian,UOBS,mic_pin,,
Smithsonian,ABBY,mic_ric,,
Smithsonian,BOZE,mic_ric,,
Smithsonian,LOLE,mic_ric,,
Smithsonian,MURR,mic_ric,,
Smithsonian,RBUT,mic_ric,,
Smithsonian,THAY,mic_ric,,
Smithsonian,WREF,mic_ric,,
Smithsonian,YELL,mic_ric,,
Smithsonian,ABBY,mic_tow,,
Smithsonian,THAY,mic_tow,,
Smithsonian,WREF,mic_tow,,
Smithsonian,BONA,mic_xan,,
Smithsonian,HEAL,mic_xan,,
Smithsonian,POKE,mic_xan,,
Smithsonian,JORN,mor_meg,,
Smithsonian,SRER,mor_meg,,
Smithsonian,GUAN,mol_mol,,
Smithsonian,LAJA,mol_mol,,
Smithsonian,PONC,mol_mol,,
Smithsonian,ABBY,mus_erm,,
Smithsonian,BART,mus_erm,,
Smithsonian,BASC,mus_erm,,
Smithsonian,BONA,mus_erm,,
Smithsonian,BOZE,mus_erm,,
Smithsonian,CPER,mus_erm,,
Smithsonian,DCFS,mus_erm,,
Smithsonian,FEXF,mus_erm,,
Smithsonian,HARV,mus_erm,,
Smithsonian,HEAL,mus_erm,,
Smithsonian,LOLE,mus_erm,,
Smithsonian,MOAB,mus_erm,,
Smithsonian,MURR,mus_erm,,
Smithsonian,NIWO,mus_erm,,
Smithsonian,ONAQ,mus_erm,,
Smithsonian,PLUM,mus_erm,,
Smithsonian,POKE,mus_erm,,
Smithsonian,RBUT,mus_erm,,
Smithsonian,RMNP,mus_erm,,
Smithsonian,SERC,mus_erm,,
Smithsonian,STEI,mus_erm,,
Smithsonian,THAY,mus_erm,,
Smithsonian,TOOL,mus_erm,,
Smithsonian,TREE,mus_erm,,
Smithsonian,UNDE,mus_erm,,
Smithsonian,WOOD,mus_erm,,
Smithsonian,WREF,mus_erm,,
Smithsonian,YELL,mus_erm,,
Smithsonian,ABBY,mus_fre,,
Smithsonian,BART,mus_fre,,
Smithsonian,BLAN,mus_fre,,
Smithsonian,BOZE,mus_fre,,
Smithsonian,CHOC,mus_fre,,
Smithsonian,CLBJ,mus_fre,,
Smithsonian,CPER,mus_fre,,
Smithsonian,DCFS,mus_fre,,
Smithsonian,DELA,mus_fre,,
Smithsonian,DSNY,mus_fre,,
Smithsonian,FEXF,mus_fre,,
Smithsonian,GRSM,mus_fre,,
Smithsonian,HARV,mus_fre,,
Smithsonian,JERC,mus_fre,,
Smithsonian,JORN,mus_fre,,
Smithsonian,KONA,mus_fre,,
Smithsonian,KONZ,mus_fre,,
Smithsonian,LOLE,mus_fre,,
Smithsonian,MLBS,mus_fre,,
Smithsonian,MOAB,mus_fre,,
Smithsonian,MURR,mus_fre,,
Smithsonian,NIWO,mus_fre,,
Smithsonian,NOGP,mus_fre,,
Smithsonian,OAES,mus_fre,,
Smithsonian,ONAQ,mus_fre,,
Smithsonian,ORNL,mus_fre,,
Smithsonian,OSBS,mus_fre,,
Smithsonian,PLUM,mus_fre,,
Smithsonian,PSRS,mus_fre,,
Smithsonian,RBUT,mus_fre,,
Smithsonian,RMNP,mus_fre,,
Smithsonian,SCBI,mus_fre,,
Smithsonian,SERC,mus_fre,,
Smithsonian,SOAP,mus_fre,,
Smithsonian,STEI,mus_fre,,
Smithsonian,STER,mus_fre,,
Smithsonian,TALL,mus_fre,,
Smithsonian,TEAK,mus_fre,,
Smithsonian,THAY,mus_fre,,
Smithsonian,TREE,mus_fre,,
Smithsonian,UKFS,mus_fre,,
Smithsonian,UNDE,mus_fre,,
Smithsonian,UOBS,mus_fre,,
Smithsonian,WOOD,mus_fre,,
Smithsonian,WREF,mus_fre,,
Smithsonian,YELL,mus_fre,,
Smithsonian,BASC,mus_niv,,
Smithsonian,BLAN,mus_niv,,
Smithsonian,BONA,mus_niv,,
Smithsonian,DCFS,mus_niv,,
Smithsonian,GRSM,mus_niv,,
Smithsonian,HEAL,mus_niv,,
Smithsonian,KONA,mus_niv,,
Smithsonian,KONZ,mus_niv,,
Smithsonian,MLBS,mus_niv,,
Smithsonian,NOGP,mus_niv,,
Smithsonian,POKE,mus_niv,,
Smithsonian,SCBI,mus_niv,,
Smithsonian,STEI,mus_niv,,
Smithsonian,TOOL,mus_niv,,
Smithsonian,TREE,mus_niv,,
Smithsonian,UKFS,mus_niv,,
Smithsonian,UNDE,mus_niv,,
Smithsonian,WOOD,mus_niv,,
Smithsonian,CAPL,myo_aur,,
Smithsonian,CHOC,myo_aus,,
Smithsonian,DELA,myo_aus,,
Smithsonian,JERC,myo_aus,,
Smithsonian,OSBS,myo_aus,,
Smithsonian,ABBY,myo_cal,,
Smithsonian,CAPL,myo_cal,,
Smithsonian,JORN,myo_cal,,
Smithsonian,MOAB,myo_cal,,
Smithsonian,MURR,myo_cal,,
Smithsonian,ONAQ,myo_cal,,
Smithsonian,PSRS,myo_cal,,
Smithsonian,RBUT,myo_cal,,
Smithsonian,SOAP,myo_cal,,
Smithsonian,SRER,myo_cal,,
Smithsonian,TEAK,myo_cal,,
Smithsonian,THAY,myo_cal,,
Smithsonian,WREF,myo_cal,,
Smithsonian,ABBY,myo_cil,,
Smithsonian,BOZE,myo_cil,,
Smithsonian,CAPL,myo_cil,,
Smithsonian,CPER,myo_cil,,
Smithsonian,FEXF,myo_cil,,
Smithsonian,JORN,myo_cil,,
Smithsonian,LOLE,myo_cil,,
Smithsonian,MOAB,myo_cil,,
Smithsonian,MURR,myo_cil,,
Smithsonian,NIWO,myo_cil,,
Smithsonian,ONAQ,myo_cil,,
Smithsonian,PSRS,myo_cil,,
Smithsonian,RBUT,myo_cil,,
Smithsonian,RMNP,myo_cil,,
Smithsonian,SOAP,myo_cil,,
Smithsonian,SRER,myo_cil,,
Smithsonian,STER,myo_cil,,
Smithsonian,TEAK,myo_cil,,
Smithsonian,THAY,myo_cil,,
Smithsonian,WREF,myo_cil,,
Smithsonian,YELL,myo_cil,,
Smithsonian,ABBY,myo_evo,,
Smithsonian,BOZE,myo_evo,,
Smithsonian,CPER,myo_evo,,
Smithsonian,FEXF,myo_evo,,
Smithsonian,LOLE,myo_evo,,
Smithsonian,MOAB,myo_evo,,
Smithsonian,MURR,myo_evo,,
Smithsonian,NIWO,myo_evo,,
Smithsonian,ONAQ,myo_evo,,
Smithsonian,PSRS,myo_evo,,
Smithsonian,RBUT,myo_evo,,
Smithsonian,RMNP,myo_evo,,
Smithsonian,SOAP,myo_evo,,
Smithsonian,TEAK,myo_evo,,
Smithsonian,THAY,myo_evo,,
Smithsonian,WREF,myo_evo,,
Smithsonian,YELL,myo_evo,,
Smithsonian,ABBY,myo_gap,,
Smithsonian,BART,myo_gap,,
Smithsonian,BLAN,myo_gap,,
Smithsonian,BOZE,myo_gap,,
Smithsonian,DCFS,myo_gap,,
Smithsonian,FEXF,myo_gap,,
Smithsonian,GRSM,myo_gap,,
Smithsonian,HARV,myo_gap,,
Smithsonian,LOLE,myo_gap,,
Smithsonian,MLBS,myo_gap,,
Smithsonian,MURR,myo_gap,,
Smithsonian,NIWO,myo_gap,,
Smithsonian,NOGP,myo_gap,,
Smithsonian,PLUM,myo_gap,,
Smithsonian,RBUT,myo_gap,,
Smithsonian,RMNP,myo_gap,,
Smithsonian,SCBI,myo_gap,,
Smithsonian,SERC,myo_gap,,
Smithsonian,STEI,myo_gap,,
Smithsonian,TREE,myo_gap,,
Smithsonian,UNDE,myo_gap,,
Smithsonian,WOOD,myo_gap,,
Smithsonian,WREF,myo_gap,,
Smithsonian,YELL,myo_gap,,
Smithsonian,CHOC,myo_gri,,
Smithsonian,DELA,myo_gri,,
Smithsonian,GRSM,myo_gri,,
Smithsonian,JERC,myo_gri,,
Smithsonian,MLBS,myo_gri,,
Smithsonian,ORNL,myo_gri,,
Smithsonian,TALL,myo_gri,,
Smithsonian,BART,myo_lei,,
Smithsonian,BLAN,myo_lei,,
Smithsonian,GRSM,myo_lei,,
Smithsonian,HARV,myo_lei,,
Smithsonian,MLBS,myo_lei,,
Smithsonian,ORNL,myo_lei,,
Smithsonian,PLUM,myo_lei,,
Smithsonian,SCBI,myo_lei,,
Smithsonian,SERC,myo_lei,,
Smithsonian,ABBY,myo_luc,,
Smithsonian,BART,myo_luc,,
Smithsonian,BLAN,myo_luc,,
Smithsonian,BONA,myo_luc,,
Smithsonian,BOZE,myo_luc,,
Smithsonian,CAPL,myo_luc,,
Smithsonian,CHOC,myo_luc,,
Smithsonian,CPER,myo_luc,,
Smithsonian,DCFS,myo_luc,,
Smithsonian,DELA,myo_luc,,
Smithsonian,FEXF,myo_luc,,
Smithsonian,GRSM,myo_luc,,
Smithsonian,HARV,myo_luc,,
Smithsonian,HEAL,myo_luc,,
Smithsonian,JERC,myo_luc,,
Smithsonian,JORN,myo_luc,,
Smithsonian,KONA,myo_luc,,
Smithsonian,KONZ,myo_luc,,
Smithsonian,LOLE,myo_luc,,
Smithsonian,MLBS,myo_luc,,
Smithsonian,MOAB,myo_luc,,
Smithsonian,MURR,myo_luc,,
Smithsonian,NIWO,myo_luc,,
Smithsonian,NOGP,myo_luc,,
Smithsonian,ONAQ,myo_luc,,
Smithsonian,ORNL,myo_luc,,
Smithsonian,PLUM,myo_luc,,
Smithsonian,POKE,myo_luc,,
Smithsonian,RBUT,myo_luc,,
Smithsonian,RMNP,myo_luc,,
Smithsonian,SCBI,myo_luc,,
Smithsonian,SERC,myo_luc,,
Smithsonian,SOAP,myo_luc,,
Smithsonian,STEI,myo_luc,,
Smithsonian,TALL,myo_luc,,
Smithsonian,TEAK,myo_luc,,
Smithsonian,THAY,myo_luc,,
Smithsonian,TREE,myo_luc,,
Smithsonian,UKFS,myo_luc,,
Smithsonian,UNDE,myo_luc,,
Smithsonian,WOOD,myo_luc,,
Smithsonian,WREF,myo_luc,,
Smithsonian,YELL,myo_luc,,
Smithsonian,BONA,myo_rut,,
Smithsonian,HEAL,myo_rut,,
Smithsonian,POKE,myo_rut,,
Smithsonian,TOOL,myo_rut,,
Smithsonian,BART,myo_sep,,
Smithsonian,BLAN,myo_sep,,
Smithsonian,DCFS,myo_sep,,
Smithsonian,GRSM,myo_sep,,
Smithsonian,HARV,myo_sep,,
Smithsonian,MLBS,myo_sep,,
Smithsonian,NOGP,myo_sep,,
Smithsonian,ORNL,myo_sep,,
Smithsonian,PLUM,myo_sep,,
Smithsonian,SCBI,myo_sep,,
Smithsonian,SERC,myo_sep,,
Smithsonian,STEI,myo_sep,,
Smithsonian,TREE,myo_sep,,
Smithsonian,UKFS,myo_sep,,
Smithsonian,UNDE,myo_sep,,
Smithsonian,WOOD,myo_sep,,
Smithsonian,BART,myo_sod,,
Smithsonian,BLAN,myo_sod,,
Smithsonian,GRSM,myo_sod,,
Smithsonian,HARV,myo_sod,,
Smithsonian,KONA,myo_sod,,
Smithsonian,KONZ,myo_sod,,
Smithsonian,MLBS,myo_sod,,
Smithsonian,ORNL,myo_sod,,
Smithsonian,PLUM,myo_sod,,
Smithsonian,SCBI,myo_sod,,
Smithsonian,TALL,myo_sod,,
Smithsonian,UKFS,myo_sod,,
Smithsonian,ABBY,myo_thy,,
Smithsonian,CAPL,myo_thy,,
Smithsonian,CPER,myo_thy,,
Smithsonian,FEXF,myo_thy,,
Smithsonian,JORN,myo_thy,,
Smithsonian,MOAB,myo_thy,,
Smithsonian,MURR,myo_thy,,
Smithsonian,NIWO,myo_thy,,
Smithsonian,ONAQ,myo_thy,,
Smithsonian,PSRS,myo_thy,,
Smithsonian,RBUT,myo_thy,,
Smithsonian,RMNP,myo_thy,,
Smithsonian,SOAP,myo_thy,,
Smithsonian,SRER,myo_thy,,
Smithsonian,STER,myo_thy,,
Smithsonian,TEAK,myo_thy,,
Smithsonian,THAY,myo_thy,,
Smithsonian,WREF,myo_thy,,
Smithsonian,CAPL,myo_vel,,
Smithsonian,OAES,myo_vel,,
Smithsonian,SRER,myo_vel,,
Smithsonian,ABBY,myo_vol,,
Smithsonian,BOZE,myo_vol,,
Smithsonian,CAPL,myo_vol,,
Smithsonian,CPER,myo_vol,,
Smithsonian,FEXF,myo_vol,,
Smithsonian,JORN,myo_vol,,
Smithsonian,LOLE,myo_vol,,
Smithsonian,MOAB,myo_vol,,
Smithsonian,MURR,myo_vol,,
Smithsonian,NIWO,myo_vol,,
Smithsonian,ONAQ,myo_vol,,
Smithsonian,PSRS,myo_vol,,
Smithsonian,RBUT,myo_vol,,
Smithsonian,RMNP,myo_vol,,
Smithsonian,SOAP,myo_vol,,
Smithsonian,SRER,myo_vol,,
Smithsonian,TEAK,myo_vol,,
Smithsonian,THAY,myo_vol,,
Smithsonian,WREF,myo_vol,,
Smithsonian,YELL,myo_vol,,
Smithsonian,ABBY,myo_yum,,
Smithsonian,BOZE,myo_yum,,
Smithsonian,CAPL,myo_yum,,
Smithsonian,JORN,myo_yum,,
Smithsonian,LOLE,myo_yum,,
Smithsonian,MOAB,myo_yum,,
Smithsonian,PSRS,myo_yum,,
Smithsonian,SOAP,myo_yum,,
Smithsonian,SRER,myo_yum,,
Smithsonian,TEAK,myo_yum,,
Smithsonian,THAY,myo_yum,,
Smithsonian,WREF,myo_yum,,
Smithsonian,YELL,myo_yum,,
Smithsonian,BART,nap_ins,,
Smithsonian,GRSM,nap_ins,,
Smithsonian,HARV,nap_ins,,
Smithsonian,MLBS,nap_ins,,
Smithsonian,STEI,nap_ins,,
Smithsonian,TREE,nap_ins,,
Smithsonian,UNDE,nap_ins,,
Smithsonian,CAPL,nas_nar,,
Smithsonian,SRER,nas_nar,,
Smithsonian,CAPL,neo_alb,,
Smithsonian,JORN,neo_alb,,
Smithsonian,SRER,neo_alb,,
Smithsonian,ABBY,neo_cin,,
Smithsonian,BOZE,neo_cin,,
Smithsonian,CPER,neo_cin,,
Smithsonian,FEXF,neo_cin,,
Smithsonian,LOLE,neo_cin,,
Smithsonian,MOAB,neo_cin,,
Smithsonian,MURR,neo_cin,,
Smithsonian,NIWO,neo_cin,,
Smithsonian,NOGP,neo_cin,,
Smithsonian,ONAQ,neo_cin,,
Smithsonian,PSRS,neo_cin,,
Smithsonian,RBUT,neo_cin,,
Smithsonian,RMNP,neo_cin,,
Smithsonian,SOAP,neo_cin,,
Smithsonian,TEAK,neo_cin,,
Smithsonian,THAY,neo_cin,,
Smithsonian,WREF,neo_cin,,
Smithsonian,YELL,neo_cin,,
Smithsonian,CHOC,neo_flo,,
Smithsonian,CLBJ,neo_flo,,
Smithsonian,CPER,neo_flo,,
Smithsonian,DELA,neo_flo,,
Smithsonian,DSNY,neo_flo,,
Smithsonian,FEXF,neo_flo,,
Smithsonian,GRSM,neo_flo,,
Smithsonian,JERC,neo_flo,,
Smithsonian,KONA,neo_flo,,
Smithsonian,KONZ,neo_flo,,
Smithsonian,NIWO,neo_flo,,
Smithsonian,ORNL,neo_flo,,
Smithsonian,OSBS,neo_flo,,
Smithsonian,RMNP,neo_flo,,
Smithsonian,STER,neo_flo,,
Smithsonian,TALL,neo_flo,,
Smithsonian,UKFS,neo_flo,,
Smithsonian,UOBS,neo_flo,,
Smithsonian,PSRS,neo_fus,,
Smithsonian,SOAP,neo_fus,,
Smithsonian,TEAK,neo_fus,,
Smithsonian,ABBY,neu_gib,,
Smithsonian,THAY,neu_gib,,
Smithsonian,WREF,neu_gib,,
Smithsonian,MURR,neo_lep,,
Smithsonian,ONAQ,neo_lep,,
Smithsonian,BLAN,neo_mag,,
Smithsonian,GRSM,neo_mag,,
Smithsonian,MLBS,neo_mag,,
Smithsonian,ORNL,neo_mag,,
Smithsonian,SCBI,neo_mag,,
Smithsonian,CAPL,neo_mex,,
Smithsonian,JORN,neo_mex,,
Smithsonian,MOAB,neo_mex,,
Smithsonian,NIWO,neo_mex,,
Smithsonian,RMNP,neo_mex,,
Smithsonian,SRER,neo_mex,,
Smithsonian,JORN,neo_mic,,
Smithsonian,OAES,neo_mic,,
Smithsonian,ABBY,neo_vis,,
Smithsonian,BART,neo_vis,,
Smithsonian,BASC,neo_vis,,
Smithsonian,BLAN,neo_vis,,
Smithsonian,BONA,neo_vis,,
Smithsonian,CHOC,neo_vis,,
Smithsonian,CPER,neo_vis,,
Smithsonian,DCFS,neo_vis,,
Smithsonian,DELA,neo_vis,,
Smithsonian,DSNY,neo_vis,,
Smithsonian,FEXF,neo_vis,,
Smithsonian,GRSM,neo_vis,,
Smithsonian,HARV,neo_vis,,
Smithsonian,HEAL,neo_vis,,
Smithsonian,JERC,neo_vis,,
Smithsonian,KONA,neo_vis,,
Smithsonian,KONZ,neo_vis,,
Smithsonian,LOLE,neo_vis,,
Smithsonian,MLBS,neo_vis,,
Smithsonian,NIWO,neo_vis,,
Smithsonian,NOGP,neo_vis,,
Smithsonian,ORNL,neo_vis,,
Smithsonian,OSBS,neo_vis,,
Smithsonian,PLUM,neo_vis,,
Smithsonian,POKE,neo_vis,,
Smithsonian,RMNP,neo_vis,,
Smithsonian,SCBI,neo_vis,,
Smithsonian,SERC,neo_vis,,
Smithsonian,STEI,neo_vis,,
Smithsonian,STER,neo_vis,,
Smithsonian,TALL,neo_vis,,
Smithsonian,THAY,neo_vis,,
Smithsonian,TOOL,neo_vis,,
Smithsonian,TREE,neo_vis,,
Smithsonian,UKFS,neo_vis,,
Smithsonian,UNDE,neo_vis,,
Smithsonian,WOOD,neo_vis,,
Smithsonian,WREF,neo_vis,,
Smithsonian,YELL,neo_vis,,
Smithsonian,DSNY,neo_all,,
Smithsonian,OSBS,neo_all,,
Smithsonian,CAPL,not_cra,,
Smithsonian,CLBJ,not_cra,,
Smithsonian,JORN,not_cra,,
Smithsonian,OAES,not_cra,,
Smithsonian,SRER,not_cra,,
Smithsonian,UOBS,not_cra,,
Smithsonian,CAPL,nyc_fem,,
Smithsonian,SRER,nyc_fem,,
Smithsonian,BLAN,nyc_hum,,
Smithsonian,CHOC,nyc_hum,,
Smithsonian,CLBJ,nyc_hum,,
Smithsonian,DELA,nyc_hum,,
Smithsonian,DSNY,nyc_hum,,
Smithsonian,GRSM,nyc_hum,,
Smithsonian,JERC,nyc_hum,,
Smithsonian,KONA,nyc_hum,,
Smithsonian,KONZ,nyc_hum,,
Smithsonian,MLBS,nyc_hum,,
Smithsonian,ORNL,nyc_hum,,
Smithsonian,OSBS,nyc_hum,,
Smithsonian,SCBI,nyc_hum,,
Smithsonian,SERC,nyc_hum,,
Smithsonian,TALL,nyc_hum,,
Smithsonian,UKFS,nyc_hum,,
Smithsonian,UOBS,nyc_hum,,
Smithsonian,CAPL,nyc_mac,,
Smithsonian,JORN,nyc_mac,,
Smithsonian,MOAB,nyc_mac,,
Smithsonian,SRER,nyc_mac,,
Smithsonian,BONA,och_col,,
Smithsonian,HEAL,och_col,,
Smithsonian,POKE,och_col,,
Smithsonian,CHOC,och_nut,,
Smithsonian,DELA,och_nut,,
Smithsonian,DSNY,och_nut,,
Smithsonian,GRSM,och_nut,,
Smithsonian,JERC,och_nut,,
Smithsonian,MLBS,och_nut,,
Smithsonian,ORNL,och_nut,,
Smithsonian,OSBS,och_nut,,
Smithsonian,TALL,och_nut,,
Smithsonian,ABBY,och_pri,,
Smithsonian,BOZE,och_pri,,
Smithsonian,CPER,och_pri,,
Smithsonian,FEXF,och_pri,,
Smithsonian,LOLE,och_pri,,
Smithsonian,MOAB,och_pri,,
Smithsonian,NIWO,och_pri,,
Smithsonian,RMNP,och_pri,,
Smithsonian,THAY,och_pri,,
Smithsonian,WREF,och_pri,,
Smithsonian,YELL,och_pri,,
Smithsonian,ABBY,odo_hem,,
Smithsonian,BOZE,odo_hem,,
Smithsonian,CAPL,odo_hem,,
Smithsonian,CPER,odo_hem,,
Smithsonian,FEXF,odo_hem,,
Smithsonian,JORN,odo_hem,,
Smithsonian,LOLE,odo_hem,,
Smithsonian,MOAB,odo_hem,,
Smithsonian,MURR,odo_hem,,
Smithsonian,NIWO,odo_hem,,
Smithsonian,NOGP,odo_hem,,
Smithsonian,OAES,odo_hem,,
Smithsonian,ONAQ,odo_hem,,
Smithsonian,PSRS,odo_hem,,
Smithsonian,RBUT,odo_hem,,
Smithsonian,RMNP,odo_hem,,
Smithsonian,SOAP,odo_hem,,
Smithsonian,SRER,odo_hem,,
Smithsonian,STER,odo_hem,,
Smithsonian,TEAK,odo_hem,,
Smithsonian,THAY,odo_hem,,
Smithsonian,WREF,odo_hem,,
Smithsonian,YELL,odo_hem,,
Smithsonian,ABBY,odo_vir,,
Smithsonian,BART,odo_vir,,
Smithsonian,BLAN,odo_vir,,
Smithsonian,BOZE,odo_vir,,
Smithsonian,CAPL,odo_vir,,
Smithsonian,CHOC,odo_vir,,
Smithsonian,CLBJ,odo_vir,,
Smithsonian,CPER,odo_vir,,
Smithsonian,DCFS,odo_vir,,
Smithsonian,DELA,odo_vir,,
Smithsonian,DSNY,odo_vir,,
Smithsonian,FEXF,odo_vir,,
Smithsonian,GRSM,odo_vir,,
Smithsonian,HARV,odo_vir,,
Smithsonian,JERC,odo_vir,,
Smithsonian,KONA,odo_vir,,
Smithsonian,KONZ,odo_vir,,
Smithsonian,LOLE,odo_vir,,
Smithsonian,MLBS,odo_vir,,
Smithsonian,NIWO,odo_vir,,
Smithsonian,NOGP,odo_vir,,
Smithsonian,OAES,odo_vir,,
Smithsonian,ORNL,odo_vir,,
Smithsonian,OSBS,odo_vir,,
Smithsonian,PLUM,odo_vir,,
Smithsonian,RMNP,odo_vir,,
Smithsonian,SCBI,odo_vir,,
Smithsonian,SERC,odo_vir,,
Smithsonian,SRER,odo_vir,,
Smithsonian,STEI,odo_vir,,
Smithsonian,STER,odo_vir,,
Smithsonian,TALL,odo_vir,,
Smithsonian,THAY,odo_vir,,
Smithsonian,TREE,odo_vir,,
Smithsonian,UKFS,odo_vir,,
Smithsonian,UNDE,odo_vir,,
Smithsonian,UOBS,odo_vir,,
Smithsonian,WOOD,odo_vir,,
Smithsonian,WREF,odo_vir,,
Smithsonian,YELL,odo_vir,,
Smithsonian,JORN,ony_are,,
Smithsonian,BOZE,ony_leu,,
Smithsonian,CPER,ony_leu,,
Smithsonian,DCFS,ony_leu,,
Smithsonian,FEXF,ony_leu,,
Smithsonian,JORN,ony_leu,,
Smithsonian,KONA,ony_leu,,
Smithsonian,KONZ,ony_leu,,
Smithsonian,LOLE,ony_leu,,
Smithsonian,MOAB,ony_leu,,
Smithsonian,MURR,ony_leu,,
Smithsonian,NIWO,ony_leu,,
Smithsonian,NOGP,ony_leu,,
Smithsonian,OAES,ony_leu,,
Smithsonian,ONAQ,ony_leu,,
Smithsonian,RBUT,ony_leu,,
Smithsonian,RMNP,ony_leu,,
Smithsonian,STER,ony_leu,,
Smithsonian,UKFS,ony_leu,,
Smithsonian,WOOD,ony_leu,,
Smithsonian,CAPL,ony_tor,,
Smithsonian,PSRS,ony_tor,,
Smithsonian,SOAP,ony_tor,,
Smithsonian,SRER,ony_tor,,
Smithsonian,TEAK,ony_tor,,
Smithsonian,ABBY,ond_zib,,
Smithsonian,BART,ond_zib,,
Smithsonian,BLAN,ond_zib,,
Smithsonian,BONA,ond_zib,,
Smithsonian,BOZE,ond_zib,,
Smithsonian,CHOC,ond_zib,,
Smithsonian,CLBJ,ond_zib,,
Smithsonian,CPER,ond_zib,,
Smithsonian,DCFS,ond_zib,,
Smithsonian,DELA,ond_zib,,
Smithsonian,FEXF,ond_zib,,
Smithsonian,GRSM,ond_zib,,
Smithsonian,HARV,ond_zib,,
Smithsonian,HEAL,ond_zib,,
Smithsonian,JERC,ond_zib,,
Smithsonian,KONA,ond_zib,,
Smithsonian,KONZ,ond_zib,,
Smithsonian,LOLE,ond_zib,,
Smithsonian,MLBS,ond_zib,,
Smithsonian,MOAB,ond_zib,,
Smithsonian,MURR,ond_zib,,
Smithsonian,NIWO,ond_zib,,
Smithsonian,NOGP,ond_zib,,
Smithsonian,OAES,ond_zib,,
Smithsonian,ONAQ,ond_zib,,
Smithsonian,ORNL,ond_zib,,
Smithsonian,PLUM,ond_zib,,
Smithsonian,POKE,ond_zib,,
Smithsonian,PSRS,ond_zib,,
Smithsonian,RBUT,ond_zib,,
Smithsonian,RMNP,ond_zib,,
Smithsonian,SCBI,ond_zib,,
Smithsonian,SERC,ond_zib,,
Smithsonian,SOAP,ond_zib,,
Smithsonian,STEI,ond_zib,,
Smithsonian,STER,ond_zib,,
Smithsonian,TALL,ond_zib,,
Smithsonian,TEAK,ond_zib,,
Smithsonian,THAY,ond_zib,,
Smithsonian,TREE,ond_zib,,
Smithsonian,UKFS,ond_zib,,
Smithsonian,UNDE,ond_zib,,
Smithsonian,UOBS,ond_zib,,
Smithsonian,WOOD,ond_zib,,
Smithsonian,WREF,ond_zib,,
Smithsonian,YELL,ond_zib,,
Smithsonian,CHOC,ory_pal,,
Smithsonian,DELA,ory_pal,,
Smithsonian,DSNY,ory_pal,,
Smithsonian,GRSM,ory_pal,,
Smithsonian,JERC,ory_pal,,
Smithsonian,ORNL,ory_pal,,
Smithsonian,OSBS,ory_pal,,
Smithsonian,SERC,ory_pal,,
Smithsonian,TALL,ory_pal,,
Smithsonian,UOBS,ory_pal,,
Smithsonian,BOZE,ovi_can,,
Smithsonian,CAPL,ovi_can,,
Smithsonian,CPER,ovi_can,,
Smithsonian,FEXF,ovi_can,,
Smithsonian,JORN,ovi_can,,
Smithsonian,LOLE,ovi_can,,
Smithsonian,MOAB,ovi_can,,
Smithsonian,MURR,ovi_can,,
Smithsonian,NIWO,ovi_can,,
Smithsonian,ONAQ,ovi_can,,
Smithsonian,RBUT,ovi_can,,
Smithsonian,RMNP,ovi_can,,
Smithsonian,SRER,ovi_can,,
Smithsonian,STER,ovi_can,,
Smithsonian,YELL,ovi_can,,
Smithsonian,BONA,ovi_dal,,
Smithsonian,POKE,ovi_dal,,
Smithsonian,BART,par_bre,,
Smithsonian,BLAN,par_bre,,
Smithsonian,GRSM,par_bre,,
Smithsonian,HARV,par_bre,,
Smithsonian,MLBS,par_bre,,
Smithsonian,PLUM,par_bre,,
Smithsonian,SCBI,par_bre,,
Smithsonian,CAPL,per_amp,,
Smithsonian,SRER,per_amp,,
Smithsonian,CLBJ,per_att,,
Smithsonian,OAES,per_att,,
Smithsonian,UOBS,per_att,,
Smithsonian,BOZE,per_boy,,
Smithsonian,CAPL,per_boy,,
Smithsonian,CPER,per_boy,,
Smithsonian,FEXF,per_boy,,
Smithsonian,JORN,per_boy,,
Smithsonian,MOAB,per_boy,,
Smithsonian,MURR,per_boy,,
Smithsonian,NIWO,per_boy,,
Smithsonian,ONAQ,per_boy,,
Smithsonian,PSRS,per_boy,,
Smithsonian,RBUT,per_boy,,
Smithsonian,RMNP,per_boy,,
Smithsonian,SOAP,per_boy,,
Smithsonian,SRER,per_boy,,
Smithsonian,STER,per_boy,,
Smithsonian,TEAK,per_boy,,
Smithsonian,PSRS,per_cal,,
Smithsonian,SOAP,per_cal,,
Smithsonian,TEAK,per_cal,,
Smithsonian,MOAB,per_cri,,
Smithsonian,ONAQ,per_cri,,
Smithsonian,CAPL,per_ere,,
Smithsonian,JORN,per_ere,,
Smithsonian,SRER,per_ere,,
Smithsonian,CPER,per_fas,,
Smithsonian,DCFS,per_fas,,
Smithsonian,NIWO,per_fas,,
Smithsonian,NOGP,per_fas,,
Smithsonian,RMNP,per_fas,,
Smithsonian,WOOD,per_fas,,
Smithsonian,CPER,per_flc,,
Smithsonian,DCFS,per_flc,,
Smithsonian,JORN,per_flc,,
Smithsonian,MOAB,per_flc,,
Smithsonian,OAES,per_flc,,
Smithsonian,STER,per_flc,,
Smithsonian,WOOD,per_flc,,
Smithsonian,CPER,per_fla,,
Smithsonian,FEXF,per_fla,,
Smithsonian,JORN,per_fla,,
Smithsonian,NIWO,per_fla,,
Smithsonian,OAES,per_fla,,
Smithsonian,RMNP,per_fla,,
Smithsonian,SRER,per_fla,,
Smithsonian,STER,per_fla,,
Smithsonian,CHOC,per_gos,,
Smithsonian,DELA,per_gos,,
Smithsonian,DSNY,per_gos,,
Smithsonian,JERC,per_gos,,
Smithsonian,OSBS,per_gos,,
Smithsonian,TALL,per_gos,,
Smithsonian,BART,per_leu,,
Smithsonian,BLAN,per_leu,,
Smithsonian,CHOC,per_leu,,
Smithsonian,CLBJ,per_leu,,
Smithsonian,DCFS,per_leu,,
Smithsonian,DELA,per_leu,,
Smithsonian,GRSM,per_leu,,
Smithsonian,HARV,per_leu,,
Smithsonian,JORN,per_leu,,
Smithsonian,KONA,per_leu,,
Smithsonian,KONZ,per_leu,,
Smithsonian,MLBS,per_leu,,
Smithsonian,NOGP,per_leu,,
Smithsonian,OAES,per_leu,,
Smithsonian,ORNL,per_leu,,
Smithsonian,PLUM,per_leu,,
Smithsonian,SCBI,per_leu,,
Smithsonian,SERC,per_leu,,
Smithsonian,SRER,per_leu,,
Smithsonian,STEI,per_leu,,
Smithsonian,TALL,per_leu,,
Smithsonian,TREE,per_leu,,
Smithsonian,UOBS,per_leu,,
Smithsonian,WOOD,per_leu,,
Smithsonian,ABBY,per_man,,
Smithsonian,BART,per_man,,
Smithsonian,BLAN,per_man,,
Smithsonian,BOZE,per_man,,
Smithsonian,CAPL,per_man,,
Smithsonian,CPER,per_man,,
Smithsonian,DCFS,per_man,,
Smithsonian,FEXF,per_man,,
Smithsonian,GRSM,per_man,,
Smithsonian,HARV,per_man,,
Smithsonian,JORN,per_man,,
Smithsonian,KONA,per_man,,
Smithsonian,KONZ,per_man,,
Smithsonian,LOLE,per_man,,
Smithsonian,MLBS,per_man,,
Smithsonian,MOAB,per_man,,
Smithsonian,MURR,per_man,,
Smithsonian,NIWO,per_man,,
Smithsonian,NOGP,per_man,,
Smithsonian,OAES,per_man,,
Smithsonian,ONAQ,per_man,,
Smithsonian,ORNL,per_man,,
Smithsonian,PLUM,per_man,,
Smithsonian,PSRS,per_man,,
Smithsonian,RBUT,per_man,,
Smithsonian,RMNP,per_man,,
Smithsonian,SCBI,per_man,,
Smithsonian,SOAP,per_man,,
Smithsonian,SRER,per_man,,
Smithsonian,STEI,per_man,,
Smithsonian,STER,per_man,,
Smithsonian,TEAK,per_man,,
Smithsonian,THAY,per_man,,
Smithsonian,TREE,per_man,,
Smithsonian,UKFS,per_man,,
Smithsonian,UNDE,per_man,,
Smithsonian,WOOD,per_man,,
Smithsonian,WREF,per_man,,
Smithsonian,YELL,per_man,,
Smithsonian,SRER,per_mer,,
Smithsonian,JORN,per_nas,,
Smithsonian,NIWO,per_nas,,
Smithsonian,RMNP,per_nas,,
Smithsonian,MURR,per_par,,
Smithsonian,ONAQ,per_par,,
Smithsonian,RBUT,per_par,,
Smithsonian,DELA,per_pol,,
Smithsonian,DSNY,per_pol,,
Smithsonian,JERC,per_pol,,
Smithsonian,OSBS,per_pol,,
Smithsonian,TALL,per_pol,,
Smithsonian,CAPL,pec_taj,,
Smithsonian,CLBJ,pec_taj,,
Smithsonian,SRER,pec_taj,,
Smithsonian,CPER,per_tru,,
Smithsonian,FEXF,per_tru,,
Smithsonian,JORN,per_tru,,
Smithsonian,MOAB,per_tru,,
Smithsonian,MURR,per_tru,,
Smithsonian,NIWO,per_tru,,
Smithsonian,ONAQ,per_tru,,
Smithsonian,PSRS,per_tru,,
Smithsonian,RBUT,per_tru,,
Smithsonian,RMNP,per_tru,,
Smithsonian,SOAP,per_tru,,
Smithsonian,TEAK,per_tru,,
Smithsonian,ABBY,phe_int,,
Smithsonian,MOAB,phe_int,,
Smithsonian,THAY,phe_int,,
Smithsonian,CAPL,pip_hes,,
Smithsonian,JORN,pip_hes,,
Smithsonian,MOAB,pip_hes,,
Smithsonian,SRER,pip_hes,,
Smithsonian,BART,pip_sub,,
Smithsonian,BLAN,pip_sub,,
Smithsonian,CHOC,pip_sub,,
Smithsonian,CLBJ,pip_sub,,
Smithsonian,DELA,pip_sub,,
Smithsonian,DSNY,pip_sub,,
Smithsonian,GRSM,pip_sub,,
Smithsonian,HARV,pip_sub,,
Smithsonian,JERC,pip_sub,,
Smithsonian,KONA,pip_sub,,
Smithsonian,KONZ,pip_sub,,
Smithsonian,MLBS,pip_sub,,
Smithsonian,OAES,pip_sub,,
Smithsonian,ORNL,pip_sub,,
Smithsonian,OSBS,pip_sub,,
Smithsonian,PLUM,pip_sub,,
Smithsonian,SCBI,pip_sub,,
Smithsonian,SERC,pip_sub,,
Smithsonian,STEI,pip_sub,,
Smithsonian,TALL,pip_sub,,
Smithsonian,TREE,pip_sub,,
Smithsonian,UKFS,pip_sub,,
Smithsonian,UNDE,pip_sub,,
Smithsonian,UOBS,pip_sub,,
Smithsonian,DSNY,pod_flo,,
Smithsonian,OSBS,pod_flo,,
Smithsonian,ABBY,pro_lot,,
Smithsonian,BART,pro_lot,,
Smithsonian,BLAN,pro_lot,,
Smithsonian,BOZE,pro_lot,,
Smithsonian,CAPL,pro_lot,,
Smithsonian,CHOC,pro_lot,,
Smithsonian,CLBJ,pro_lot,,
Smithsonian,CPER,pro_lot,,
Smithsonian,DCFS,pro_lot,,
Smithsonian,DELA,pro_lot,,
Smithsonian,DSNY,pro_lot,,
Smithsonian,GRSM,pro_lot,,
Smithsonian,HARV,pro_lot,,
Smithsonian,JERC,pro_lot,,
Smithsonian,JORN,pro_lot,,
Smithsonian,KONA,pro_lot,,
Smithsonian,KONZ,pro_lot,,
Smithsonian,LOLE,pro_lot,,
Smithsonian,MLBS,pro_lot,,
Smithsonian,MOAB,pro_lot,,
Smithsonian,NIWO,pro_lot,,
Smithsonian,NOGP,pro_lot,,
Smithsonian,OAES,pro_lot,,
Smithsonian,ORNL,pro_lot,,
Smithsonian,OSBS,pro_lot,,
Smithsonian,PLUM,pro_lot,,
Smithsonian,PSRS,pro_lot,,
Smithsonian,RMNP,pro_lot,,
Smithsonian,SCBI,pro_lot,,
Smithsonian,SERC,pro_lot,,
Smithsonian,SOAP,pro_lot,,
Smithsonian,SRER,pro_lot,,
Smithsonian,STEI,pro_lot,,
Smithsonian,STER,pro_lot,,
Smithsonian,TALL,pro_lot,,
Smithsonian,TEAK,pro_lot,,
Smithsonian,THAY,pro_lot,,
Smithsonian,TREE,pro_lot,,
Smithsonian,UKFS,pro_lot,,
Smithsonian,UNDE,pro_lot,,
Smithsonian,UOBS,pro_lot,,
Smithsonian,WOOD,pro_lot,,
Smithsonian,WREF,pro_lot,,
Smithsonian,YELL,pro_lot,,
Smithsonian,ABBY,pum_con,,
Smithsonian,BOZE,pum_con,,
Smithsonian,CAPL,pum_con,,
Smithsonian,CLBJ,pum_con,,
Smithsonian,CPER,pum_con,,
Smithsonian,FEXF,pum_con,,
Smithsonian,JORN,pum_con,,
Smithsonian,LOLE,pum_con,,
Smithsonian,MOAB,pum_con,,
Smithsonian,MURR,pum_con,,
Smithsonian,NIWO,pum_con,,
Smithsonian,ONAQ,pum_con,,
Smithsonian,PSRS,pum_con,,
Smithsonian,RBUT,pum_con,,
Smithsonian,RMNP,pum_con,,
Smithsonian,SOAP,pum_con,,
Smithsonian,SRER,pum_con,,
Smithsonian,STER,pum_con,,
Smithsonian,TEAK,pum_con,,
Smithsonian,THAY,pum_con,,
Smithsonian,UOBS,pum_con,,
Smithsonian,WREF,pum_con,,
Smithsonian,YELL,pum_con,,
Smithsonian,BASC,ran_tar,,
Smithsonian,BONA,ran_tar,,
Smithsonian,HEAL,ran_tar,,
Smithsonian,POKE,ran_tar,,
Smithsonian,TOOL,ran_tar,,
Smithsonian,CLBJ,rei_ful,,
Smithsonian,JORN,rei_ful,,
Smithsonian,OAES,rei_ful,,
Smithsonian,SRER,rei_ful,,
Smithsonian,UOBS,rei_ful,,
Smithsonian,BLAN,rei_hum,,
Smithsonian,CHOC,rei_hum,,
Smithsonian,DELA,rei_hum,,
Smithsonian,DSNY,rei_hum,,
Smithsonian,GRSM,rei_hum,,
Smithsonian,JERC,rei_hum,,
Smithsonian,MLBS,rei_hum,,
Smithsonian,ORNL,rei_hum,,
Smithsonian,OSBS,rei_hum,,
Smithsonian,SCBI,rei_hum,,
Smithsonian,SERC,rei_hum,,
Smithsonian,TALL,rei_hum,,
Smithsonian,CAPL,rei_meg,,
Smithsonian,CPER,rei_meg,,
Smithsonian,DCFS,rei_meg,,
Smithsonian,JORN,rei_meg,,
Smithsonian,KONA,rei_meg,,
Smithsonian,KONZ,rei_meg,,
Smithsonian,MOAB,rei_meg,,
Smithsonian,MURR,rei_meg,,
Smithsonian,NOGP,rei_meg,,
Smithsonian,ONAQ,rei_meg,,
Smithsonian,PSRS,rei_meg,,
Smithsonian,RBUT,rei_meg,,
Smithsonian,RMNP,rei_meg,,
Smithsonian,SOAP,rei_meg,,
Smithsonian,SRER,rei_meg,,
Smithsonian,STER,rei_meg,,
Smithsonian,TEAK,rei_meg,,
Smithsonian,UKFS,rei_meg,,
Smithsonian,WOOD,rei_meg,,
Smithsonian,WREF,rei_meg,,
Smithsonian,CLBJ,rei_mon,,
Smithsonian,CPER,rei_mon,,
Smithsonian,JORN,rei_mon,,
Smithsonian,KONA,rei_mon,,
Smithsonian,KONZ,rei_mon,,
Smithsonian,NIWO,rei_mon,,
Smithsonian,OAES,rei_mon,,
Smithsonian,RMNP,rei_mon,,
Smithsonian,SRER,rei_mon,,
Smithsonian,STER,rei_mon,,
Smithsonian,UKFS,rei_mon,,
Smithsonian,UOBS,rei_mon,,
Smithsonian,CPER,sci_abe,,
Smithsonian,NIWO,sci_abe,,
Smithsonian,RMNP,sci_abe,,
Smithsonian,BLAN,sca_aqu,,
Smithsonian,CHOC,sca_aqu,,
Smithsonian,CLBJ,sca_aqu,,
Smithsonian,DELA,sca_aqu,,
Smithsonian,DSNY,sca_aqu,,
Smithsonian,GRSM,sca_aqu,,
Smithsonian,HARV,sca_aqu,,
Smithsonian,JERC,sca_aqu,,
Smithsonian,KONA,sca_aqu,,
Smithsonian,KONZ,sca_aqu,,
Smithsonian,MLBS,sca_aqu,,
Smithsonian,OAES,sca_aqu,,
Smithsonian,ORNL,sca_aqu,,
Smithsonian,OSBS,sca_aqu,,
Smithsonian,SCBI,sca_aqu,,
Smithsonian,SERC,sca_aqu,,
Smithsonian,STER,sca_aqu,,
Smithsonian,TALL,sca_aqu,,
Smithsonian,UKFS,sca_aqu,,
Smithsonian,UOBS,sca_aqu,,
Smithsonian,BART,sci_car,,
Smithsonian,BLAN,sci_car,,
Smithsonian,CHOC,sci_car,,
Smithsonian,CLBJ,sci_car,,
Smithsonian,DCFS,sci_car,,
Smithsonian,DELA,sci_car,,
Smithsonian,DSNY,sci_car,,
Smithsonian,GRSM,sci_car,,
Smithsonian,HARV,sci_car,,
Smithsonian,JERC,sci_car,,
Smithsonian,KONA,sci_car,,
Smithsonian,KONZ,sci_car,,
Smithsonian,MLBS,sci_car,,
Smithsonian,NOGP,sci_car,,
Smithsonian,ORNL,sci_car,,
Smithsonian,OSBS,sci_car,,
Smithsonian,PLUM,sci_car,,
Smithsonian,SCBI,sci_car,,
Smithsonian,SERC,sci_car,,
Smithsonian,STEI,sci_car,,
Smithsonian,TALL,sci_car,,
Smithsonian,TREE,sci_car,,
Smithsonian,UKFS,sci_car,,
Smithsonian,UNDE,sci_car,,
Smithsonian,UOBS,sci_car,,
Smithsonian,WOOD,sci_car,,
Smithsonian,PSRS,sci_gri,,
Smithsonian,SOAP,sci_gri,,
Smithsonian,TEAK,sci_gri,,
Smithsonian,PSRS,sca_lat,,
Smithsonian,SOAP,sca_lat,,
Smithsonian,TEAK,sca_lat,,
Smithsonian,BLAN,sci_nig,,
Smithsonian,CHOC,sci_nig,,
Smithsonian,CLBJ,sci_nig,,
Smithsonian,CPER,sci_nig,,
Smithsonian,DCFS,sci_nig,,
Smithsonian,DELA,sci_nig,,
Smithsonian,DSNY,sci_nig,,
Smithsonian,GRSM,sci_nig,,
Smithsonian,JERC,sci_nig,,
Smithsonian,KONA,sci_nig,,
Smithsonian,KONZ,sci_nig,,
Smithsonian,MLBS,sci_nig,,
Smithsonian,NIWO,sci_nig,,
Smithsonian,NOGP,sci_nig,,
Smithsonian,OAES,sci_nig,,
Smithsonian,ORNL,sci_nig,,
Smithsonian,OSBS,sci_nig,,
Smithsonian,RMNP,sci_nig,,
Smithsonian,SCBI,sci_nig,,
Smithsonian,SERC,sci_nig,,
Smithsonian,STEI,sci_nig,,
Smithsonian,STER,sci_nig,,
Smithsonian,TALL,sci_nig,,
Smithsonian,TREE,sci_nig,,
Smithsonian,UKFS,sci_nig,,
Smithsonian,UOBS,sci_nig,,
Smithsonian,WOOD,sci_nig,,
Smithsonian,ABBY,sca_ora,,
Smithsonian,THAY,sca_ora,,
Smithsonian,WREF,sca_ora,,
Smithsonian,ABBY,sca_tow,,
Smithsonian,THAY,sca_tow,,
Smithsonian,CAPL,sig_ari,,
Smithsonian,SRER,sig_ari,,
Smithsonian,JORN,sig_ful,,
Smithsonian,SRER,sig_ful,,
Smithsonian,CHOC,sig_his,,
Smithsonian,CLBJ,sig_his,,
Smithsonian,DELA,sig_his,,
Smithsonian,DSNY,sig_his,,
Smithsonian,JERC,sig_his,,
Smithsonian,JORN,sig_his,,
Smithsonian,KONA,sig_his,,
Smithsonian,KONZ,sig_his,,
Smithsonian,OAES,sig_his,,
Smithsonian,ORNL,sig_his,,
Smithsonian,OSBS,sig_his,,
Smithsonian,TALL,sig_his,,
Smithsonian,UKFS,sig_his,,
Smithsonian,UOBS,sig_his,,
Smithsonian,CAPL,sig_och,,
Smithsonian,SRER,sig_och,,
Smithsonian,DCFS,sor_arc,,
Smithsonian,NOGP,sor_arc,,
Smithsonian,STEI,sor_arc,,
Smithsonian,TREE,sor_arc,,
Smithsonian,UNDE,sor_arc,,
Smithsonian,WOOD,sor_arc,,
Smithsonian,SRER,sor_ari,,
Smithsonian,ABBY,sor_bai,,
Smithsonian,THAY,sor_bai,,
Smithsonian,WREF,sor_bai,,
Smithsonian,ABBY,sor_ben,,
Smithsonian,THAY,sor_ben,,
Smithsonian,WREF,sor_ben,,
Smithsonian,ABBY,sor_cin,,
Smithsonian,BART,sor_cin,,
Smithsonian,BONA,sor_cin,,
Smithsonian,BOZE,sor_cin,,
Smithsonian,CPER,sor_cin,,
Smithsonian,FEXF,sor_cin,,
Smithsonian,HARV,sor_cin,,
Smithsonian,HEAL,sor_cin,,
Smithsonian,LOLE,sor_cin,,
Smithsonian,MURR,sor_cin,,
Smithsonian,NIWO,sor_cin,,
Smithsonian,ONAQ,sor_cin,,
Smithsonian,PLUM,sor_cin,,
Smithsonian,POKE,sor_cin,,
Smithsonian,RBUT,sor_cin,,
Smithsonian,RMNP,sor_cin,,
Smithsonian,SERC,sor_cin,,
Smithsonian,STEI,sor_cin,,
Smithsonian,STER,sor_cin,,
Smithsonian,THAY,sor_cin,,
Smithsonian,TREE,sor_cin,,
Smithsonian,UNDE,sor_cin,,
Smithsonian,WREF,sor_cin,,
Smithsonian,YELL,sor_cin,,
Smithsonian,BART,sor_dis,,
Smithsonian,GRSM,sor_dis,,
Smithsonian,MLBS,sor_dis,,
Smithsonian,ORNL,sor_dis,,
Smithsonian,BART,sor_fum,,
Smithsonian,GRSM,sor_fum,,
Smithsonian,HARV,sor_fum,,
Smithsonian,MLBS,sor_fum,,
Smithsonian,ORNL,sor_fum,,
Smithsonian,PLUM,sor_fum,,
Smithsonian,DCFS,sor_hay,,
Smithsonian,NOGP,sor_hay,,
Smithsonian,WOOD,sor_hay,,
Smithsonian,BART,sor_hoy,,
Smithsonian,BLAN,sor_hoy,,
Smithsonian,BONA,sor_hoy,,
Smithsonian,FEXF,sor_hoy,,
Smithsonian,GRSM,sor_hoy,,
Smithsonian,HEAL,sor_hoy,,
Smithsonian,MLBS,sor_hoy,,
Smithsonian,NIWO,sor_hoy,,
Smithsonian,ORNL,sor_hoy,,
Smithsonian,POKE,sor_hoy,,
Smithsonian,RMNP,sor_hoy,,
Smithsonian,SCBI,sor_hoy,,
Smithsonian,STEI,sor_hoy,,
Smithsonian,TREE,sor_hoy,,
Smithsonian,UNDE,sor_hoy,,
Smithsonian,BLAN,sor_lon,,
Smithsonian,CHOC,sor_lon,,
Smithsonian,DELA,sor_lon,,
Smithsonian,DSNY,sor_lon,,
Smithsonian,GRSM,sor_lon,,
Smithsonian,JERC,sor_lon,,
Smithsonian,MLBS,sor_lon,,
Smithsonian,ORNL,sor_lon,,
Smithsonian,OSBS,sor_lon,,
Smithsonian,SCBI,sor_lon,,
Smithsonian,SERC,sor_lon,,
Smithsonian,TALL,sor_lon,,
Smithsonian,PSRS,sor_lye,,
Smithsonian,SOAP,sor_lye,,
Smithsonian,CPER,sor_mer,,
Smithsonian,FEXF,sor_mer,,
Smithsonian,LOLE,sor_mer,,
Smithsonian,MOAB,sor_mer,,
Smithsonian,MURR,sor_mer,,
Smithsonian,NIWO,sor_mer,,
Smithsonian,ONAQ,sor_mer,,
Smithsonian,RBUT,sor_mer,,
Smithsonian,RMNP,sor_mer,,
Smithsonian,ABBY,sor_mon,,
Smithsonian,BONA,sor_mon,,
Smithsonian,BOZE,sor_mon,,
Smithsonian,FEXF,sor_mon,,
Smithsonian,HEAL,sor_mon,,
Smithsonian,LOLE,sor_mon,,
Smithsonian,MOAB,sor_mon,,
Smithsonian,NIWO,sor_mon,,
Smithsonian,POKE,sor_mon,,
Smithsonian,RMNP,sor_mon,,
Smithsonian,SRER,sor_mon,,
Smithsonian,TEAK,sor_mon,,
Smithsonian,THAY,sor_mon,,
Smithsonian,TOOL,sor_mon,,
Smithsonian,WREF,sor_mon,,
Smithsonian,YELL,sor_mon,,
Smithsonian,FEXF,sor_nan,,
Smithsonian,LOLE,sor_nan,,
Smithsonian,MOAB,sor_nan,,
Smithsonian,NIWO,sor_nan,,
Smithsonian,RMNP,sor_nan,,
Smithsonian,YELL,sor_nan,,
Smithsonian,PSRS,sor_orn,,
Smithsonian,SOAP,sor_orn,,
Smithsonian,ABBY,sor_pal,,
Smithsonian,BART,sor_pal,,
Smithsonian,BLAN,sor_pal,,
Smithsonian,BOZE,sor_pal,,
Smithsonian,FEXF,sor_pal,,
Smithsonian,HARV,sor_pal,,
Smithsonian,LOLE,sor_pal,,
Smithsonian,MLBS,sor_pal,,
Smithsonian,MURR,sor_pal,,
Smithsonian,NIWO,sor_pal,,
Smithsonian,ONAQ,sor_pal,,
Smithsonian,PLUM,sor_pal,,
Smithsonian,PSRS,sor_pal,,
Smithsonian,RBUT,sor_pal,,
Smithsonian,SOAP,sor_pal,,
Smithsonian,STEI,sor_pal,,
Smithsonian,TEAK,sor_pal,,
Smithsonian,THAY,sor_pal,,
Smithsonian,TREE,sor_pal,,
Smithsonian,UNDE,sor_pal,,
Smithsonian,WREF,sor_pal,,
Smithsonian,YELL,sor_pal,,
Smithsonian,YELL,sor_pre,,
Smithsonian,ABBY,sor_tro,,
Smithsonian,SOAP,sor_tro,,
Smithsonian,TEAK,sor_tro,,
Smithsonian,THAY,sor_tro,,
Smithsonian,WREF,sor_tro,,
Smithsonian,BASC,sor_tun,,
Smithsonian,BONA,sor_tun,,
Smithsonian,HEAL,sor_tun,,
Smithsonian,POKE,sor_tun,,
Smithsonian,TOOL,sor_tun,,
Smithsonian,BASC,sor_ugy,,
Smithsonian,TOOL,sor_ugy,,
Smithsonian,ABBY,sor_vag,,
Smithsonian,ONAQ,sor_vag,,
Smithsonian,SOAP,sor_vag,,
Smithsonian,TEAK,sor_vag,,
Smithsonian,THAY,sor_vag,,
Smithsonian,WREF,sor_vag,,
Smithsonian,BOZE,spe_arm,,
Smithsonian,LOLE,spe_arm,,
Smithsonian,RBUT,spe_arm,,
Smithsonian,YELL,spe_arm,,
Smithsonian,PSRS,spe_bee,,
Smithsonian,SOAP,spe_bee,,
Smithsonian,TEAK,spe_bee,,
Smithsonian,SOAP,spe_bel,,
Smithsonian,TEAK,spe_bel,,
Smithsonian,DCFS,spe_fra,,
Smithsonian,KONA,spe_fra,,
Smithsonian,KONZ,spe_fra,,
Smithsonian,NOGP,spe_fra,,
Smithsonian,UKFS,spe_fra,,
Smithsonian,WOOD,spe_fra,,
Smithsonian,ABBY,spi_gra,,
Smithsonian,CAPL,spi_gra,,
Smithsonian,CPER,spi_gra,,
Smithsonian,FEXF,spi_gra,,
Smithsonian,JORN,spi_gra,,
Smithsonian,MOAB,spi_gra,,
Smithsonian,MURR,spi_gra,,
Smithsonian,NIWO,spi_gra,,
Smithsonian,ONAQ,spi_gra,,
Smithsonian,PSRS,spi_gra,,
Smithsonian,RBUT,spi_gra,,
Smithsonian,RMNP,spi_gra,,
Smithsonian,SOAP,spi_gra,,
Smithsonian,SRER,spi_gra,,
Smithsonian,TEAK,spi_gra,,
Smithsonian,THAY,spi_gra,,
Smithsonian,WREF,spi_gra,,
Smithsonian,BOZE,spe_lat,,
Smithsonian,CPER,spe_lat,,
Smithsonian,FEXF,spe_lat,,
Smithsonian,LOLE,spe_lat,,
Smithsonian,MOAB,spe_lat,,
Smithsonian,MURR,spe_lat,,
Smithsonian,NIWO,spe_lat,,
Smithsonian,PSRS,spe_lat,,
Smithsonian,RBUT,spe_lat,,
Smithsonian,RMNP,spe_lat,,
Smithsonian,SOAP,spe_lat,,
Smithsonian,TEAK,spe_lat,,
Smithsonian,YELL,spe_lat,,
Smithsonian,TEAK,spe_mol,,
Smithsonian,BASC,spe_par,,
Smithsonian,BONA,spe_par,,
Smithsonian,HEAL,spe_par,,
Smithsonian,POKE,spe_par,,
Smithsonian,TOOL,spe_par,,
Smithsonian,BLAN,spi_put,,
Smithsonian,CHOC,spi_put,,
Smithsonian,CLBJ,spi_put,,
Smithsonian,DELA,spi_put,,
Smithsonian,DSNY,spi_put,,
Smithsonian,GRSM,spi_put,,
Smithsonian,JERC,spi_put,,
Smithsonian,KONA,spi_put,,
Smithsonian,KONZ,spi_put,,
Smithsonian,MLBS,spi_put,,
Smithsonian,OAES,spi_put,,
Smithsonian,ORNL,spi_put,,
Smithsonian,OSBS,spi_put,,
Smithsonian,SCBI,spi_put,,
Smithsonian,STER,spi_put,,
Smithsonian,TALL,spi_put,,
Smithsonian,UKFS,spi_put,,
Smithsonian,UOBS,spi_put,,
Smithsonian,BOZE,spe_ric,,
Smithsonian,DCFS,spe_ric,,
Smithsonian,WOOD,spe_ric,,
Smithsonian,WREF,spe_sat,,
Smithsonian,CPER,spe_spi,,
Smithsonian,JORN,spe_spi,,
Smithsonian,NIWO,spe_spi,,
Smithsonian,OAES,spe_spi,,
Smithsonian,SRER,spe_spi,,
Smithsonian,STER,spe_spi,,
Smithsonian,CAPL,spe_ter,,
Smithsonian,SRER,spe_ter,,
Smithsonian,CLBJ,spe_tri,,
Smithsonian,CPER,spe_tri,,
Smithsonian,DCFS,spe_tri,,
Smithsonian,KONA,spe_tri,,
Smithsonian,KONZ,spe_tri,,
Smithsonian,NIWO,spe_tri,,
Smithsonian,NOGP,spe_tri,,
Smithsonian,OAES,spe_tri,,
Smithsonian,RMNP,spe_tri,,
Smithsonian,STEI,spe_tri,,
Smithsonian,STER,spe_tri,,
Smithsonian,TREE,spe_tri,,
Smithsonian,UKFS,spe_tri,,
Smithsonian,UNDE,spe_tri,,
Smithsonian,UOBS,spe_tri,,
Smithsonian,WOOD,spe_tri,,
Smithsonian,CAPL,spe_var,,
Smithsonian,CPER,spe_var,,
Smithsonian,JORN,spe_var,,
Smithsonian,MOAB,spe_var,,
Smithsonian,MURR,spe_var,,
Smithsonian,NIWO,spe_var,,
Smithsonian,ONAQ,spe_var,,
Smithsonian,RBUT,spe_var,,
Smithsonian,RMNP,spe_var,,
Smithsonian,SRER,spe_var,,
Smithsonian,CHOC,syl_aqu,,
Smithsonian,DELA,syl_aqu,,
Smithsonian,TALL,syl_aqu,,
Smithsonian,CAPL,syl_aud,,
Smithsonian,CPER,syl_aud,,
Smithsonian,FEXF,syl_aud,,
Smithsonian,JORN,syl_aud,,
Smithsonian,MOAB,syl_aud,,
Smithsonian,NIWO,syl_aud,,
Smithsonian,OAES,syl_aud,,
Smithsonian,ONAQ,syl_aud,,
Smithsonian,PSRS,syl_aud,,
Smithsonian,RMNP,syl_aud,,
Smithsonian,SOAP,syl_aud,,
Smithsonian,SRER,syl_aud,,
Smithsonian,STER,syl_aud,,
Smithsonian,TEAK,syl_aud,,
Smithsonian,PSRS,syl_bac,,
Smithsonian,BART,syn_bor,,
Smithsonian,BONA,syn_bor,,
Smithsonian,HEAL,syn_bor,,
Smithsonian,POKE,syn_bor,,
Smithsonian,BART,syn_coo,,
Smithsonian,BLAN,syn_coo,,
Smithsonian,GRSM,syn_coo,,
Smithsonian,HARV,syn_coo,,
Smithsonian,KONA,syn_coo,,
Smithsonian,KONZ,syn_coo,,
Smithsonian,MLBS,syn_coo,,
Smithsonian,ORNL,syn_coo,,
Smithsonian,PLUM,syn_coo,,
Smithsonian,SCBI,syn_coo,,
Smithsonian,SERC,syn_coo,,
Smithsonian,STEI,syn_coo,,
Smithsonian,TREE,syn_coo,,
Smithsonian,UKFS,syn_coo,,
Smithsonian,UNDE,syn_coo,,
Smithsonian,BLAN,syl_flo,,
Smithsonian,CAPL,syl_flo,,
Smithsonian,CHOC,syl_flo,,
Smithsonian,CLBJ,syl_flo,,
Smithsonian,CPER,syl_flo,,
Smithsonian,DCFS,syl_flo,,
Smithsonian,DELA,syl_flo,,
Smithsonian,DSNY,syl_flo,,
Smithsonian,GRSM,syl_flo,,
Smithsonian,HARV,syl_flo,,
Smithsonian,JERC,syl_flo,,
Smithsonian,KONA,syl_flo,,
Smithsonian,KONZ,syl_flo,,
Smithsonian,MLBS,syl_flo,,
Smithsonian,NOGP,syl_flo,,
Smithsonian,OAES,syl_flo,,
Smithsonian,ORNL,syl_flo,,
Smithsonian,OSBS,syl_flo,,
Smithsonian,PLUM,syl_flo,,
Smithsonian,RMNP,syl_flo,,
Smithsonian,SCBI,syl_flo,,
Smithsonian,SERC,syl_flo,,
Smithsonian,SRER,syl_flo,,
Smithsonian,STEI,syl_flo,,
Smithsonian,TALL,syl_flo,,
Smithsonian,TREE,syl_flo,,
Smithsonian,UKFS,syl_flo,,
Smithsonian,UNDE,syl_flo,,
Smithsonian,UOBS,syl_flo,,
Smithsonian,WOOD,syl_flo,,
Smithsonian,BOZE,syl_nut,,
Smithsonian,FEXF,syl_nut,,
Smithsonian,LOLE,syl_nut,,
Smithsonian,MOAB,syl_nut,,
Smithsonian,MURR,syl_nut,,
Smithsonian,NIWO,syl_nut,,
Smithsonian,ONAQ,syl_nut,,
Smithsonian,RBUT,syl_nut,,
Smithsonian,RMNP,syl_nut,,
Smithsonian,YELL,syl_nut,,
Smithsonian,MLBS,syl_obs,,
Smithsonian,DSNY,syl_pal,,
Smithsonian,JERC,syl_pal,,
Smithsonian,OSBS,syl_pal,,
Smithsonian,HARV,syl_tra,,
Smithsonian,PLUM,syl_tra,,
Smithsonian,ABBY,tam_amo,,
Smithsonian,BOZE,tam_amo,,
Smithsonian,RBUT,tam_amo,,
Smithsonian,SOAP,tam_amo,,
Smithsonian,TEAK,tam_amo,,
Smithsonian,THAY,tam_amo,,
Smithsonian,WREF,tam_amo,,
Smithsonian,CAPL,tad_bra,,
Smithsonian,CHOC,tad_bra,,
Smithsonian,CLBJ,tad_bra,,
Smithsonian,DELA,tad_bra,,
Smithsonian,DSNY,tad_bra,,
Smithsonian,JERC,tad_bra,,
Smithsonian,JORN,tad_bra,,
Smithsonian,KONA,tad_bra,,
Smithsonian,KONZ,tad_bra,,
Smithsonian,MOAB,tad_bra,,
Smithsonian,MURR,tad_bra,,
Smithsonian,OAES,tad_bra,,
Smithsonian,ONAQ,tad_bra,,
Smithsonian,OSBS,tad_bra,,
Smithsonian,PSRS,tad_bra,,
Smithsonian,RBUT,tad_bra,,
Smithsonian,SOAP,tad_bra,,
Smithsonian,SRER,tad_bra,,
Smithsonian,TALL,tad_bra,,
Smithsonian,TEAK,tad_bra,,
Smithsonian,UKFS,tad_bra,,
Smithsonian,UOBS,tad_bra,,
Smithsonian,JORN,tam_cin,,
Smithsonian,CAPL,tam_dor,,
Smithsonian,MURR,tam_dor,,
Smithsonian,ONAQ,tam_dor,,
Smithsonian,RBUT,tam_dor,,
Smithsonian,SRER,tam_dor,,
Smithsonian,ABBY,tam_dou,,
Smithsonian,PSRS,tam_dou,,
Smithsonian,SOAP,tam_dou,,
Smithsonian,TEAK,tam_dou,,
Smithsonian,THAY,tam_dou,,
Smithsonian,WREF,tam_dou,,
Smithsonian,BART,tam_hud,,
Smithsonian,BLAN,tam_hud,,
Smithsonian,BONA,tam_hud,,
Smithsonian,BOZE,tam_hud,,
Smithsonian,CPER,tam_hud,,
Smithsonian,DCFS,tam_hud,,
Smithsonian,FEXF,tam_hud,,
Smithsonian,GRSM,tam_hud,,
Smithsonian,HARV,tam_hud,,
Smithsonian,HEAL,tam_hud,,
Smithsonian,LOLE,tam_hud,,
Smithsonian,MLBS,tam_hud,,
Smithsonian,MOAB,tam_hud,,
Smithsonian,MURR,tam_hud,,
Smithsonian,NIWO,tam_hud,,
Smithsonian,ONAQ,tam_hud,,
Smithsonian,PLUM,tam_hud,,
Smithsonian,POKE,tam_hud,,
Smithsonian,RBUT,tam_hud,,
Smithsonian,RMNP,tam_hud,,
Smithsonian,SCBI,tam_hud,,
Smithsonian,SERC,tam_hud,,
Smithsonian,STEI,tam_hud,,
Smithsonian,TREE,tam_hud,,
Smithsonian,UNDE,tam_hud,,
Smithsonian,WOOD,tam_hud,,
Smithsonian,YELL,tam_hud,,
Smithsonian,SOAP,tam_mer,,
Smithsonian,TEAK,tam_mer,,
Smithsonian,BOZE,tam_min,,
Smithsonian,CPER,tam_min,,
Smithsonian,FEXF,tam_min,,
Smithsonian,LOLE,tam_min,,
Smithsonian,MOAB,tam_min,,
Smithsonian,MURR,tam_min,,
Smithsonian,NIWO,tam_min,,
Smithsonian,RBUT,tam_min,,
Smithsonian,RMNP,tam_min,,
Smithsonian,STEI,tam_min,,
Smithsonian,TREE,tam_min,,
Smithsonian,UNDE,tam_min,,
Smithsonian,YELL,tam_min,,
Smithsonian,MOAB,tam_qua,,
Smithsonian,RMNP,tam_qua,,
Smithsonian,MOAB,tam_ruf,,
Smithsonian,TEAK,tam_spe,,
Smithsonian,BART,tam_str,,
Smithsonian,BLAN,tam_str,,
Smithsonian,CHOC,tam_str,,
Smithsonian,DCFS,tam_str,,
Smithsonian,DELA,tam_str,,
Smithsonian,GRSM,tam_str,,
Smithsonian,HARV,tam_str,,
Smithsonian,KONA,tam_str,,
Smithsonian,KONZ,tam_str,,
Smithsonian,MLBS,tam_str,,
Smithsonian,ORNL,tam_str,,
Smithsonian,PLUM,tam_str,,
Smithsonian,SCBI,tam_str,,
Smithsonian,SERC,tam_str,,
Smithsonian,STEI,tam_str,,
Smithsonian,TALL,tam_str,,
Smithsonian,TREE,tam_str,,
Smithsonian,UKFS,tam_str,,
Smithsonian,UNDE,tam_str,,
Smithsonian,WOOD,tam_str,,
Smithsonian,BOZE,tax_tax,,
Smithsonian,CAPL,tax_tax,,
Smithsonian,CLBJ,tax_tax,,
Smithsonian,CPER,tax_tax,,
Smithsonian,DCFS,tax_tax,,
Smithsonian,FEXF,tax_tax,,
Smithsonian,JORN,tax_tax,,
Smithsonian,KONA,tax_tax,,
Smithsonian,KONZ,tax_tax,,
Smithsonian,LOLE,tax_tax,,
Smithsonian,MOAB,tax_tax,,
Smithsonian,MURR,tax_tax,,
Smithsonian,NIWO,tax_tax,,
Smithsonian,NOGP,tax_tax,,
Smithsonian,OAES,tax_tax,,
Smithsonian,ONAQ,tax_tax,,
Smithsonian,PSRS,tax_tax,,
Smithsonian,RBUT,tax_tax,,
Smithsonian,RMNP,tax_tax,,
Smithsonian,SOAP,tax_tax,,
Smithsonian,SRER,tax_tax,,
Smithsonian,STEI,tax_tax,,
Smithsonian,STER,tax_tax,,
Smithsonian,TEAK,tax_tax,,
Smithsonian,TREE,tax_tax,,
Smithsonian,UKFS,tax_tax,,
Smithsonian,UNDE,tax_tax,,
Smithsonian,UOBS,tax_tax,,
Smithsonian,WOOD,tax_tax,,
Smithsonian,WREF,tax_tax,,
Smithsonian,YELL,tax_tax,,
Smithsonian,ABBY,tam_tow,,
Smithsonian,THAY,tam_tow,,
Smithsonian,WREF,tam_tow,,
Smithsonian,FEXF,tam_umb,,
Smithsonian,NIWO,tam_umb,,
Smithsonian,RBUT,tam_umb,,
Smithsonian,RMNP,tam_umb,,
Smithsonian,YELL,tam_umb,,
Smithsonian,CAPL,tho_bot,,
Smithsonian,JORN,tho_bot,,
Smithsonian,MURR,tho_bot,,
Smithsonian,PSRS,tho_bot,,
Smithsonian,RBUT,tho_bot,,
Smithsonian,SOAP,tho_bot,,
Smithsonian,SRER,tho_bot,,
Smithsonian,TEAK,tho_bot,,
Smithsonian,BOZE,tho_ida,,
Smithsonian,BOZE,tho_tal,,
Smithsonian,CPER,tho_tal,,
Smithsonian,DCFS,tho_tal,,
Smithsonian,FEXF,tho_tal,,
Smithsonian,LOLE,tho_tal,,
Smithsonian,NIWO,tho_tal,,
Smithsonian,NOGP,tho_tal,,
Smithsonian,RBUT,tho_tal,,
Smithsonian,RMNP,tho_tal,,
Smithsonian,THAY,tho_tal,,
Smithsonian,WOOD,tho_tal,,
Smithsonian,WREF,tho_tal,,
Smithsonian,YELL,tho_tal,,
Smithsonian,JORN,tho_umb,,
Smithsonian,SRER,tho_umb,,
Smithsonian,ABBY,urs_ame,,
Smithsonian,BART,urs_ame,,
Smithsonian,BONA,urs_ame,,
Smithsonian,BOZE,urs_ame,,
Smithsonian,FEXF,urs_ame,,
Smithsonian,GRSM,urs_ame,,
Smithsonian,HEAL,urs_ame,,
Smithsonian,LOLE,urs_ame,,
Smithsonian,MOAB,urs_ame,,
Smithsonian,MURR,urs_ame,,
Smithsonian,NIWO,urs_ame,,
Smithsonian,ORNL,urs_ame,,
Smithsonian,OSBS,urs_ame,,
Smithsonian,POKE,urs_ame,,
Smithsonian,PSRS,urs_ame,,
Smithsonian,RBUT,urs_ame,,
Smithsonian,RMNP,urs_ame,,
Smithsonian,SOAP,urs_ame,,
Smithsonian,STEI,urs_ame,,
Smithsonian,TEAK,urs_ame,,
Smithsonian,THAY,urs_ame,,
Smithsonian,TREE,urs_ame,,
Smithsonian,UNDE,urs_ame,,
Smithsonian,WREF,urs_ame,,
Smithsonian,YELL,urs_ame,,
Smithsonian,BASC,urs_arc,,
Smithsonian,BONA,urs_arc,,
Smithsonian,HEAL,urs_arc,,
Smithsonian,POKE,urs_arc,,
Smithsonian,TOOL,urs_arc,,
Smithsonian,YELL,urs_arc,,
Smithsonian,ABBY,uro_cin,,
Smithsonian,BART,uro_cin,,
Smithsonian,BLAN,uro_cin,,
Smithsonian,CAPL,uro_cin,,
Smithsonian,CHOC,uro_cin,,
Smithsonian,CLBJ,uro_cin,,
Smithsonian,CPER,uro_cin,,
Smithsonian,DELA,uro_cin,,
Smithsonian,DSNY,uro_cin,,
Smithsonian,FEXF,uro_cin,,
Smithsonian,GRSM,uro_cin,,
Smithsonian,HARV,uro_cin,,
Smithsonian,JERC,uro_cin,,
Smithsonian,JORN,uro_cin,,
Smithsonian,KONA,uro_cin,,
Smithsonian,KONZ,uro_cin,,
Smithsonian,MLBS,uro_cin,,
Smithsonian,MOAB,uro_cin,,
Smithsonian,MURR,uro_cin,,
Smithsonian,NIWO,uro_cin,,
Smithsonian,ONAQ,uro_cin,,
Smithsonian,ORNL,uro_cin,,
Smithsonian,OSBS,uro_cin,,
Smithsonian,PLUM,uro_cin,,
Smithsonian,PSRS,uro_cin,,
Smithsonian,RBUT,uro_cin,,
Smithsonian,RMNP,uro_cin,,
Smithsonian,SCBI,uro_cin,,
Smithsonian,SERC,uro_cin,,
Smithsonian,SOAP,uro_cin,,
Smithsonian,SRER,uro_cin,,
Smithsonian,STEI,uro_cin,,
Smithsonian,TALL,uro_cin,,
Smithsonian,TEAK,uro_cin,,
Smithsonian,THAY,uro_cin,,
Smithsonian,TREE,uro_cin,,
Smithsonian,UKFS,uro_cin,,
Smithsonian,UNDE,uro_cin,,
Smithsonian,UOBS,uro_cin,,
Smithsonian,WREF,uro_cin,,
Smithsonian,BASC,urs_mar,,
Smithsonian,TOOL,urs_mar,,
Smithsonian,BASC,vul_lag,,
Smithsonian,TOOL,vul_lag,,
Smithsonian,CPER,vul_vel,,
Smithsonian,NIWO,vul_vel,,
Smithsonian,RMNP,vul_vel,,
Smithsonian,STER,vul_vel,,
Smithsonian,ABBY,vul_vul,,
Smithsonian,BART,vul_vul,,
Smithsonian,BASC,vul_vul,,
Smithsonian,BLAN,vul_vul,,
Smithsonian,BONA,vul_vul,,
Smithsonian,BOZE,vul_vul,,
Smithsonian,CHOC,vul_vul,,
Smithsonian,CLBJ,vul_vul,,
Smithsonian,CPER,vul_vul,,
Smithsonian,DCFS,vul_vul,,
Smithsonian,DELA,vul_vul,,
Smithsonian,DSNY,vul_vul,,
Smithsonian,FEXF,vul_vul,,
Smithsonian,GRSM,vul_vul,,
Smithsonian,HARV,vul_vul,,
Smithsonian,HEAL,vul_vul,,
Smithsonian,JERC,vul_vul,,
Smithsonian,KONA,vul_vul,,
Smithsonian,KONZ,vul_vul,,
Smithsonian,LOLE,vul_vul,,
Smithsonian,MLBS,vul_vul,,
Smithsonian,MOAB,vul_vul,,
Smithsonian,MURR,vul_vul,,
Smithsonian,NIWO,vul_vul,,
Smithsonian,NOGP,vul_vul,,
Smithsonian,OAES,vul_vul,,
Smithsonian,ORNL,vul_vul,,
Smithsonian,OSBS,vul_vul,,
Smithsonian,PLUM,vul_vul,,
Smithsonian,POKE,vul_vul,,
Smithsonian,RBUT,vul_vul,,
Smithsonian,RMNP,vul_vul,,
Smithsonian,SCBI,vul_vul,,
Smithsonian,SERC,vul_vul,,
Smithsonian,STEI,vul_vul,,
Smithsonian,STER,vul_vul,,
Smithsonian,TALL,vul_vul,,
Smithsonian,THAY,vul_vul,,
Smithsonian,TOOL,vul_vul,,
Smithsonian,TREE,vul_vul,,
Smithsonian,UKFS,vul_vul,,
Smithsonian,UNDE,vul_vul,,
Smithsonian,UOBS,vul_vul,,
Smithsonian,WOOD,vul_vul,,
Smithsonian,WREF,vul_vul,,
Smithsonian,YELL,vul_vul,,
Smithsonian,BART,zap_hud,,
Smithsonian,BLAN,zap_hud,,
Smithsonian,CPER,zap_hud,,
Smithsonian,DCFS,zap_hud,,
Smithsonian,FEXF,zap_hud,,
Smithsonian,GRSM,zap_hud,,
Smithsonian,HARV,zap_hud,,
Smithsonian,HEAL,zap_hud,,
Smithsonian,KONA,zap_hud,,
Smithsonian,KONZ,zap_hud,,
Smithsonian,MLBS,zap_hud,,
Smithsonian,NIWO,zap_hud,,
Smithsonian,NOGP,zap_hud,,
Smithsonian,ORNL,zap_hud,,
Smithsonian,PLUM,zap_hud,,
Smithsonian,RMNP,zap_hud,,
Smithsonian,SCBI,zap_hud,,
Smithsonian,SERC,zap_hud,,
Smithsonian,STEI,zap_hud,,
Smithsonian,TREE,zap_hud,,
Smithsonian,UKFS,zap_hud,,
Smithsonian,UNDE,zap_hud,,
Smithsonian,WOOD,zap_hud,,
Smithsonian,BOZE,zap_pri,,
Smithsonian,CPER,zap_pri,,
Smithsonian,DCFS,zap_pri,,
Smithsonian,FEXF,zap_pri,,
Smithsonian,LOLE,zap_pri,,
Smithsonian,MOAB,zap_pri,,
Smithsonian,MURR,zap_pri,,
Smithsonian,NIWO,zap_pri,,
Smithsonian,ONAQ,zap_pri,,
Smithsonian,PSRS,zap_pri,,
Smithsonian,RBUT,zap_pri,,
Smithsonian,RMNP,zap_pri,,
Smithsonian,SOAP,zap_pri,,
Smithsonian,TEAK,zap_pri,,
Smithsonian,WOOD,zap_pri,,
Smithsonian,YELL,zap_pri,,
Smithsonian,ABBY,zap_tri,,
Smithsonian,THAY,zap_tri,,
Smithsonian,WREF,zap_tri,,
