site,genus,sp,subsp,common_name,source
DSNY,,,,eastern indigo snake,http://www.mendeley.com/c/4955268692/g/2058663/the-nature-conservancy-2012-disney-wilderness-preserve---about/
DSNY,,,,gopher tortoise,http://www.mendeley.com/c/4955268692/g/2058663/the-nature-conservancy-2012-disney-wilderness-preserve---about/
OSBS,Alligator,mississippiensis,,American Alligator,http://www.mendeley.com/c/4959343642/g/2058663/annotated-reptile-species-list-of-the-ordway-swisher-biological-station/
OSBS,Chelydra,serpentina,osceola,Florida snapping turtle,http://www.mendeley.com/c/4959343642/g/2058663/annotated-reptile-species-list-of-the-ordway-swisher-biological-station/
OSBS,Kinosternon,bauri,palmarum,Striped mud turtle,http://www.mendeley.com/c/4959343642/g/2058663/annotated-reptile-species-list-of-the-ordway-swisher-biological-station/
OSBS,Kinosternon,subrubrum,steindachneri,Florida mud turtle,http://www.mendeley.com/c/4959343642/g/2058663/annotated-reptile-species-list-of-the-ordway-swisher-biological-station/
OSBS,Sternotherus,odoratus,,Stinkpot,http://www.mendeley.com/c/4959343642/g/2058663/annotated-reptile-species-list-of-the-ordway-swisher-biological-station/
OSBS,Deirochelys,reticularia,chrysea,Florida chicken turtle,http://www.mendeley.com/c/4959343642/g/2058663/annotated-reptile-species-list-of-the-ordway-swisher-biological-station/
OSBS,Pseudemys,floridana,peninsularis,Peninsula cooter,http://www.mendeley.com/c/4959343642/g/2058663/annotated-reptile-species-list-of-the-ordway-swisher-biological-station/
OSBS,Pseudemys,nelsoni,,Florida redbelly turtle,http://www.mendeley.com/c/4959343642/g/2058663/annotated-reptile-species-list-of-the-ordway-swisher-biological-station/
OSBS,Terrapene,carolina,bauri,Florida box turtle,http://www.mendeley.com/c/4959343642/g/2058663/annotated-reptile-species-list-of-the-ordway-swisher-biological-station/
OSBS,Gopherus,polyphemus,,Gopher tortoise,http://www.mendeley.com/c/4959343642/g/2058663/annotated-reptile-species-list-of-the-ordway-swisher-biological-station/
OSBS,Trionyx,ferox,,Florida softshell,http://www.mendeley.com/c/4959343642/g/2058663/annotated-reptile-species-list-of-the-ordway-swisher-biological-station/
OSBS,Anolis,carolinensis,carolinensis,Green anole,http://www.mendeley.com/c/4959343642/g/2058663/annotated-reptile-species-list-of-the-ordway-swisher-biological-station/
OSBS,Sceloporus,undulatus,undulatus,Southern fence lizard,http://www.mendeley.com/c/4959343642/g/2058663/annotated-reptile-species-list-of-the-ordway-swisher-biological-station/
OSBS,Cnemidophorus,sexlineatus,sexlineatus,Six-lined racerunner,http://www.mendeley.com/c/4959343642/g/2058663/annotated-reptile-species-list-of-the-ordway-swisher-biological-station/
OSBS,Eumeces,egregius,onocrepis,Peninsula mole skink,http://www.mendeley.com/c/4959343642/g/2058663/annotated-reptile-species-list-of-the-ordway-swisher-biological-station/
OSBS,Eumeces,inexpectatus,,Southeastern five-lined skinks,http://www.mendeley.com/c/4959343642/g/2058663/annotated-reptile-species-list-of-the-ordway-swisher-biological-station/
OSBS,Eumeces,laticeps,,Broad-headed skink.,http://www.mendeley.com/c/4959343642/g/2058663/annotated-reptile-species-list-of-the-ordway-swisher-biological-station/
OSBS,Scincella,lateralis,,Ground skink,http://www.mendeley.com/c/4959343642/g/2058663/annotated-reptile-species-list-of-the-ordway-swisher-biological-station/
OSBS,Ophisaurus,attenuatus,longicaudus,Eastern slender grass lizard,http://www.mendeley.com/c/4959343642/g/2058663/annotated-reptile-species-list-of-the-ordway-swisher-biological-station/
OSBS,Ophisaurus,ventralis,,Eastern glass lizard,http://www.mendeley.com/c/4959343642/g/2058663/annotated-reptile-species-list-of-the-ordway-swisher-biological-station/
OSBS,Rhineura,floridana,,Florida worm lizard,http://www.mendeley.com/c/4959343642/g/2058663/annotated-reptile-species-list-of-the-ordway-swisher-biological-station/
OSBS,Cemophora,coccinea,coccinea,Florida scarlet snake,http://www.mendeley.com/c/4959343642/g/2058663/annotated-reptile-species-list-of-the-ordway-swisher-biological-station/
OSBS,Coluber,constrictor,priapus,Southern black racer,http://www.mendeley.com/c/4959343642/g/2058663/annotated-reptile-species-list-of-the-ordway-swisher-biological-station/
OSBS,Diadophis,punctatus,punctatus,Southern ringneck snake,http://www.mendeley.com/c/4959343642/g/2058663/annotated-reptile-species-list-of-the-ordway-swisher-biological-station/
OSBS,Drymarchon,corais,couperi,Eastern indigo snake,http://www.mendeley.com/c/4959343642/g/2058663/annotated-reptile-species-list-of-the-ordway-swisher-biological-station/
OSBS,Elaphe,guttata,guttata,Corn snake or red ratsnake,http://www.mendeley.com/c/4959343642/g/2058663/annotated-reptile-species-list-of-the-ordway-swisher-biological-station/
OSBS,Elaphe,obsoleta,quadrivittata,Yellow rat snake,http://www.mendeley.com/c/4959343642/g/2058663/annotated-reptile-species-list-of-the-ordway-swisher-biological-station/
OSBS,Farancia,abacura,abacura,Eastern mudsnake,http://www.mendeley.com/c/4959343642/g/2058663/annotated-reptile-species-list-of-the-ordway-swisher-biological-station/
OSBS,Heterodon,platyrhinos,Latreille,Eastern hognose snake,http://www.mendeley.com/c/4959343642/g/2058663/annotated-reptile-species-list-of-the-ordway-swisher-biological-station/
OSBS,Masticophis,flagellum,flagellum,Eastern coachwhip,http://www.mendeley.com/c/4959343642/g/2058663/annotated-reptile-species-list-of-the-ordway-swisher-biological-station/
OSBS,Nerodia,floridana,,Florida green watersnake,http://www.mendeley.com/c/4959343642/g/2058663/annotated-reptile-species-list-of-the-ordway-swisher-biological-station/
OSBS,Nerodia,fasciata,pictiventris,Florida watersnake,http://www.mendeley.com/c/4959343642/g/2058663/annotated-reptile-species-list-of-the-ordway-swisher-biological-station/
OSBS,Nerodia,taxispilota,,Brown watersnake,http://www.mendeley.com/c/4959343642/g/2058663/annotated-reptile-species-list-of-the-ordway-swisher-biological-station/
OSBS,Opheodrys,aestivus,,Rough green snake,http://www.mendeley.com/c/4959343642/g/2058663/annotated-reptile-species-list-of-the-ordway-swisher-biological-station/
OSBS,Pituophis,melanoleucus,mugitus,Florida pine snake,http://www.mendeley.com/c/4959343642/g/2058663/annotated-reptile-species-list-of-the-ordway-swisher-biological-station/
OSBS,Regina,alleni,,Striped crayfish snake,http://www.mendeley.com/c/4959343642/g/2058663/annotated-reptile-species-list-of-the-ordway-swisher-biological-station/
OSBS,Seminatrix,pygaea,pygaea,North florida swamp snake,http://www.mendeley.com/c/4959343642/g/2058663/annotated-reptile-species-list-of-the-ordway-swisher-biological-station/
OSBS,Tantilla,relicta,neilli,Neill's crown snake,http://www.mendeley.com/c/4959343642/g/2058663/annotated-reptile-species-list-of-the-ordway-swisher-biological-station/
OSBS,Thamnophis,sauritus,sackeni,Peninsular ribbon snake,http://www.mendeley.com/c/4959343642/g/2058663/annotated-reptile-species-list-of-the-ordway-swisher-biological-station/
OSBS,Thamnophis,sirtalis,sirtalis,Eastern garter snake,http://www.mendeley.com/c/4959343642/g/2058663/annotated-reptile-species-list-of-the-ordway-swisher-biological-station/
OSBS,Micrurus,fulvius,fulvius,Eastern coral snake,http://www.mendeley.com/c/4959343642/g/2058663/annotated-reptile-species-list-of-the-ordway-swisher-biological-station/
OSBS,Agkistrodon,piscivorus,conanti,Florida cottonmouth,http://www.mendeley.com/c/4959343642/g/2058663/annotated-reptile-species-list-of-the-ordway-swisher-biological-station/
OSBS,Crotalis,adamanteus,,Eastern diamondback rattlesnake,http://www.mendeley.com/c/4959343642/g/2058663/annotated-reptile-species-list-of-the-ordway-swisher-biological-station/
OSBS,Sistrurus,miliarus,barbouri,Dusky pigmy rattlesnake,http://www.mendeley.com/c/4959343642/g/2058663/annotated-reptile-species-list-of-the-ordway-swisher-biological-station/
JERC,Ambystoma,talpoideum,,mole salamander,http://www.mendeley.com/c/4971280602/g/2058663/jerc-2012-jercpublications2003present/
JERC,Ambystoma,tigrinum,,tiger salamander,http://www.mendeley.com/c/4971280602/g/2058663/jerc-2012-jercpublications2003present/
JERC,Apalone,spinifera,,Gulf Coast spiny softshell,http://www.mendeley.com/c/4971280602/g/2058663/jerc-2012-jercpublications2003present/
JERC,Apalone,ferox,,Florida softshell,http://www.mendeley.com/c/4974603702/g/2058663/smith-2006-the-vertebrate-fauna-of-ichauway-baker-county-ga/
JERC,Bufo,terrestris,,Southern toad,http://www.mendeley.com/c/4971280602/g/2058663/jerc-2012-jercpublications2003present/
JERC,Chelydra,serpentina,,,http://www.mendeley.com/c/4971280602/g/2058663/jerc-2012-jercpublications2003present/
JERC,Crotalis,adamanteus,,Eastern diamondback rattlesnake,http://www.mendeley.com/c/4971280602/g/2058663/jerc-2012-jercpublications2003present/
JERC,Crotalis,horridus,,timber rattlesnake,http://www.mendeley.com/c/4971280602/g/2058663/jerc-2012-jercpublications2003present/
JERC,Eurycea,cirrigera,,two-lined salamander,http://www.mendeley.com/c/4971280602/g/2058663/jerc-2012-jercpublications2003present/
JERC,Gopherus,polyphemus,,gopher tortoise,http://www.mendeley.com/c/4971280602/g/2058663/jerc-2012-jercpublications2003present/
JERC,Graptemys,geographica,,,http://www.mendeley.com/c/4971280602/g/2058663/jerc-2012-jercpublications2003present/
JERC,Graptemys,barbouri,,Barbour's map turtle,http://www.mendeley.com/c/4971280602/g/2058663/jerc-2012-jercpublications2003present/
JERC,Hemidactylus,turcicus,,Mediterranean house gecko,http://www.mendeley.com/c/4971280602/g/2058663/jerc-2012-jercpublications2003present/
JERC,Heterodon,platyrhinos,,Eastern hognose snake,http://www.mendeley.com/c/4971280602/g/2058663/jerc-2012-jercpublications2003present/
JERC,Hyla,squirella,,squirrel tree frog,http://www.mendeley.com/c/4971280602/g/2058663/jerc-2012-jercpublications2003present/
JERC,Hyla,chrysoscelis,,Cope's gray tree frog,http://www.mendeley.com/c/4971280602/g/2058663/jerc-2012-jercpublications2003present/
JERC,Kinosternon,subrubrum,,,http://www.mendeley.com/c/4971280602/g/2058663/jerc-2012-jercpublications2003present/
JERC,Lampropeltis,getula,getula,Eastern kingsnake,http://www.mendeley.com/c/4971280602/g/2058663/jerc-2012-jercpublications2003present/
JERC,Malaclemys,terrapin,centrata,Carolina diamondbacked terrapin,http://www.mendeley.com/c/4971280602/g/2058663/jerc-2012-jercpublications2003present/
JERC,Masticophis,flagellum,flagellum,Eastern coachwhip,http://www.mendeley.com/c/4971280602/g/2058663/jerc-2012-jercpublications2003present/
JERC,Nerodia,taxispilota,,Brown watersnake,http://www.mendeley.com/c/4971280602/g/2058663/jerc-2012-jercpublications2003present/
JERC,Notophthalmus,viridescens,,,http://www.mendeley.com/c/4971280602/g/2058663/jerc-2012-jercpublications2003present/
JERC,Pseudemys,concinna,,Eastern river cooter,http://www.mendeley.com/c/4971280602/g/2058663/jerc-2012-jercpublications2003present/
JERC,Pseudotrition,ruber,,red salamander,http://www.mendeley.com/c/4971280602/g/2058663/jerc-2012-jercpublications2003present/
JERC,Regina,rigida,,glossy crayfish snake,http://www.mendeley.com/c/4971280602/g/2058663/jerc-2012-jercpublications2003present/
JERC,Storeria,occipitomaculata,,red-bellied snake,http://www.mendeley.com/c/4971280602/g/2058663/jerc-2012-jercpublications2003present/
JERC,Tantilla,relicta,,Central Florida crowned snake,http://www.mendeley.com/c/4971280602/g/2058663/jerc-2012-jercpublications2003present/
JERC,Trachemys,scripta,,,http://www.mendeley.com/c/4971280602/g/2058663/jerc-2012-jercpublications2003present/
JERC,Deirochelys,reticularia,,Chicken turtle,http://www.mendeley.com/c/4974603702/g/2058663/smith-2006-the-vertebrate-fauna-of-ichauway-baker-county-ga/
JERC,Macrochelys,temminckii,,alligator snaping turtle,http://www.mendeley.com/c/4974603702/g/2058663/smith-2006-the-vertebrate-fauna-of-ichauway-baker-county-ga/
JERC,Pseudemys,floridana,,Florida cooter,http://www.mendeley.com/c/4974603702/g/2058663/smith-2006-the-vertebrate-fauna-of-ichauway-baker-county-ga/
JERC,Sternotherus,odoratus,,Stinkpot,http://www.mendeley.com/c/4974603702/g/2058663/smith-2006-the-vertebrate-fauna-of-ichauway-baker-county-ga/
JERC,Sternotherus,minor,,loggerhead musk turtle,http://www.mendeley.com/c/4974603702/g/2058663/smith-2006-the-vertebrate-fauna-of-ichauway-baker-county-ga/
JERC,Terrapene,carolina,,Eastern box turtle,http://www.mendeley.com/c/4974603702/g/2058663/smith-2006-the-vertebrate-fauna-of-ichauway-baker-county-ga/
JERC,Anolis,carolinensis,,Green anole,http://www.mendeley.com/c/4974603702/g/2058663/smith-2006-the-vertebrate-fauna-of-ichauway-baker-county-ga/
JERC,Aspidocelis,sexlineatus,,Six-lined racerunner,http://www.mendeley.com/c/4974603702/g/2058663/smith-2006-the-vertebrate-fauna-of-ichauway-baker-county-ga/
JERC,Eumeces,egregius,,mole skink,http://www.mendeley.com/c/4974603702/g/2058663/smith-2006-the-vertebrate-fauna-of-ichauway-baker-county-ga/
JERC,Eumeces,fasciatus,,common five-lined skink,http://www.mendeley.com/c/4974603702/g/2058663/smith-2006-the-vertebrate-fauna-of-ichauway-baker-county-ga/
JERC,Eumeces,inexpectatus,,Southeastern five-lined skinks,http://www.mendeley.com/c/4974603702/g/2058663/smith-2006-the-vertebrate-fauna-of-ichauway-baker-county-ga/
JERC,Eumeces,laticeps,,Broad-headed skink.,http://www.mendeley.com/c/4974603702/g/2058663/smith-2006-the-vertebrate-fauna-of-ichauway-baker-county-ga/
JERC,Ophisaurus,attenuatus,,slender glass lizard,http://www.mendeley.com/c/4974603702/g/2058663/smith-2006-the-vertebrate-fauna-of-ichauway-baker-county-ga/
JERC,Ophisaurus,ventralis,,Eastern glass lizard,http://www.mendeley.com/c/4974603702/g/2058663/smith-2006-the-vertebrate-fauna-of-ichauway-baker-county-ga/
JERC,Sceloporus,undulatus,,Eastern fence lizard,http://www.mendeley.com/c/4974603702/g/2058663/smith-2006-the-vertebrate-fauna-of-ichauway-baker-county-ga/
JERC,Scincella,lateralis,,Ground skink,http://www.mendeley.com/c/4974603702/g/2058663/smith-2006-the-vertebrate-fauna-of-ichauway-baker-county-ga/
JERC,Agkistrodon,contortrix,,Copperhead,http://www.mendeley.com/c/4974603702/g/2058663/smith-2006-the-vertebrate-fauna-of-ichauway-baker-county-ga/
JERC,Agkistrodon,piscivorus,,Cottonmouth,http://www.mendeley.com/c/4974603702/g/2058663/smith-2006-the-vertebrate-fauna-of-ichauway-baker-county-ga/
JERC,Cemophora,coccinea,,scarlet snake,http://www.mendeley.com/c/4974603702/g/2058663/smith-2006-the-vertebrate-fauna-of-ichauway-baker-county-ga/
JERC,Coluber,constrictor,,black racer,http://www.mendeley.com/c/4974603702/g/2058663/smith-2006-the-vertebrate-fauna-of-ichauway-baker-county-ga/
JERC,Crotalus,adamanteus,,Eastern diamondback rattlesnake,http://www.mendeley.com/c/4974603702/g/2058663/smith-2006-the-vertebrate-fauna-of-ichauway-baker-county-ga/
JERC,Crotalus,horridus,,timber rattlesnake,http://www.mendeley.com/c/4974603702/g/2058663/smith-2006-the-vertebrate-fauna-of-ichauway-baker-county-ga/
JERC,Diadophis,punctatus,,ring-necked snake,http://www.mendeley.com/c/4974603702/g/2058663/smith-2006-the-vertebrate-fauna-of-ichauway-baker-county-ga/
JERC,Drymarchon,couperi,,eastern indigo snake,http://www.mendeley.com/c/4974603702/g/2058663/smith-2006-the-vertebrate-fauna-of-ichauway-baker-county-ga/
JERC,Elaphe,guttata,,Corn snake or red ratsnake,http://www.mendeley.com/c/4974603702/g/2058663/smith-2006-the-vertebrate-fauna-of-ichauway-baker-county-ga/
JERC,Elaphe,obsoleta,,gray rat snake,http://www.mendeley.com/c/4974603702/g/2058663/smith-2006-the-vertebrate-fauna-of-ichauway-baker-county-ga/
JERC,Farancia,abacura,,red-bellied mud snake,http://www.mendeley.com/c/4974603702/g/2058663/smith-2006-the-vertebrate-fauna-of-ichauway-baker-county-ga/
JERC,Farancia,erytrogramma,,rainbow snake,http://www.mendeley.com/c/4974603702/g/2058663/smith-2006-the-vertebrate-fauna-of-ichauway-baker-county-ga/
JERC,Heterodon,platirhinos,,Eastern hognose snake,http://www.mendeley.com/c/4974603702/g/2058663/smith-2006-the-vertebrate-fauna-of-ichauway-baker-county-ga/
JERC,Heterodon,simus,,Souther hognose snake,http://www.mendeley.com/c/4974603702/g/2058663/smith-2006-the-vertebrate-fauna-of-ichauway-baker-county-ga/
JERC,Lampropeltis,getula,,Eastern king snake,http://www.mendeley.com/c/4974603702/g/2058663/smith-2006-the-vertebrate-fauna-of-ichauway-baker-county-ga/
JERC,Lampropeltis,triangulum,,scarlet king snake,http://www.mendeley.com/c/4974603702/g/2058663/smith-2006-the-vertebrate-fauna-of-ichauway-baker-county-ga/
JERC,Masticophis,flagellum,,coachwhip,http://www.mendeley.com/c/4974603702/g/2058663/smith-2006-the-vertebrate-fauna-of-ichauway-baker-county-ga/
JERC,Nerodia,erythrogaster,,plain-bellied water snake,http://www.mendeley.com/c/4974603702/g/2058663/smith-2006-the-vertebrate-fauna-of-ichauway-baker-county-ga/
JERC,Nerodia,fasciata,,southern water snake,http://www.mendeley.com/c/4974603702/g/2058663/smith-2006-the-vertebrate-fauna-of-ichauway-baker-county-ga/
JERC,Nerodia,taxispilota,,Brown watersnake,http://www.mendeley.com/c/4974603702/g/2058663/smith-2006-the-vertebrate-fauna-of-ichauway-baker-county-ga/
JERC,Opheodrys,aestivus,,Rough green snake,http://www.mendeley.com/c/4974603702/g/2058663/smith-2006-the-vertebrate-fauna-of-ichauway-baker-county-ga/
JERC,Pituophis,melanoleucus,,pine snake,http://www.mendeley.com/c/4974603702/g/2058663/smith-2006-the-vertebrate-fauna-of-ichauway-baker-county-ga/
JERC,Sistrurus,miliarius,,pygmy rattlesnake,http://www.mendeley.com/c/4974603702/g/2058663/smith-2006-the-vertebrate-fauna-of-ichauway-baker-county-ga/
JERC,Storeria,dekayi,,Dekay's brown snake,http://www.mendeley.com/c/4974603702/g/2058663/smith-2006-the-vertebrate-fauna-of-ichauway-baker-county-ga/
JERC,Storeria,occipitomaculata,,red-bellied snake,http://www.mendeley.com/c/4974603702/g/2058663/smith-2006-the-vertebrate-fauna-of-ichauway-baker-county-ga/
JERC,Thamnophis,sauritus,,Eastern ribbon snake,http://www.mendeley.com/c/4974603702/g/2058663/smith-2006-the-vertebrate-fauna-of-ichauway-baker-county-ga/
JERC,Thamnophis,sirtalis,,common garter snake,http://www.mendeley.com/c/4974603702/g/2058663/smith-2006-the-vertebrate-fauna-of-ichauway-baker-county-ga/
JERC,Virginia,valeriae,,smooth earth snake,http://www.mendeley.com/c/4974603702/g/2058663/smith-2006-the-vertebrate-fauna-of-ichauway-baker-county-ga/
JERC,Ambystoma,cingulatum,,flatwoods salamander,http://www.mendeley.com/c/4974603702/g/2058663/smith-2006-the-vertebrate-fauna-of-ichauway-baker-county-ga/
JERC,Ambystoma,opacum,,marbled salamander,http://www.mendeley.com/c/4974603702/g/2058663/smith-2006-the-vertebrate-fauna-of-ichauway-baker-county-ga/
JERC,Ambystoma,talpoideum,,mole salamander,http://www.mendeley.com/c/4974603702/g/2058663/smith-2006-the-vertebrate-fauna-of-ichauway-baker-county-ga/
JERC,Ambystoma,tigrinum,,tiger salamander,http://www.mendeley.com/c/4974603702/g/2058663/smith-2006-the-vertebrate-fauna-of-ichauway-baker-county-ga/
JERC,Amphiuma,means,,two-toed amphiuma,http://www.mendeley.com/c/4974603702/g/2058663/smith-2006-the-vertebrate-fauna-of-ichauway-baker-county-ga/
JERC,Eurycea,cirrigera,,Southern two-lines salamander,http://www.mendeley.com/c/4974603702/g/2058663/smith-2006-the-vertebrate-fauna-of-ichauway-baker-county-ga/
JERC,Eurycea,guttolineata,,three-lined salamander,http://www.mendeley.com/c/4974603702/g/2058663/smith-2006-the-vertebrate-fauna-of-ichauway-baker-county-ga/
JERC,Eurycea,quadridigitata,,dwarf salamander,http://www.mendeley.com/c/4974603702/g/2058663/smith-2006-the-vertebrate-fauna-of-ichauway-baker-county-ga/
JERC,Notophthalmus,perstriatus,,striped newt,http://www.mendeley.com/c/4974603702/g/2058663/smith-2006-the-vertebrate-fauna-of-ichauway-baker-county-ga/
JERC,Notophthalmus,viridescens,,Eastern newt,http://www.mendeley.com/c/4974603702/g/2058663/smith-2006-the-vertebrate-fauna-of-ichauway-baker-county-ga/
JERC,Plethodon,grobmani,,Southeast slimy salamander,http://www.mendeley.com/c/4974603702/g/2058663/smith-2006-the-vertebrate-fauna-of-ichauway-baker-county-ga/
JERC,Pseudobranchus,striatus,,Northern dwarf siren,http://www.mendeley.com/c/4974603702/g/2058663/smith-2006-the-vertebrate-fauna-of-ichauway-baker-county-ga/
JERC,Siren,lacertina,,greater siren,http://www.mendeley.com/c/4974603702/g/2058663/smith-2006-the-vertebrate-fauna-of-ichauway-baker-county-ga/
JERC,Acris,gryllus,,Southern cricket frog,http://www.mendeley.com/c/4974603702/g/2058663/smith-2006-the-vertebrate-fauna-of-ichauway-baker-county-ga/
JERC,Bufo,terrestris,,Southern toad,http://www.mendeley.com/c/4974603702/g/2058663/smith-2006-the-vertebrate-fauna-of-ichauway-baker-county-ga/
JERC,Gastrophryne,carolinensis,,Eastern narrow-mouthed toad,http://www.mendeley.com/c/4974603702/g/2058663/smith-2006-the-vertebrate-fauna-of-ichauway-baker-county-ga/
JERC,Hyla,chrysoscelis,,Cope's gray tree frog,http://www.mendeley.com/c/4974603702/g/2058663/smith-2006-the-vertebrate-fauna-of-ichauway-baker-county-ga/
JERC,Hyla,cinerea,,green treefrog,http://www.mendeley.com/c/4974603702/g/2058663/smith-2006-the-vertebrate-fauna-of-ichauway-baker-county-ga/
JERC,Hyla,femoralis,,pinewoods treefrog,http://www.mendeley.com/c/4974603702/g/2058663/smith-2006-the-vertebrate-fauna-of-ichauway-baker-county-ga/
JERC,Hyla,gratiosa,,barking treefrog,http://www.mendeley.com/c/4974603702/g/2058663/smith-2006-the-vertebrate-fauna-of-ichauway-baker-county-ga/
JERC,Hyla,squirella,,squirrel tree frog,http://www.mendeley.com/c/4974603702/g/2058663/smith-2006-the-vertebrate-fauna-of-ichauway-baker-county-ga/
JERC,Pseudacris,crucifer,,spring peeper,http://www.mendeley.com/c/4974603702/g/2058663/smith-2006-the-vertebrate-fauna-of-ichauway-baker-county-ga/
JERC,Pseudacris,feriarum,,upland chorus frog,http://www.mendeley.com/c/4974603702/g/2058663/smith-2006-the-vertebrate-fauna-of-ichauway-baker-county-ga/
JERC,Pseudacris,nigrita,,Southern chorus frog,http://www.mendeley.com/c/4974603702/g/2058663/smith-2006-the-vertebrate-fauna-of-ichauway-baker-county-ga/
JERC,Pseudacris,ocularis,,little grass frog,http://www.mendeley.com/c/4974603702/g/2058663/smith-2006-the-vertebrate-fauna-of-ichauway-baker-county-ga/
JERC,Pseudacris,ornata,,ornate chorus frog,http://www.mendeley.com/c/4974603702/g/2058663/smith-2006-the-vertebrate-fauna-of-ichauway-baker-county-ga/
JERC,Rana,capito,,gopher frog,http://www.mendeley.com/c/4974603702/g/2058663/smith-2006-the-vertebrate-fauna-of-ichauway-baker-county-ga/
JERC,Rana,catesbeiana,,bull frog,http://www.mendeley.com/c/4974603702/g/2058663/smith-2006-the-vertebrate-fauna-of-ichauway-baker-county-ga/
JERC,Rana,grylio,,pig frog,http://www.mendeley.com/c/4974603702/g/2058663/smith-2006-the-vertebrate-fauna-of-ichauway-baker-county-ga/
JERC,Rana,sphenocephala,,Southern leopard frog,http://www.mendeley.com/c/4974603702/g/2058663/smith-2006-the-vertebrate-fauna-of-ichauway-baker-county-ga/
JERC,Scaphiopus,holbrooki,,Eastern spadefoot toad,http://www.mendeley.com/c/4974603702/g/2058663/smith-2006-the-vertebrate-fauna-of-ichauway-baker-county-ga/
BART,Desmognathus,fuscus,,dusky salamander,http://www.mendeley.com/c/4981706182/g/2058663/degraaf-2002-effects-of-edge-contrast-on-redback-salamander-distribution-in-even-aged-northern-hardwoods/
BART,Eurycea,bislineata,,two-lined salamander,http://www.mendeley.com/c/4981706182/g/2058663/degraaf-2002-effects-of-edge-contrast-on-redback-salamander-distribution-in-even-aged-northern-hardwoods/
BART,Gyrinophilus,porphyriticus,,spring salamander,http://www.mendeley.com/c/4981706182/g/2058663/degraaf-2002-effects-of-edge-contrast-on-redback-salamander-distribution-in-even-aged-northern-hardwoods/
BART,Thamnophis,sirtalis,,garter snake,http://www.mendeley.com/c/4981706182/g/2058663/degraaf-2002-effects-of-edge-contrast-on-redback-salamander-distribution-in-even-aged-northern-hardwoods/
BART,Plethodon,cinereus,,redback salamander,http://www.mendeley.com/c/4981706182/g/2058663/degraaf-2002-effects-of-edge-contrast-on-redback-salamander-distribution-in-even-aged-northern-hardwoods/
BART,Ambystoma,maculatum,,spotted salamander,http://www.mendeley.com/research//c/4981987782/g/2058663/forest-no-title//
OSBS,Pseudobranchus,striatus,axanthus,Narrow-striped dwarf siren,http://www.mendeley.com/c/4959343062/g/2058663/annotated-amphibians-species-list-of-the-ordway-swisher-biological-station/
OSBS,Siren,lacertina,,Greater siren,http://www.mendeley.com/c/4959343062/g/2058663/annotated-amphibians-species-list-of-the-ordway-swisher-biological-station/
OSBS,Siren,intermedia,,Lesser siren,http://www.mendeley.com/c/4959343062/g/2058663/annotated-amphibians-species-list-of-the-ordway-swisher-biological-station/
OSBS,Notophthalmus,perstriatus,,Striped newt,http://www.mendeley.com/c/4959343062/g/2058663/annotated-amphibians-species-list-of-the-ordway-swisher-biological-station/
OSBS,Notophthalmus,viridescens,piaropicola,Peninsula newt,http://www.mendeley.com/c/4959343062/g/2058663/annotated-amphibians-species-list-of-the-ordway-swisher-biological-station/
OSBS,Eurycea,quadridigitata,,Dwarf salamander,http://www.mendeley.com/c/4959343062/g/2058663/annotated-amphibians-species-list-of-the-ordway-swisher-biological-station/
OSBS,Plethodon,grobmani,,Florida slimy salamander,http://www.mendeley.com/c/4959343062/g/2058663/annotated-amphibians-species-list-of-the-ordway-swisher-biological-station/
OSBS,Amphiuma,means,,Two-toed amphiuma,http://www.mendeley.com/c/4959343062/g/2058663/annotated-amphibians-species-list-of-the-ordway-swisher-biological-station/
OSBS,Scaphiopus,holbrooki,holbrooki,Eastern spadefoot,http://www.mendeley.com/c/4959343062/g/2058663/annotated-amphibians-species-list-of-the-ordway-swisher-biological-station/
OSBS,Eleutherodactylus,planirostris,planirostris,Greenhouse frog,http://www.mendeley.com/c/4959343062/g/2058663/annotated-amphibians-species-list-of-the-ordway-swisher-biological-station/
OSBS,Bufo,quercicus,,Oak toad,http://www.mendeley.com/c/4959343062/g/2058663/annotated-amphibians-species-list-of-the-ordway-swisher-biological-station/
OSBS,Bufo,terrestris,,Southern toad,http://www.mendeley.com/c/4959343062/g/2058663/annotated-amphibians-species-list-of-the-ordway-swisher-biological-station/
OSBS,Acris,gryllus,dorsalis,Florida cricket frog,http://www.mendeley.com/c/4959343062/g/2058663/annotated-amphibians-species-list-of-the-ordway-swisher-biological-station/
OSBS,Hyla,chrysoscelis,,Cope's gray treefrog,http://www.mendeley.com/c/4959343062/g/2058663/annotated-amphibians-species-list-of-the-ordway-swisher-biological-station/
OSBS,Hyla,cinerea,,Green treefrog,http://www.mendeley.com/c/4959343062/g/2058663/annotated-amphibians-species-list-of-the-ordway-swisher-biological-station/
OSBS,Hyla,crucifer,bartramiana,Southern spring peeper,http://www.mendeley.com/c/4959343062/g/2058663/annotated-amphibians-species-list-of-the-ordway-swisher-biological-station/
OSBS,Hyla,gratiosa,,Barking treefrog,http://www.mendeley.com/c/4959343062/g/2058663/annotated-amphibians-species-list-of-the-ordway-swisher-biological-station/
OSBS,Hyla,femoralis,,Pine woods treefrog,http://www.mendeley.com/c/4959343062/g/2058663/annotated-amphibians-species-list-of-the-ordway-swisher-biological-station/
OSBS,Hyla,squirella,,Squirrel treefrog,http://www.mendeley.com/c/4959343062/g/2058663/annotated-amphibians-species-list-of-the-ordway-swisher-biological-station/
OSBS,Limnaoedus,ocularis,,Little grass frog,http://www.mendeley.com/c/4959343062/g/2058663/annotated-amphibians-species-list-of-the-ordway-swisher-biological-station/
OSBS,Gastrophryne,carolinensis,,Eastern narrow-mouthed toad,http://www.mendeley.com/c/4959343062/g/2058663/annotated-amphibians-species-list-of-the-ordway-swisher-biological-station/
OSBS,Rana,areolata,aesopus,Florida gopher frog,http://www.mendeley.com/c/4959343062/g/2058663/annotated-amphibians-species-list-of-the-ordway-swisher-biological-station/
OSBS,Rana,catesbeiana,,Bullfrog,http://www.mendeley.com/c/4959343062/g/2058663/annotated-amphibians-species-list-of-the-ordway-swisher-biological-station/
OSBS,Rana,clamitans,clamitans,Bronze frog,http://www.mendeley.com/c/4959343062/g/2058663/annotated-amphibians-species-list-of-the-ordway-swisher-biological-station/
OSBS,Rana,heckscheri,,River frog,http://www.mendeley.com/c/4959343062/g/2058663/annotated-amphibians-species-list-of-the-ordway-swisher-biological-station/
OSBS,Rana,grylio,,Pig frog,http://www.mendeley.com/c/4959343062/g/2058663/annotated-amphibians-species-list-of-the-ordway-swisher-biological-station/
OSBS,Rana,sphenocephala,,Southern leopard frog,http://www.mendeley.com/c/4959343062/g/2058663/annotated-amphibians-species-list-of-the-ordway-swisher-biological-station/
CPER,Ambystoma,tigrinum,,Barred tiger salamander ,http://www.mendeley.com/c/4986545792/g/2058663/1997-long-term-pitfall-trap-studies-at-the-central-plains-experimental-range--shortgrass-steppe-lter-/
CPER,Scaphiopus,bombifrons,,Plains spadefoot,http://www.mendeley.com/c/4986545792/g/2058663/1997-long-term-pitfall-trap-studies-at-the-central-plains-experimental-range--shortgrass-steppe-lter-/
CPER,Bufo,cognatus,,Great Plains toad ,http://www.mendeley.com/c/4986545792/g/2058663/1997-long-term-pitfall-trap-studies-at-the-central-plains-experimental-range--shortgrass-steppe-lter-/
CPER,Bufo,woodhousii,,Western Woodhouse toad ,http://www.mendeley.com/c/4986545792/g/2058663/1997-long-term-pitfall-trap-studies-at-the-central-plains-experimental-range--shortgrass-steppe-lter-/
CPER,Pseudacris,triseriata,,Boreal chorus frog ,http://www.mendeley.com/c/4986545792/g/2058663/1997-long-term-pitfall-trap-studies-at-the-central-plains-experimental-range--shortgrass-steppe-lter-/
CPER,Chrysemys,picta,,Painted turtle,http://www.mendeley.com/c/4986545792/g/2058663/1997-long-term-pitfall-trap-studies-at-the-central-plains-experimental-range--shortgrass-steppe-lter-/
CPER,Terrapene,ornata,,Western box turtle ,http://www.mendeley.com/c/4986545792/g/2058663/1997-long-term-pitfall-trap-studies-at-the-central-plains-experimental-range--shortgrass-steppe-lter-/
CPER,Holbrookia,maculata,,Lesser earless lizard ,http://www.mendeley.com/c/4986545792/g/2058663/1997-long-term-pitfall-trap-studies-at-the-central-plains-experimental-range--shortgrass-steppe-lter-/
CPER,Phrynosoma,douglassi,,Short-horned lizard ,http://www.mendeley.com/c/4986545792/g/2058663/1997-long-term-pitfall-trap-studies-at-the-central-plains-experimental-range--shortgrass-steppe-lter-/
CPER,Eumeces,multivirgatus,,Northern many-lined skink ,http://www.mendeley.com/c/4986545792/g/2058663/1997-long-term-pitfall-trap-studies-at-the-central-plains-experimental-range--shortgrass-steppe-lter-/
CPER,Coluber,constrictor,,Eastern yellow-bellied racer ,http://www.mendeley.com/c/4986545792/g/2058663/1997-long-term-pitfall-trap-studies-at-the-central-plains-experimental-range--shortgrass-steppe-lter-/
CPER,Heterodon,nasicus,,Plains hognose snake ,http://www.mendeley.com/c/4986545792/g/2058663/1997-long-term-pitfall-trap-studies-at-the-central-plains-experimental-range--shortgrass-steppe-lter-/
CPER,Pituophis,melanoleucus,,Bullsnake,http://www.mendeley.com/c/4986545792/g/2058663/1997-long-term-pitfall-trap-studies-at-the-central-plains-experimental-range--shortgrass-steppe-lter-/
CPER,Thamnophis,radix,,Plains garter snake ,http://www.mendeley.com/c/4986545792/g/2058663/1997-long-term-pitfall-trap-studies-at-the-central-plains-experimental-range--shortgrass-steppe-lter-/
CPER,Crotalus,viridus,,Prairie rattlesnake ,http://www.mendeley.com/c/4986545792/g/2058663/1997-long-term-pitfall-trap-studies-at-the-central-plains-experimental-range--shortgrass-steppe-lter-/
CPER,Acris ,crepitans,,Northern cricket frog ,http://www.mendeley.com/c/4986545792/g/2058663/1997-long-term-pitfall-trap-studies-at-the-central-plains-experimental-range--shortgrass-steppe-lter-/
CPER,Rana,pipiens,,Northern leopard frog ,http://www.mendeley.com/c/4986545792/g/2058663/1997-long-term-pitfall-trap-studies-at-the-central-plains-experimental-range--shortgrass-steppe-lter-/
CPER,Sceloporus,undulatus,,Northern prairie lizard,http://www.mendeley.com/c/4986545792/g/2058663/1997-long-term-pitfall-trap-studies-at-the-central-plains-experimental-range--shortgrass-steppe-lter-/
CPER,Eumeces,obsoletus,,Great Plains skink ,http://www.mendeley.com/c/4986545792/g/2058663/1997-long-term-pitfall-trap-studies-at-the-central-plains-experimental-range--shortgrass-steppe-lter-/
CPER,Cnemidophorus,sexlineatus,,Six-lined racerunner ,http://www.mendeley.com/c/4986545792/g/2058663/1997-long-term-pitfall-trap-studies-at-the-central-plains-experimental-range--shortgrass-steppe-lter-/
CPER,Arizona,elegans,,Kansas glossy snake ,http://www.mendeley.com/c/4986545792/g/2058663/1997-long-term-pitfall-trap-studies-at-the-central-plains-experimental-range--shortgrass-steppe-lter-/
CPER,Lampropeltis,triangulum,,Milk snake ,http://www.mendeley.com/c/4986545792/g/2058663/1997-long-term-pitfall-trap-studies-at-the-central-plains-experimental-range--shortgrass-steppe-lter-/
CPER,Tantilla,nigriceps,,Plains blackhead snake ,http://www.mendeley.com/c/4986545792/g/2058663/1997-long-term-pitfall-trap-studies-at-the-central-plains-experimental-range--shortgrass-steppe-lter-/
CPER,Thamnophis,sirtalis,,Red-sided garter snake ,http://www.mendeley.com/c/4986545792/g/2058663/1997-long-term-pitfall-trap-studies-at-the-central-plains-experimental-range--shortgrass-steppe-lter-/
CPER,Tropidoclonion,lineatum,,Lined snake ,http://www.mendeley.com/c/4986545792/g/2058663/1997-long-term-pitfall-trap-studies-at-the-central-plains-experimental-range--shortgrass-steppe-lter-/
HARV,Plethodon,cinereus,,Eastern Red-backed Salamander,http://www.mendeley.com/c/4986395102/g/2058663/mathewson-2009-the-relative-abundance-of-eastern-red-backed-salamanders-in-eastern-hemlock-domin
HARV,Notophthalmus,viridescens,viridescens,Red-spotted Newt,http://www.mendeley.com/c/4986442562/g/2058663/butler-2005-red-spotted-newts-an-unusual-nutrient-source-for-northern-pitcher-plants/
RMNP,Ambystoma,tigrinum,,tiger salamander,http://www.nps.gov/romo/naturescience/amphibians_reptiles.htm
RMNP,Bufo,boreas,,boreal toad,http://www.nps.gov/romo/naturescience/amphibians_reptiles.htm
RMNP,Pseudacris,triseriata,,western chorus frog,http://www.nps.gov/romo/naturescience/amphibians_reptiles.htm
RMNP,Rana,pipiens,,northern leopard frog,http://www.nps.gov/romo/naturescience/amphibians_reptiles.htm
RMNP,Rana,sylvatica,,wood frog,http://www.nps.gov/romo/naturescience/amphibians_reptiles.htm
RMNP,Thamnophis,elegans,,western terrestrial garter snake,http://www.nps.gov/romo/naturescience/amphibians_reptiles.htm
RMNP,Pseudacris,maculata,,Boreal chorus frog ,http://www.mendeley.com/c/4994042862/g/2058663/corn-1997-survey-and-assessment-of-amphibian-populations-in-rocky-mountain-national-park/
