genus,sp,subsp,common name,common name,state,status,notes
Epioblasma,othcaloogensis,,Southern,Acornshell,Alabama,Endangered,
Elliptoideus,sloatianus,,Purple (mussel),Bankclimber,Alabama,Threatened,
Myotis,grisescens,,gray,Bat,Alabama,Endangered,
Myotis,sodalis,,Indiana,Bat,Alabama,Endangered,
Villosa,trabalis,,Cumberland (pearlymussel),Bean,Alabama,Endangered,Entire Range; Except where listed as Experimental Populations 
Nicrophorus,americanus,,American burying,Beetle,Alabama,Endangered,
Epioblasma,torulosa,torulosa,tubercled (pearlymussel),Blossom,Alabama,Endangered,Entire Range; Except where listed as Experimental Populations 
Epioblasma,turgidula,,turgid(pearlymussel),Blossom,Alabama,Endangered,Entire Range; Except where listed as Experimental Populations 
Epioblasma,florentina,florentina,yellow(pearlymussel),Blossom,Alabama,Endangered, Entire Range; Except where listed as Experimental Populations 
Campeloma,decampi,,slender,Campeloma,Alabama,Endangered,
Speoplatyrhinus,poulsoni,,Alabama,Cavefish,Alabama,Endangered,
Erimonax monachus,Entire ,,spotfin,Chub,Alabama,Threatened,
Pleurobema,clava,,,Clubshell,Alabama,Endangered,Entire Range; Except where listed as Experimental Populations
Pleurobema,curtum,,black,Clubshell,Alabama,Endangered,
Pleurobema,perovatum,,ovate,Clubshell,Alabama,Endangered,
Pleurobema,decisum,,southern,Clubshell,Alabama,Endangered,
Epioblasma,brevidens,,Cumberlandian,Combshell,Alabama,Endangered,Entire Range; Except where listed as Experimental Populations
Epioblasma,penita,,southern,Combshell,Alabama,Endangered,
Epioblasma,metastriata,,upland,Combshell,Alabama,Endangered,
Numenius,borealis,,Eskimo,Curlew,Alabama,Endangered,
Percina,antesella,,amber,Darter,Alabama,Endangered,
Etheostoma,wapiti,,boulder,Darter,Alabama,Endangered,
Percina,aurolineata,,goldline,Darter,Alabama,Threatened,
Etheostoma,phytophilum,,rush,Darter,Alabama,Endangered,
Etheostoma,boschungi,,slackwater,Darter,Alabama,Threatened,
Percina,tanasi,,snail,Darter,Alabama,Threatened,
Etheostoma,chermocki,,vermilion,Darter,Alabama,Endangered,
Etheostoma,nuchale,,watercress,Darter,Alabama,Endangered,
Somatochlora,hineana,,Hine's emerald,Dragonfly,Alabama,Endangered,
Elimia,crenatella,,lacy(snail),Elimia,Alabama,Threatened,
Cyprogenia,stegaria,,,Fanshell,Alabama,Endangered,
Rana,sevosa,,dusky gopher,Frog,Alabama,Endangered,Entire
Potamilus,inflatus,,Alabama (=inflated),Heelsplitter,Alabama,Threatened,
Pleurocera,foremani,,rough,Hornsnail,Alabama,Endangered,
Ptychobranchus,greenii,,triangular,Kidneyshell,Alabama,Endangered,
Lampsilis,virescens,,Alabama,Lampmussel,Alabama,Endangered,Entire Range; Except where listed as Experimental Populations 
Toxolasma,cylindrellus,,pale (pearlymussel),Lilliput,Alabama,Endangered,
Lioplax,cyclostomaformis,,cylindrical (snail),Lioplax,Alabama,Endangered,
Quadrula,fragosa,,winged,Mapleleaf,Alabama,Endangered,Entire; except where listed as experimental populations 
Medionidus,acutissimus,,Alabama,Moccasinshell,Alabama,Threatened,
Medionidus,parvulus,,Coosa,Moccasinshell,Alabama,Endangered,
Medionidus,penicillatus,,Gulf,Moccasinshell,Alabama,Endangered,
Quadrula,intermedia,,Cumberland (pearlymussel),Monkeyface,Alabama,Endangered,Entire Range; Except where listed as Experimental Populations 
Peromyscus,polionotus,ammobates,Alabama beach,Mouse,Alabama,Endangered,
Peromyscus,polionotus,trissyllepsis,Perdido Key beach,Mouse,Alabama,Endangered,
Lampsilis,perovalis,,orangenacre,Mucket,Alabama,Threatened,
Lampsilis,abrupta,,pink (pearlymussel),Mucket,Alabama,Endangered,
Epioblasma,capsaeformis,,oyster,Mussel,Alabama,Endangered,Entire Range; Except where listed as Experimental Populations
Leptodea,leptodon,,scaleshell,Mussel,Alabama,Endangered,
Plethobasus,cyphyus,,sheepnose,Mussel,Alabama,Endangered,
Epioblasma,triquetra,,snuffbox,Mussel,Alabama,Endangered,
Puma,concolor,coryi,Florida,Panther,Alabama,Endangered,
Conradilla,caelata,,birdwing,Pearlymussel,Alabama,Endangered,Entire Range; Except where listed as Experimental Populations 
Hemistena,lata,,cracking,Pearlymussel,Alabama,Endangered,Entire Range; Except where listed as Experimental Populations 
Dromus,dromas,,dromedary,Pearlymussel,Alabama,Endangered,Entire Range; Except where listed as Experimental Populations 
Pegias,fabula,,littlewing,Pearlymussel,Alabama,Endangered,
Lepyrium,showalteri,,flat,Pebblesnail,Alabama,Endangered,
Pleurobema,furvum,,dark,Pigtoe,Alabama,Endangered,
Fusconaia,cuneolus,,finerayed,Pigtoe,Alabama,Endangered,Entire Range; Except where listed as Experimental Populations 
Pleurobema,marshalli,,flat,Pigtoe,Alabama,Endangered,
Pleurobema,hanleyianum,,Georgia,Pigtoe,Alabama,Endangered,
Pleurobema,taitianum,,heavy,Pigtoe,Alabama,Endangered,
Pleurobema,pyriforme,,oval,Pigtoe,Alabama,Endangered,
Pleurobema,plenum,,rough,Pigtoe,Alabama,Endangered,
Fusconaia,cor,,shiny,Pigtoe,Alabama,Endangered,Entire Range; Except where listed as Experimental Populations 
Pleurobema,georgianum,,southern,Pigtoe,Alabama,Endangered,
Plethobasus,cooperianus,,orangefoot(pearlymussel),Pimpleback,Alabama,Endangered,
Charadrius,melodus,,piping,Plover,Alabama,Threatened,except Great Lakes watershed 
Lampsilis,altilis,,finelined,Pocketbook,Alabama,Threatened,
Lampsilis,subangulata,,shinyrayed,Pocketbook,Alabama,Endangered,
Epioblasma,obliquata,obliquata,cat's paw (=purple cat's paw pearlymussel),purple,Alabama,Endangered,Entire Range; Except where listed as Experimental Populations 
Epioblasma,florentina,walkeri,tan,Riffleshell,Alabama,Endangered,
Obovaria,retusa,,pink (mussel),Ring,Alabama,Endangered,
Athearnia,anthonyi,,Anthony's,Riversnail,Alabama,Endangered,Entire Range; Except where listed as Experimental Populations 
Leptoxis,foremani,,interrupted (=Georgia),Rocksnail,Alabama,Endangered,
Leptoxis,taeniata,,painted,Rocksnail,Alabama,Threatened,
Leptoxis,plicata,,plicate,Rocksnail,Alabama,Endangered,
Leptoxis,ampla,,round,Rocksnail,Alabama,Threatened,
Ambystoma,cingulatum,,frosted flatwoods,Salamander,Alabama,Threatened,
Phaeognathus,hubrichti,,Red Hills,Salamander,Alabama,Threatened,
Cottus,paulus,,pygmy,Sculpin,Alabama,Threatened,
Chelonia,mydas,,green,Sea turtle,Alabama,Threatened,except where endangered
Eretmochelys,imbricata,,hawksbill,Sea turtle,Alabama,Endangered,
Lepidochelys,kempii,,Kemp's ridley,Sea turtle,Alabama,Endangered,
Dermochelys,coriacea,,leatherback,Sea turtle,Alabama,Endangered,
Caretta,caretta,,loggerhead,Sea turtle,Alabama,Threatened,
Cyprinella,caerulea,,blue,Shiner,Alabama,Threatened,
Notropis,cahabae,,Cahaba,Shiner,Alabama,Endangered,
Notropis,albizonatus,,palezone,Shiner,Alabama,Endangered,
Palaemonias,alabamae,,Alabama cave,Shrimp,Alabama,Endangered,
Elliptio,chipolaensis,,Chipola,Slabshell,Alabama,Threatened,
Pyrgulopsis,pachyta,,armored,Snail,Alabama,Endangered,
Tulotoma,magnifica,,tulotoma,Snail,Alabama,Threatened,
Drymarchon,corais,couperi,eastern indigo,Snake,Alabama,Threatened,
Cumberlandia,monodonta,,,Spectaclecase (mussel),Alabama,Endangered,
Quadrula,stapes,,,Stirrupshell,Alabama,Endangered,
Mycteria,americana,,wood,Stork,Alabama,Endangered,
Scaphirhynchus,suttkusi,,Alabama,Sturgeon,Alabama,Endangered,
Acipenser,oxyrinchus,desotoi,gulf,Sturgeon,Alabama,Threatened,
Gopherus,polyphemus,,gopher,Tortoise,Alabama,Threatened,W of of Mobile/Tombigbee Rs. 
Pseudemys,alabamensis,,Alabama red-belly,Turtle,Alabama,Endangered,
Sternotherus,depressus,,flattened musk,Turtle,Alabama,Threatened,species range clarified 
Vermivora,bachmanii,,Bachman's,Warbler (=wood),Alabama,Endangered,
Plethobasus,cicatricosus,,white (pearlymussel),Wartyback,Alabama,Endangered,
Balaenoptera,physalus,,finback,Whale,Alabama,Endangered,
Megaptera,novaeangliae,,humpback,whale,Alabama,Endangered,
Canis,lupus,,gray,Wolf,Alabama,Endangered, U.S.A.: All of AL AR CA CO CT DE FL GA KS KY LA MA MD ME MO MS NC NE NH NJ NV NY OK PA RI SC TN VA VT WV those portions of AZ NM and TX not included in an experimental population; and portions of IA IN IL ND OH OR SD UT and WA. Mexico 
Picoides,borealis,,red-cockaded,Woodpecker,Alabama,Endangered,
Amphianthus,pusillus,,little,Amphianthus,Alabama,Threatened,
Lesquerella,lyrata,,lyrate,Bladderpod,Alabama,Threatened,
Marshallia,mohrii,,Mohr's Barbara,Button,Alabama,Threatened,
Schwalbea,americana,,American,Chaffseed,Alabama,Endangered,
Thelypteris,pilosa,alabamensis,Alabama streak-sorus,Fern,Alabama,Threatened,
Asplenium,scolopendrium,americanum,American hart's-tongue,Fern,Alabama,Threatened,
Xyris,tennesseensis,,Tennessee yellow-eyed,Grass,Alabama,Endangered,
nodosum,,,Ptilimnium,Harperella,Alabama,Endangered,
Clematis,socialis,,Alabama,Leather flower,Alabama,Endangered,
Clematis,morefieldii,,Morefield's,Leather flower,Alabama,Endangered,
Spigelia,gentianoides,,gentian,Pinkroot,Alabama,Endangered,
Sarracenia,rubra,alabamensis,Alabama canebrake,Pitcher-plant,Alabama,Endangered,
Sarracenia,oreophila,,green,Pitcher-plant,Alabama,Endangered,
melissifolia,,,Lindera,Pondberry,Alabama,Endangered,
Apios,priceana,,Price's,Potato-bean,Alabama,Threatened,
Dalea,foliosa,,leafy,Prairie-clover,Alabama,Endangered,
Trillium,reliquum,,relict,Trillium,Alabama,Endangered,
Sagittaria,secundifolia,,Kral's,Water-plantain,Alabama,Threatened,
Phoebastria,albatrus,,Albatross, short-tailed,Alaska,Endangered,
Ursus,maritimus,,Bear, polar,Alaska,Threatened,
Rangifer,tarandus,caribou,Caribou,woodland,Alaska,Endangered,Selkirk Mountain population
Numenius,borealis,,Curlew,Eskimo,Alaska,Endangered,
Somateria,fischeri,,Eider,spectacled,Alaska,Threatened,
Polysticta,stelleri,,Eider,Steller's,Alaska,Threatened,AK breeding pop. 
Lynx,canadensis,,Lynx,Canada,Alaska,Threatened,Contiguous U.S. DPS)
Brachyramphus,marmoratus,,Murrelet,marbled,Alaska,Threatened,CA OR WA
Enhydra,lutris,kenyoni,Otter,Northern Sea,Alaska,Threatened,southwest Alaska DPS
Oncorhynchus,kisutch,,Salmon,coho,Alaska,Endangered,Central California Coast ESU
Eumetopias,jubatus,,Sea-lion,Steller,Alaska,Threatened,eastern pop.
Eumetopias,jubatus,,Sea-lion,Steller,Alaska,Endangered,western pop.
Dermochelys,coriacea,,Sea turtle,leatherback,Alaska,Endangered,
Acipenser,transmontanus,,Sturgeon, white,Alaska,Endangered, MT) Canada (B.C.) Kootenai R. system
Salvelinus,confluentus,,Trout, bull,Alaska,Threatened,conterminous lower 48 states ()
Balaena,mysticetus,,Whale,bowhead,Alaska,Endangered,
Balaenoptera,physalus,,Whale,finback,Alaska,Endangered,
Megaptera,novaeangliae,,Whale,humpback,Alaska,Endangered,
Polystichum,aleuticum,,Fern,Aleutian shield,Alaska,Endangered,
Oxyloma,haydeni,kanabensis,Kanab,Ambersnail,Arizona,Endangered,
Leptonycteris,curasoae,yerbabuenae,lesser long-nosed,Bat,Arizona,Endangered,
Ursus,arctos,horribilis,grizzly,Bear,Arizona,Threatened,lower 48 States except where listed as an experimental population or delisted
Colinus,virginianus,ridgwayi,masked (quail),Bobwhite,Arizona,Endangered,
Polyborus,plancus,audubonii,Audubon's crested,Caracara,Arizona,Threatened,FL pop.
Ictalurus,pricei,,Yaqui,Catfish,Arizona,Threatened,
Gila,elegans,,bonytail,Chub,Arizona,Endangered,entire
Gila,intermedia,,Gila,Chub,Arizona,Endangered,
Gila,cypha,,humpback,Chub,Arizona,Endangered,entire
Gila,ditaenia,,Sonora,Chub,Arizona,Threatened,
Gila,seminuda,,Virgin River,Chub,Arizona,Endangered,
Gila,purpurea,,Yaqui,Chub,Arizona,Endangered,
Gymnogyps,californianus,,California,Condor,Arizona,Endangered,Entire except where listed as an experimental population below
Numenius,borealis,,Eskimo,Curlew,Arizona,Endangered,
Falco,femoralis,septentrionalis,northern aplomado,falcon,Arizona,Endangered,Entire except where listed as an experimental population
Mustela,nigripes,,black-footed,Ferret,Arizona,Endangered,entire population except where EXPN
Empidonax,traillii,extimus,southwestern willow,Flycatcher,Arizona,Endangered,
Rana,chiricahuensis,,Chiricahua leopard,Frog,Arizona,Threatened,
onca,,,Panthera,Jaguar,Arizona,Endangered,
Herpailurus,yagouaroundi,tolteca,Sinaloan,Jaguarundi,Arizona,Endangered,
Tiaroga,cobitis,,loach,Minnow,Arizona,Endangered,
Leopardus,pardalis,,,Ocelot,Arizona,Endangered,
Strix,occidentalis,lucida,Mexican spotted,Owl,Arizona,Threatened,
Rhynchopsitta,pachyrhyncha,,thick-billed,Parrot,Arizona,Endangered,
Ptychocheilus,lucius,,,Pikeminnow,Arizona,Endangered,Colorado except Salt and Verde R. drainages AZ
Charadrius,alexandrinus,nivosus,western snowy,Plover,Arizona,Threatened,Pacific coastal pop.
Antilocapra,americana,sonoriensis,Sonoran,Pronghorn,Arizona,Endangered,entire
Cyprinodon,macularius,,desert,Pupfish,Arizona,Endangered,
Rallus,longirostris,yumanensis,Yuma clapper,Rail,Arizona,Endangered,USA only
Crotalus,willardi,obscurus,New Mexican ridge-nosed,Rattlesnake,Arizona,Threatened,
Ambystoma,tigrinum,stebbinsi,Sonora tiger,Salamander,Arizona,Endangered,
Cyprinella,formosa,,beautiful,Shiner,Arizona,Threatened,
fulgida,,,Meda,Spikedace,Arizona,Endangered,
Lepidomeda,vittata,,Little Colorado,Spinedace,Arizona,Threatened,
Pyrgulopsis,bernardina,,San Bernardino,springsnail,Arizona,Endangered,
Pyrgulopsis,trivialis,,Three Forks,Springsnail,Arizona,Endangered,
Tamiasciurus,hudsonicus,grahamensis,Mount Graham red,Squirrel,Arizona,Endangered,
Mycteria,americana,,wood,Stork,Arizona,Endangered,AL FL GA SC
Xyrauchen,texanus,,razorback,Sucker,Arizona,Endangered,entire
Poeciliopsis,occidentalis,,Gila,Topminnow,Arizona,Endangered,U.S.A. only
Gopherus,agassizii,,desert,Tortoise,Arizona,Threatened,U.S.A. except in Sonoran Desert
Oncorhynchus,apache,,Apache,Trout,Arizona,Threatened,
Oncorhynchus,gilae,,Gila,Trout,Arizona,Threatened,
Microtus,mexicanus,hualpaiensis,Hualapai Mexican,Vole,Arizona,Endangered,
Canis,lupus,, gray,Wolf,Arizona,Endangered,U.S.A.: All of AL AR CA CO CT DE FL GA KS KY LA MA MD ME MO MS NC NE NH NJ NV NY OK PA RI SC TN VA VT and WV those portions of AZ NM and TX not included in an experimental population and portions of IA IN IL ND OH OR SD UT and WA Mexico
Plagopterus,argentissimus,,,Woundfin,Arizona,Endangered,except Gila R. drainage AZ NM
Amsonia,kearneyana,,Kearney's,Blue-star,Arizona,Endangered,
Echinocereus,triglochidiatus,arizonicus,Arizona hedgehog,Cactus,Arizona,Endangered,
Pediocactus,bradyi,,Brady pincushion,Cactus,Arizona,Endangered,
Coryphantha,robbinsorum,,Cochise pincushion,Cactus,Arizona,Threatened,
Echinocactus,horizonthalonius,nicholii,Nichol's Turk's head,Cactus,Arizona,Endangered,
Pediocactus,peeblesianus,peeblesianus,Peebles Navajo,Cactus,Arizona,Endangered,
Coryphantha,scheeri,robustispina,Pima pineapple,Cactus,Arizona,Endangered,
Pediocactus,sileri,,Siler pincushion,Cactus,Arizona,Threatened,
Purshia,subintegra,,Arizona,Cliff-rose,Arizona,Endangered,
Cycladenia,jonesii,,Jones,Cycladenia,Arizona,Threatened,
Senecio,franciscanus,,San Francisco Peaks,Groundsel,Arizona,Threatened,
Spiranthes,delitescens,,Canelo Hills,Ladies'-tresses,Arizona,Endangered,
Astragalus,holmgreniorum,,Holmgren,Milk-vetch,Arizona,Endangered,
Astragalus,cremnophylax,cremnophylax,Sentry,Milk-vetch,Arizona,Endangered,
Asclepias,welshii,,Welsh's,Milkweed,Arizona,Threatened,
Carex,specuicola,,Navajo,Sedge,Arizona,Threatened,
Lilaeopsis,schaffneriana,recurva,Huachuca,Water-umbel,Arizona,Endangered,
Myotis,grisescens,,gray,Bat,Arkansas,Endangered,
Myotis,sodalis,,Indiana,Bat,Arkansas,Endangered,
Corynorhinus,townsendii,ingens,Ozark big-eared,Bat,Arkansas,Endangered,
Nicrophorus,americanus,,American burying,Beetle,Arkansas,Endangered,
Amblyopsis,rosae,,Ozark,Cavefish,Arkansas,Threatened,
Cambarus,aculabrum,,cave,Crayfish,Arkansas,Endangered,
Cambarus,zophonastes,,cave,Crayfish,Arkansas,Endangered,
Numenius,borealis,,Eskimo,Curlew,Arkansas,Endangered,
Percina,pantherina,,leopard,Darter,Arkansas,Threatened,
Etheostoma,moorei,,yellowcheek,Darter,Arkansas,Endangered,
Lampsilis,powellii,,Arkansas,fatmucket,Arkansas,Threatened,
Cryptobranchus,alleganiensis,bishopi,Ozark,Hellbender,Arkansas,Endangered,
Lampsilis,abrupta,,pink (pearlymussel),Mucket,Arkansas,Endangered,
Leptodea,leptodon,,scaleshell,Mussel,Arkansas,Endangered,
Epioblasma,triquetra,,snuffbox,Mussel,Arkansas,Endangered,
Puma,concolor,coryi,Florida,Panther,Arkansas,Endangered,
Epioblasma,florentina,curtisii,Curtis,Pearlymussel,Arkansas,Endangered,
Potamilus,capax,,fat,Pocketbook,Arkansas,Endangered,
Arkansia,wheeleri,,Ouachita rock,Pocketbook,Arkansas,Endangered,
Lampsilis,streckeri,,speckled,Pocketbook,Arkansas,Endangered,
Mesodon,magazinensis,,Magazine Mountain,Shagreen,Arkansas,Threatened,
Notropis,girardi,,Arkansas River,Shiner,Arkansas,Threatened,Arkansas R. Basin
Cumberlandia,monodonta,,,Spectaclecase (mussel),Arkansas,Endangered,
Scaphirhynchus,albus,,pallid,Sturgeon,Arkansas,Endangered,
Sterna,antillarum,,least,Tern,Arkansas,Endangered,interior pop
Canis,lupus,,gray,Wolf,Arkansas,Endangered,U.S.A.: All of AL AR CA CO CT DE FL GA KS KY LA MA MD ME MO MS NC NE NH NJ NV NY OK PA RI SC TN VA VT and WV those portions of AZ NM and TX not included in an experimental population and portions of IA IN IL ND OH OR SD UT and WA Mexico
Campephilus,principalis,,ivory-billed,Woodpecker,Arkansas,Endangered,entire
Picoides,borealis,,red-cockaded,Woodpecker,Arkansas,Endangered,
Physaria,filiformis,,Missouri,bladderpod,Arkansas,Threatened,
Trifolium,stoloniferum,,running buffalo,Clover,Arkansas,Endangered,
Ptilimnium,nodosum,,,Harperella,Arkansas,Endangered,
Geocarpon,minimum,,,,Arkansas,Threatened,
Platanthera,leucophaea,,eastern prairie fringed,Orchid,Arkansas,Threatened,
Lindera,melissifolia,,,Pondberry,Arkansas,Endangered,
Haliotis,sorenseni,,White North America,Abalone,California,Endangered,West Coast from Point Conception CA U.S.A. to Punta Abreojos Baja California Mexico
Phoebastria,albatrus,,short-tailed,Albatross,California,Endangered,
Ursus,arctos,horribilis, grizzly,Bear,California,Threatened,horribilis
Elaphrus,viridis,,delta green ground,Beetle,California,Threatened,
Polyphylla,barbata,,Mount Hermon June,Beetle,California,Endangered,
Desmocerus,californicus,dimorphus,valley elderberry longhorn,Beetle,California,Threatened,
Euphydryas,editha,bayensis,bay checkerspot,Butterfly,California,Threatened,
Speyeria,zerene,behrensii,Behren's silverspot,Butterfly,California,Endangered,
Speyeria,callippe,callippe,callippe silverspot,Butterfly,California,Endangered,
Euphilotes,battoides,allyni,ElSegundo blue,Butterfly,California,Endangered,
Apodemia,mormo,langei,Lange's metalmark,Butterfly,California,Endangered,
blue,Lycaeides,argyrognomon,lotis,Butterfly,California,Endangered,
blue,Icaricia,icarioides,mission,Butterfly,California,Endangered,
Speyeria,zerene,myrtleae,Myrtle's silverspot,Butterfly,California,Endangered,
Speyeria,zerene,hippolyta,Oregon silverspot,Butterfly,California,Threatened,
Glaucopsyche,lygdamus,palosverdesensis,Palos Verdes blue,Butterfly,California,Endangered,
Euphydryas,editha,quino,Quino checkerspot,Butterfly,California,Endangered,
Callophrys,mossii,bayensis,San Bruno elfin,Butterfly,California,Endangered,
Euphilotes,enoptes,smithi,Smith's blue,Butterfly,California,Endangered,
Gila,elegans,entire,bonytail,Chub,California,Endangered,entire
Gila,bicolor,mohavensis,Mohave tui,Chub,California,Endangered,
Gymnogyps,californianus,,California,Condor,California,Endangered,Entire except where listed as an experimental population below
Pacifastacus,fortis,,Shasta,Crayfish,California,Endangered,
Numenius,borealis,,Eskimo,Curlew,California,Endangered,
Branchinecta,conservatio,,Conservancy,Fairy shrimp,California,Endangered,
Branchinecta,longiantenna,,longhorn,Fairy shrimp,California,Endangered,
Streptocephalus,woottoni,,Riverside,Fairy shrimp,California,Endangered,
Branchinecta,sandiegonensis,,San Diego,Fairy shrimp,California,Endangered,
Branchinecta,lynchi,,vernal pool,Fairy shrimp,California,Threatened,
Empidonax,traillii,extimus,southwestern willow,Flycatcher,California,Endangered,
Rhaphiomidas,terminatus,abdominalis,Delhi Sands flower-loving,Fly,California,Endangered,
Vulpes,macrotis,mutica,San Joaquin kit,Fox,California,Endangered,
Urocyon,littoralis,littoralis,San Miguel Island,Fox,California,Endangered,
Urocyon,littoralis,catalinae,Santa Catalina Island,Fox,California,Endangered,
Urocyon,littoralis,santacruzae,Santa Cruz Island,Fox,California,Endangered,
Urocyon,littoralis,santarosae,Santa Rosa Island,Fox,California,Endangered,
Rana,draytonii,,California red-legged,Frog,California,Threatened,Entire
Rana ,muscosa,,mountain yellow-legged,Frog,California,Endangered,southern California DPS
Polioptila,californica,californica,coastal California,Gnatcatcher,California,Threatened,
Eucyclogobius,newberryi,,tidewater,Goby,California,Endangered,entire
band-winged,Trimerotropis,infantilis,Zayante,Grasshopper,California,Endangered,
Panthera,onca,,,Jaguar,California,Endangered,
Dinacoma,caseyi,, Caseys,June Beetle,California,Endangered,
Dipodomys, nitratoides, exilis, Fresno,Kangaroo rat,California,Endangered,
Dipodomys, ingens,, giant,Kangaroo rat,California,Endangered,
Dipodomys, heermanni, morroensis, Morro Bay,Kangaroo rat,California,Endangered,
 Dipodomys, merriami, parvus, San Bernardino Merriam's,Kangaroo rat,California,Endangered,
Dipodomys, stephensi,, Stephens',Kangaroo rat,California,Endangered,
Dipodomys,nitratoides, nitratoides, Tipton,Kangaroo rat,California,Endangered,
Gambelia, silus,, blunt-nosed leopard,Lizard,California,Endangered,
Uma, inornata,, Coachella Valley fringe-toed,Lizard,California,Threatened,
Xantusia, riversiana,, Island night,Lizard,California,Threatened,
 Euproserpinus,euterpe,, Kern primrose sphinx,Moth,California,Threatened,
Aplodontia,rufa,nigra,Point Arena,Mountain beaver,California,Endangered,
Perognathus,longimembris,pacificus,Pacific pocket,Mouse,California,Endangered,
Reithrodontomys,raviventris,,salt marsh harvest,Mouse,California,Endangered,
Brachyramphus,marmoratus,,marbled,Murrelet,California,Threatened, CA OR WA
 Enhydra,lutris, nereis, southern sea,Otter,California,Threatened,
Strix, occidentalis, caurina, northern spotted,Owl,California,Threatened,
 Ptychocheilus, lucius,,,Pikeminnow,California,Endangered,Colorado except Salt and Verde R. drainages AZ
 Charadrius, alexandrinus, nivosus, western snowy,Plover,California,Threatened,
 Cyprinodon, macularius,, desert,Pupfish,California,Endangered,
 Cyprinodon, radiosus,, Owens,Pupfish,California,Endangered,
 Sylvilagus, bachmani, riparius, riparian brush,Rabbit,California,Endangered,
Rallus,longirostris,obsoletus, California clapper,Rail,California,Endangered,
Rallus ,longirostris,, light-footed clapper,Rail,California,Endangered,
Rallus ,longirostris ,, Yuma clapper,Rail,California,Endangered,
Ambystoma, californiense,, California tiger,Salamander,California,Endangered,
Ambystoma, californiense,, California tiger,Salamander,California,Endangered,
Ambystoma, californiense,, California tiger,Salamander,California,Threatened,
Batrachoseps,aridus,, desert slender,Salamander,California,Endangered,
Ambystoma, macrodactylum, croceum, Santa Cruz long-toed,Salamander,California,Endangered,
Oncorhynchus,tshawytscha,, chinook,Salmon,California,Threatened,CA coastal
Oncorhynchus, tshawytscha,, chinook,Salmon,California,Threatened,Central Valley spring-run ESU
Oncorhynchus, tshawytscha,, chinook,Salmon,California,Endangered,
Oncorhynchus, kisutch,, coho,Salmon,California,Endangered,Central California Coast ESU
Oncorhynchus, kisutch,, coho,Salmon,California,Threatened,Southern Oregon–Northern California Coast ESU
Oncorhynchus, nerka,, sockeye,Salmon,California,Threatened,U.S.A. 
Oncorhynchus, nerka,, sockeye,Salmon,California,Endangered,U.S.A. 
Arctocephalus, townsendi,, Guadalupe fur,Seal,California,Threatened,
Eumetopias, jubatus,,Steller,Sea-lion,California,Threatened, eastern pop.
 Eumetopias, jubatus,, Steller,Sea-lion,California,Endangered, western pop.
 Chelonia, mydas,, green,Sea turtle,California,Threatened, except where endangered
Dermochelys,coriacea,, leatherback,Sea turtle,California,Endangered,
Caretta, caretta,, loggerhead ,Sea turtle,California,Threatened,
 Lepidochelys, olivacea,, olive ridley,Sea turtle,California,Threatened,except where endangered
Ovis, canadensis, nelsoni, Peninsular bighorn,Sheep,California,Endangered,
Ovis, canadensis, sierrae, Sierra Nevada bighorn,Sheep,California,Endangered,
 Sorex, ornatus, relictus, Buena Vista Lake ornate,Shrew,California,Endangered,
 Lanius, ludovicianus, mearnsi, San Clemente loggerhead,Shrike,California,Endangered,
Syncaris, pacifica,, California freshwater ,Shrimp,California,Endangered,
Pseudocopaeodes, eunus, obscurus, Carson wandering ,Skipper,California,Endangered,
 Pyrgus, ruralis, lagunae, Laguna Mountains,Skipper,California,Endangered,
Hypomesus, transpacificus,, delta,Smelt,California,Threatened,
Helminthoglypta, walkeriana,, Morro shoulderband,Snail,California,Endangered,
Thamnophis, gigas,, giant garter,Snake,California,Threatened,
Thamnophis, sirtalis, tetrataenia, San Francisco garter,Snake,California,Endangered,
Amphispiza, belli, clementeae, San Clemente sage,Sparrow,California,Threatened,
Oncorhynchus, mykiss,, central CA coast,Steelhead,California,Threatened,
Oncorhynchus, mykiss,, Central Valley CA,Steelhead,California,Threatened,
Oncorhynchus,mykiss,, northern CA,Steelhead,California,Threatened,
Oncorhynchus, mykiss,, south central CA coast,Steelhead,California,Threatened,
Oncorhynchus,mykiss,, southern CA coast,Steelhead,California,Endangered,
Gasterosteus, aculeatus, williamsoni, unarmored threespine,Stickleback,California,Endangered,
 Mycteria, americana,, wood,Stork,California,Endangered, AL FL GA SC 
 Acipenser, medirostris,, North American green,Sturgeon,California,Threatened, U.S.A. 
 Acipenser, transmontanus,, white,Sturgeon,California,Endangered, U.S.A. 
 Deltistes, luxatus,, Lost River,Sucker,California,Endangered,
 Catostomus, microps,, Modoc,Sucker,California,Endangered,
 Xyrauchen, texanus,, razorback,Sucker,California,Endangered, entire
 Catostomus, santaanae,, Santa Ana 3 CA river basins,Sucker,California,Threatened,
 Chasmistes, brevirostris,, shortnose,Sucker,California,Endangered,
 Lepidurus, packardi,, vernal pool,Tadpole shrimp,California,Endangered,
Sterna, antillarum, browni, California least ,Tern,California,Endangered,
 Cicindela, ohlone,, Ohlone,Tiger beetle,California,Endangered,
 Bufo, microscaphus,, arroyo,Toad,California,Endangered,
 Gopherus, agassizii,, desert,Tortoise,California,Threatened, U.S.A. except in Sonoran Desert
 Pipilo, crissalis, eremophilus, Inyo California,Towhee,California,Threatened,
 Salvelinus, confluentus,, bull,Trout,California,Threatened, U.S.A. conterminous lower 48 states
 Oncorhynchus, clarki, henshawi, Lahontan cutthroat,Trout,California,Threatened,
 Oncorhynchus, aguabonita, whitei, Little Kern golden,Trout,California,Threatened,
 Oncorhynchus, clarki, seleniris, Paiute cutthroat,Trout,California,Threatened,
 Gila, bicolor, snyderi, Owens,tui chub,California,Endangered,
 Vireo, bellii, pusillus, least Bell's,Vireo,California,Endangered,
Microtus, californicus, scirpensis, Amargosa,Vole,California,Endangered,
 Balaenoptera, musculus,, blue,Whale,California,Endangered,
 Balaenoptera, physalus,, finback,Whale,California,Endangered,
 Megaptera, novaeangliae,, humpback,Whale,California,Endangered,
 Orcinus, orca,, killer Southern Resident DPS,Whale,California,Endangered,
 Balaenoptera, borealis,, Sei,Whale,California,Endangered,
 Physeter, catodon,, sperm,Whale,California,Endangered,
 Masticophis,lateralis,euryxanthus, Alameda,Whipsnake,California,Threatened,
 Canis, lupus,, gray,Wolf,California,Endangered,U.S.A. All of AL AR CA CO CT DE FL GA KS KY LA MA MD ME MO MS NC NE NH NJ NV NY OK PA RI SC TN VA VT and WV those portions of AZ NM and TX not included in an experimental population and portions of IA IN IL ND OH OR SD UT and WA Mexico
Neotoma, fuscipes,riparia, riparian,Woodrat,California,Endangered,
Plagiobothrys,strictus,, Calistoga,Allocarya,California,Endangered,
 Alopecurus,aequalis,sonomensis, Sonoma,Alopecurus,California,Endangered,
Ambrosia, pumila,, San Diego,Ambrosia,California,Endangered,
Chlorogalum, purpureum,, purple ,Amole,California,Threatened,
 Baccharis, vanessae,, Encinitas,Baccharis,California,Threatened,
Berberis, pinnata, insularis, island,Barberry,California,Endangered,
Berberis, nevinii,, Nevin's,Barberry,California,Endangered,
 Galium,californicum,sierrae, El Dorado,Bedstraw,California,Endangered,
 Galium, buxifolium,, island,Bedstraw,California,Endangered,
Cordylanthus, palmatus,, palmate-bracted,Bird's beak,California,Endangered,
Cordylanthus, tenuis, capillaris, Pennell's,Bird's-beak,California,Endangered,
Cordylanthus, maritimus, maritimus, salt marsh ,Bird's-beak,California,Endangered,
 Cordylanthus, mollis, mollis, soft,Bird's-beak,California,Endangered,
 Lesquerella, kingii, bernardina, San Bernardino Mountains,Bladderpod,California,Endangered,
 Trichostema, austromontanum, compactum, Hidden Lake,Bluecurls,California,Threatened,
 Poa ,napensis,, Napa,Bluegrass,California,Endangered,
 Poa, atropurpurea,, San Bernardino,Bluegrass,California,Endangered,
 Brodiaea, pallida,, Chinese Camp,Brodiaea,California,Threatened,
 Brodiaea, filifolia,, thread-leaved,Brodiaea,California,Threatened,
 Lotus, dendroideus, traskiae, San Clemente Island,Broom,California,Endangered,
 Eriogonum, ovalifolium, vineum, cushenbury,Buckwheat,California,Endangered,
Eriogonum ,apricum,, Ione ,Buckwheat,California,Endangered,
 Malacothamnus, clementinus,, San Clemente Island,Bush-mallow,California,Endangered,
 Malacothamnus, fasciculatus, nesioticus, Santa Cruz Island,Bush-mallow,California,Endangered,
 Senecio, layneae,, Layne's,Butterweed,California,Threatened,
 Eryngium, aristulatum, parishii, San Diego,Button-celery,California,Endangered,
 Opuntia, treleasei,, Bakersfield,Cactus,California,Endangered,
 Ceanothus, ferrisae,, coyote,Ceanothus,California,Endangered,
 Ceanothus, roderickii,, Pine Hill,Ceanothus,California,Endangered,
 Ceanothus, ophiochilus,, Vail Lake,Ceanothus,California,Threatened,
 Centaurium, namophilum,, spring-loving,Centaury,California,Threatened,
 Sidalcea, keckii,, Keck's,Checker-mallow,California,Endangered,
Sidalcea, oregana, valida, Kenwood Marsh,Checker-mallow,California,Endangered,
 Sidalcea, pedata,, pedate,Checker-mallow,California,Endangered,
Clarkia, speciosa, immaculata, Pismo ,Clarkia,California,Endangered,
Clarkia, franciscana,, Presidio ,Clarkia,California,Endangered,
Clarkia, springvillensis,, Springville ,Clarkia,California,Threatened,
Clarkia, imbricata,, Vine Hill ,Clarkia,California,Endangered,
Trifolium, trichocalyx,, Monterey ,Clover,California,Endangered,
Trifolium, amoenum,, showy Indian ,Clover,California,Endangered,
Verbesina, dissita,, big-leaved ,Crownbeard,California,Threatened,
Atriplex, coronata, notatior, San Jacinto Valley ,Crownscale,California,Endangered,
Cupressus, goveniana, goveniana, Gowen ,Cypress,California,Threatened,
Cupressus, abramsiana,, Santa Cruz ,Cypress,California,Endangered,
Erigeron, parishii,, Parish's ,Daisy,California,Threatened,
Dudleya, abramsii, parva, Conejo ,Dudleya,California,Threatened,
Dudleya, cymosa, marcescens, marcescent ,Dudleya,California,Threatened,
Dudleya, setchellii,, Santa Clara Valley ,Dudleya,California,Endangered,
Dudleya, nesiotica,, Santa Cruz Island ,Dudleya,California,Threatened,
Dudleya, verityi,, Verity's ,Dudleya,California,Threatened,
Dudleya, cymosa, ovatifolia, Santa Monica Mountains ,Dudleyea,California,Threatened,
Hesperolinon, congestum,, Marin ,Dwarf-flax,California,Threatened,
Oenothera, deltoides, howellii, Antioch Dunes ,Evening-primrose,California,Endangered,
Oenothera, avita, eurekensis, Eureka Valley ,Evening-primrose,California,Endangered,
Camissonia, benitensis,, San Benito ,Evening-primrose,California,Threatened,
Amsinckia, grandiflora,, large-flowered ,Fiddleneck,California,Endangered,
Fremontodendron, mexicanum,, Mexican ,Flannelbush,California,Endangered,
Fremontodendron, californicum, decumbens, Pine Hill ,Flannelbush,California,Endangered,
Thysanocarpus, conchuliferus,, Santa Cruz Island ,Fringepod,California,Endangered,
Gilia, tenuiflora, hoffmannii, Hoffmann's slender-flowered ,Gilia,California,Endangered,
Gilia, tenuiflora, arenaria, Monterey ,Gilia,California,Endangered,
Lasthenia, burkei,, Burke's ,Goldfields,California,Endangered,
Lasthenia, conjugens,, Contra Costa ,Goldfields,California,Endangered,
Neostapfia, colusana,, Colusa ,Grass,California,Threatened,
Swallenia, alexandrae,, Eureka Dune ,Grass,California,Endangered,
Tuctoria, mucronata,, Solano ,Grass,California,Endangered,
Grindelia, fraxino-pratensis,, Ash Meadows ,Gumplant,California,Threatened,
Howellia, aquatilis,, water ,Howellia,California,Threatened,
Castilleja, grisea,, San Clemente Island ,Indian paintbrush,California,Endangered,
Caulanthus, californicus,, California ,Jewelflower,California,Endangered,
Streptanthus, albidus, albidus, Metcalf Canyon ,Jewelflower,California,Endangered,
Streptanthus, niger,, Tiburon ,Jewelflower,California,Endangered,
Delphinium, bakeri,, Baker's ,Larkspur,California,Endangered,
Delphinium, variegatum, kinkiense, San Clemente Island ,Larkspur,California,Endangered,
Delphinium, luteum,, yellow ,Larkspur,California,Endangered,
Layia, carnosa,, beach ,Layia,California,Endangered,
Lessingia, germanorum, germanorum, San Francisco ,Lessingia,California,Endangered,
Lilium, pardalinum, pitkinense, Pitkin Marsh ,Lily,California,Endangered,
Lilium, occidentale,, Western ,Lily,California,Endangered,
Dudleya, stolonifera,, Laguna Beach ,Liveforever,California,Threatened,
Dudleya, traskiae,, Santa Barbara Island ,Liveforever,California,Endangered,
Lupinus, tidestromii,, clover ,Lupine,California,Endangered,
Lupinus, nipomensis,, Nipomo Mesa ,Lupine,California,Endangered,
Malacothrix, squalida,, island ,Malacothrix,California,Endangered,
Malacothrix, indecora,, Santa Cruz Island ,Malacothrix,California,Endangered,
Eremalche, kernensis,, Kern ,Mallow,California,Endangered,
Arctostaphylos, glandulosa, crassifolia, Del Mar ,Manzanita,California,Endangered,
Arctostaphylos, myrtifolia,, Ione ,Manzanita,California,Threatened,
Arctostaphylos, morroensis,, Morro ,Manzanita,California,Threatened,
Arctostaphylos, pallida,, pallid ,Manzanita,California,Threatened,
Arctostaphylos, hookeri, ravenii, Presidio ,Manzanita,California,Endangered,
Arctostaphylos, confertiflora,, Santa Rosa Island ,Manzanita,California,Endangered,
Calochortus, tiburonensis,, Tiburon ,Mariposa lily,California,Threatened,
Limnanthes, floccosa,, Butte County ,Meadowfoam,California,Endangered,
Limnanthes, vinculans,, Sebastopol ,Meadowfoam,California,Endangered,
Pogogyne, nudiuscula,, Otay ,Mesa-mint,California,Endangered,
Pogogyne, abramsii,, San Diego ,Mesa-mint,California,Endangered,
Astragalus, brauntonii,, Braunton's ,Milk-vetch,California,Endangered,
Astragalus, clarianus,, Clara Hunt's ,Milk-vetch,California,Endangered,
Astragalus, lentiginosus, coachellae, Coachella Valley ,Milk-vetch,California,Endangered,
Astragalus, tener, titi, coastal dunes ,Milk-vetch,California,Endangered,
Astragalus, albens,, Cushenbury ,Milk-vetch,California,Endangered,
Astragalus, lentiginosus, piscinensis, Fish Slough ,Milk-vetch,California,Threatened,
Astragalus, jaegerianus,, Lane Mountain ,Milk-vetch,California,Endangered,
Astragalus, magdalenae, peirsonii, Peirson's ,Milk-vetch,California,Threatened,
Astragalus, tricarinatus,, triple-ribbed ,Milk-vetch,California,Endangered,
Astragalus, pycnostachyus, lanosissimus, Ventura Marsh ,Milk-vetch,California,Endangered,
Monardella, viminea,, willowy ,Monardella,California,Endangered,
Calystegia, stebbinsii,, Stebbins' ,Morning-glory,California,Endangered,
Eriodictyon, altissimum,, Indian Knob ,Mountain balm,California,Endangered,
Cercocarpus, traskiae,, Catalina Island ,Mountain-mahogany,California,Endangered,
Thelypodium, stenopetalum,, slender-petaled ,Mustard,California,Endangered,
Navarretia, leucocephala, pauciflora, few-flowered ,Navarretia,California,Endangered,
Navarretia, leucocephala, plieantha, many-flowered ,Navarretia,California,Endangered,
Navarretia, fossalis,, spreading ,Navarretia,California,Threatened,
Nitrophila, mohavensis,, Amargosa ,Niterwort,California,Endangered,
Allium, munzii,, Munz's ,Onion,California,Endangered,
Orcuttia, californica,, California ,Orcutt grass,California,Endangered,
Orcuttia, pilosa,, hairy ,Orcutt grass,California,Endangered,
Orcuttia, viscida,, Sacramento ,Orcutt grass,California,Endangered,
Orcuttia, inaequalis,, San Joaquin ,Orcutt grass,California,Threatened,
Orcuttia, tenuis,, slender ,Orcutt grass,California,Threatened,
Castilleja, campestris, succulenta, fleshy ,Owl's-clover,California,Threatened,
Oxytheca, parishii, goodmaniana, cushenbury ,Oxytheca,California,Endangered,
Castilleja, cinerea,, ash-grey ,Paintbrush,California,Threatened,
Castilleja, mollis,, soft-leaved ,Paintbrush,California,Endangered,
Castilleja, affinis, neglecta, Tiburon ,Paintbrush,California,Endangered,
Thlaspi, californicum,, Kneeland Prairie ,Penny-cress,California,Endangered,
Pentachaeta, lyonii,, Lyon's ,Pentachaeta,California,Endangered,
Pentachaeta, bellidiflora,, white-rayed ,Pentachaeta,California,Endangered,
Phacelia, insularis, insularis, island ,Phacelia,California,Endangered,
Phlox, hirsuta,, Yreka ,Phlox,California,Endangered,
Piperia, yadonii,, Yadon's ,Piperia,California,Endangered,
Polygonum, hickmanii,, Scotts Valley ,Polygonum,California,Endangered,
Potentilla, hickmanii,, Hickman's ,Potentilla,California,Endangered,
Calyptridium, pulchellum,, Mariposa ,Pussypaws,California,Threatened,
Arabis, hoffmannii,, Hoffmann's ,Rock-cress,California,Endangered,
Arabis, macdonaldiana,, McDonald's ,Rock-cress,California,Endangered,
Sibara, filifolia,, Santa Cruz Island ,Rockcress,California,Endangered,
Helianthemum, greenei,, island ,Rush-rose,California,Threatened,
Arenaria, ursina,, Bear Valley ,Sandwort,California,Threatened,
Arenaria, paludicola,, Marsh ,Sandwort,California,Endangered,
Suaeda, californica,, California ,Seablite,California,Endangered,
Carex, albida,, white ,Sedge,California,Endangered,
Chorizanthe, pungens, hartwegiana, Ben Lomond ,Spineflower,California,Endangered,
Chorizanthe, howellii,, Howell's ,Spineflower,California,Endangered,
Chorizanthe, pungens, pungens, Monterey ,Spineflower,California,Threatened,
Chorizanthe, orcuttiana,, Orcutt's ,Spineflower,California,Endangered,
Chorizanthe, robusta, , Robust ,Spineflower,California,Endangered, 
Dodecahema, leptoceras,, slender-horned ,Spineflower,California,Endangered,
Chorizanthe, valida,, Sonoma ,Spineflower,California,Endangered,
Chamaesyce, hooveri,, Hoover's ,Spurge,California,Threatened,
Parvisedum, leiocarpum,, Lake County ,Stonecrop,California,Endangered,
Pseudobahia, bahiifolia,, Hartweg's golden ,Sunburst,California,Endangered,
Pseudobahia, peirsonii,, San Joaquin adobe ,Sunburst,California,Threatened,
Eriophyllum, latilobum,, San Mateo woolly ,Sunflower,California,Endangered,
Blennosperma, bakeri,, Sonoma ,Sunshine,California,Endangered,
Taraxacum, californicum,, California ,Taraxacum,California,Endangered,
Deinandra, increscens, villosa, Gaviota ,Tarplant,California,Endangered,
Deinandra , conjugens,, Otay ,Tarplant,California,Threatened,
Holocarpha, macradenia,, Santa Cruz ,Tarplant,California,Threatened,
Cirsium, fontinale, obispoense, Chorro Creek bog ,Thistle,California,Endangered,
Cirsium, fontinale, fontinale, fountain ,Thistle,California,Endangered,
Cirsium, loncholepis,, La Graciosa ,Thistle,California,Endangered,
Eryngium, constancei,, Loch Lomond coyote ,Thistle,California,Endangered,
Cirsium, hydrophilum, hydrophilum, Suisun ,Thistle,California,Endangered,
Acanthomintha, ilicifolia,, San Diego ,Thornmint,California,Threatened,
Acanthomintha, obovata, duttonii, San Mateo ,Thornmint,California,Endangered,
Tuctoria, greenei,, Greene's ,Tuctoria,California,Endangered,
Verbena, californica,, Red Hills ,Vervain,California,Threatened,
Erysimum, teretifolium,, Ben Lomond ,Wallflower,California,Endangered,
Erysimum, capitatum, angustatum, Contra Costa ,Wallflower,California,Endangered,
Erysimum, menziesii,, Menzies' ,Wallflower,California,Endangered,
Rorippa, gambellii,, Gambel's ,Watercress,California,Endangered,
Eriogonum, kennedyi, austromontanum, southern mountain ,Wild-buckwheat,California,Threatened,
Lithophragma, maximum,, San Clemente Island ,Woodland-star,California,Endangered,
Eriastrum, densifolium, sanctorum, Santa Ana River ,Woolly-star,California,Endangered,
Monolopia ,congdonii,, San Joaquin ,Wooly-threads,California,Endangered,
Eriodictyon, capitatum,, Lompoc ,Yerba santa,California,Endangered,
Ursus,arctos,horribilis,grizzly,Bear,Colorado,Threatened,except where listed as an experimental population or delisted
Boloria,acrocnema,,Uncompahgre fritillary,Butterfly,Colorado,Endangered,
Gila,elegans,,bonytail entire,Chub,Colorado,Endangered,
Gila,cypha,,humpback entire,Chub,Colorado,Endangered,
Grus,americana,,whooping,Crane,Colorado,Endangered,except where EXPN
Numenius,borealis,,Eskimo,Curlew,Colorado,Endangered,
Mustela,nigripes,,black-footed,Ferret,Colorado,Endangered,entire population except where EXPN 
Empidonax,traillii,extimus,southwestern willow,Flycatcher,Colorado,Endangered,
Lynx,canadensis,,Canada,Lynx,Colorado,Threatened,Contiguous U.S. DPS
Zapus,hudsonius,preblei,Preble's meadow jumping,Mouse,Colorado,Threatened,U.S.A. north-central CO
Strix,occidentalis,lucida,Mexican spotted,Owl,Colorado,Threatened,
Ptychocheilus, lucius,,,Pikeminnow,Colorado,Endangered,Colorado except Salt and Verde R. drainages AZ 
Charadrius, melodus,,piping,Plover,Colorado,Threatened,except Great Lakes watershed 
Charadrius,alexandrinus,nivosus,western snowy,Plover,Colorado,Threatened,Pacific coastal pop. 
Hesperia ,leonardus ,montana,Pawnee montane,Skipper,Colorado,Threatened,
Xyrauchen,texanus,,razorback,Sucker,Colorado,Endangered,entire
Sterna,antillarum,,least,Tern,Colorado,Endangered,interior pop.
Oncorhynchus,clarki,stomias,Greenback Cutthroat,trout,Colorado,Threatened,
Canis,lupus,,gray,Wolf,Colorado,Endangered,U.S.A. All of AL AR CA CO CT DE FL GA KS KY LA MA MD ME MO MS NC NE NH NJ NV NY OK PA RI SC TN VA VT and WV those portions of AZ NM and TX not included in an experimental population and portions of IA IN IL ND OH OR SD UT and WA Mexico
Penstemon,debilis,,Parachute,Beardtongue,Colorado,Threatened,
Penstemon,penlandii,,Penland,Beardtongue,Colorado,Endangered,
Lesquerella,congesta,,Dudley Bluffs,Bladderpod,Colorado,Threatened,
Gaura,neomexicana,coloradensis,Colorado,Butterfly plant,Colorado,Threatened,
Sclerocactus,glaucus,,Colorado hookless,Cactus,Colorado,Threatened,
Pediocactus,knowltonii,,Knowlton's,Cactus,Colorado,Endangered,
Sclerocactus,mesae-verdae,,Mesa Verde,Cactus,Colorado,Threatened,
Spiranthes,diluvialis,,Ute,Ladies'-tresses,Colorado,Threatened,
Astragalus,humillimus,,Mancos,Milk-vetch,Colorado,Endangered,
Astragalus,osterhoutii,,Osterhout,Milk-vetch,Colorado,Endangered,
Eutrema, penlandii,,Penland alpine fen,Mustard,Colorado,Threatened,
Phacelia,submutica,,DeBeque,Phacelia,Colorado,Threatened,
Phacelia,formosula,,North Park,Phacelia,Colorado,Endangered,
Ipomopsis,polyantha,,Pagosa,Skyrocket,Colorado,Endangered,
Physaria, obcordata,,Dudley Bluffs,Twinpod,Colorado,Threatened,
Eriogonum,pelinophilum,,clay-loving,wild buckwheat,Colorado,Endangered,
Nicrophorus,americanus,,Beetle,American burying,Connecticut,Endangered,
Numenius,borealis,,Curlew, Eskimo,Connecticut,Endangered,
Charadrius,melodus,,Plover,piping,Connecticut,Threatened,except Great Lakes watershed
Felis,concolor,couguar,Puma,eastern,Connecticut,Endangered,couguar
Chelonia ,mydas,,Sea turtle,green,Connecticut,Threatened,except where endangered
Eretmochelys,imbricata,,Sea turtle,hawksbill,Connecticut,Endangered,
Lepidochelys,kempii,,Sea turtle,Kemp's ridley,Connecticut,Endangered,
Dermochelys,coriacea,,Sea turtle,leatherback,Connecticut,Endangered,
Caretta,caretta,,Sea turtle,loggerhead,Connecticut,Threatened,
Acipenser,brevirostrum,,Sturgeon,shortnose,Connecticut,Endangered,
Sterna,dougallii,dougallii,Tern, roseate,Connecticut,Endangered,dougallii
Cicindela,dorsalis,dorsalis,Tiger beetle,northeastern beach,Connecticut,Threatened,dorsalis
Cicindela,puritana,,Tiger beetle,Puritan,Connecticut,Threatened,
Clemmys,muhlenbergii,,Turtle,bog,Connecticut,Threatened,
Alasmidonta,heterodon,,Wedgemussel,dwarf,Connecticut,Endangered,
Balaenoptera,physalus,,Whale,finback,Connecticut,Endangered,
Eubalaena,glacialis,,Whale,North Atlantic Right,Connecticut,Endangered,
Canis,lupus,,Wolf,gray,Connecticut,Endangered,U.S.A. All of AL AR CA CO CT DE FL GA KS KY LA MA MD ME MO MS NC NE NH NJ NV NY OK PA RI SC TN VA VT and WV those portions of AZ NM and TX not included in an experimental population and portions of IA IN IL ND OH OR SD UT and WA Mexico
Schwalbea,americana,,Chaffseed,American,Connecticut,Endangered,
Agalinis,acuta,,Gerardia,sandplain,Connecticut,Endangered,
Isotria,medeoloides,,Pogonia,small whorled,Connecticut,Threatened,
Nicrophorus,americanus,,American burying,Beetle,Deleware,Endangered,
Numenius,borealis,, Eskimo,Curlew,Deleware,Endangered,
except Great Lakes watershed,Charadrius,melodus,piping,Plover,Deleware,Threatened,
Felis,concolor,couguar,eastern,Puma,Deleware,Endangered,
except where endangered,Chelonia,mydas,green,Sea turtle,Deleware,Threatened,
Eretmochelys,imbricata,,hawksbill,Sea turtle,Deleware,Endangered,
Lepidochelys,kempii,,Kemp's ridley,Sea turtle,Deleware,Endangered,
Dermochelys,coriacea,,leatherback,Sea turtle,Deleware,Endangered,
Caretta,caretta,,loggerhead,Sea turtle,Deleware,Threatened,
Sciurus,niger,cinereus,fox,Squirrel,Deleware,Endangered,Delmarva Peninsula Entire except Sussex Co. DE
Acipenser,brevirostrum,,shortnose,Sturgeon,Deleware,Endangered,
Clemmys,muhlenbergii,,bog,Turtle,Deleware,Threatened,
Alasmidonta,heterodon,,dwarf,Wedgemussel,Deleware,Endangered,
Balaenoptera,physalus,,finback,Whale,Deleware,Endangered,
Megaptera,novaeangliae,,humpback,Whale,Deleware,Endangered,
Eubalaena,glacialis,,North Atlantic Right,Whale,Deleware,Endangered,
Canis,lupus,,gray,Wolf,Deleware,Endangered,U.S.A. All of AL AR CA CO CT DE FL GA KS KY LA MA MD ME MO MS NC NE NH NJ NV NY OK PA RI SC TN VA VT and WV those portions of AZ NM and TX not included in an experimental population and portions of IA IN IL ND OH OR SD UT and WA Mexico
Amaranthus,pumilus,,seabeach,Amaranth,Deleware,Threatened,
Rhynchospora,knieskernii,,Knieskern's,Beaked-rush,Deleware,Threatened,
Schwalbea,americana,,American,Chaffseed,Deleware,Endangered,
Oxypolis,canbyi,,Canby's,Dropwort,Deleware,Endangered,
Aeschynomene,virginica,,sensitive,Joint-vetch,Deleware,Threatened,
Helonias,bullata,,swamp,Pink,Deleware,Threatened,
Isotria,medeoloides,,small whorled,Pogonia,Deleware,Threatened,
Canis,lupus,,gray,Wolf,District of Columbia,Endangered,U.S.A. All of AL AR CA CO CT DE FL GA KS KY LA MA MD ME MO MS NC NE NH NJ NV NY OK PA RI SC TN VA VT and WV those portions of AZ NM and TX not included in an experimental population and portions of IA IN IL ND OH OR SD UT and WA Mexico
Stygobromus,hayi,,Hay's Spring,Amphipod,District of Columbia,Endangered,
Nicrophorus,americanus,,American burying,Beetle,District of Columbia,Endangered,
Numenius,borealis,,Eskimo,Curlew,District of Columbia,Endangered,
Felis,concolor,couguar,eastern,Puma,District of Columbia,Endangered,
Alasmidonta,heterodon,,dwarf,Wedgemussel,District of Columbia,Endangered,
Isotria,medeoloides,,small whorled,Pogonia,District of Columbia,Threatened,
Canis,lupus,,gray,Wolf,Florida,Endangered,U.S.A. All of AL AR CA CO CT DE FL GA KS KY LA MA MD ME MO MS NC NE NH NJ NV NY OK PA RI SC TN VA VT and WV those portions of AZ NM and TX not included in an experimental population and portions of IA IN IL ND OH OR SD UT and WA Mexico
Elliptoideus sloatianus,,,purple,Bankclimber,Florida,Threatened,
Myotis,grisescens,,gray,Bat,Florida,Endangered,
Nicrophorus,americanus,,American burying,Beetle,Florida,Endangered,
Cyclargus,thomasi,bethunebakeri,Miami Blue,Butterfly,Florida,Endangered,
Heraclides,aristodemus,ponceanus,Schaus swallowtail,Butterfly,Florida,Endangered,
Polyborus,plancus,audubonii,Audubon's crested,Caracara,Florida,Threatened,FL pop
Acropora,palmata,,elkhorn,Coral,Florida,Threatened,
Acropora,cervicornis,,staghorn,Coral,Florida,Threatened,
Crocodylus,acutus,,American Entire,Crocodile,Florida,Endangered,except USA FL
Crocodylus,acutus,,American,Crocodile,Florida,Threatened,FL pop. 
Numenius,borealis,,Eskimo,Curlew,Florida,Endangered,
Etheostoma,okaloosae,,Okaloosa,Darter,Florida,Threatened,
Odocoileus virginianus,clavium,,key,Deer,Florida,Endangered,
Rostrhamus,sociabilis,plumbeus,Everglade snail,Kite,Florida,Endangered,FL pop
Trichechus,manatus,,West Indian,Manatee,Florida,Endangered,
Medionidus,penicillatus,,Gulf,Moccasinshell,Florida,Endangered,
Medionidus,simpsonianus,,Ochlockonee,Moccasinshell,Florida,Endangered,
Peromyscus,polionotus,phasma,Anastasia Island beach,Mouse,Florida,Endangered,
Peromyscus,polionotus,allophrys,Choctawhatchee beach,Mouse,Florida,Endangered,
Peromyscus,gossypinus,allapaticola,Key Largo cotton,Mouse,Florida,Endangered,
Peromyscus,polionotus,trissyllepsis,Perdido Key beach,Mouse,Florida,Endangered,
Peromyscus,polionotus,niveiventris,southeastern beach,Mouse,Florida,Threatened,
Peromyscus,polionotus,peninsularis,St. Andrew beach ,Mouse,Florida,Endangered,
Felis,concolor,coryi,Florida ,Panther,Florida,Endangered,
Pleurobema,pyriforme,,oval,Pigtoe,Florida,Endangered,
Charadrius,melodus,,piping,Plover,Florida,Threatened,except Great Lakes watershed 
Lampsilis,subangulata,,shinyrayed,Pocketbook,Florida,Endangered,
Sylvilagus,palustris,hefneri,Lower Keys marsh,Rabbit,Florida,Endangered,
palustris,natator,,Oryzomys,Rice rat lower FL Keys,Florida,Endangered,
Ambystoma,cingulatum,,frosted flatwoods,Salamander,Florida,Threatened,
Ambystoma,bishopi,,Reticulated flatwoods,salamander,Florida,Endangered,
Pristis,pectinata,,smalltooth,Sawfish,Florida,Endangered,
Aphelocoma, coerulescens,,Florida ,scrub-jay,Florida,Threatened,
Chelonia, mydas,,green,Sea turtle,Florida,Threatened,except where endangered
Chelonia,mydas,,green,Sea turtle,Florida,Endangered,FL Mexico nesting pops
Eretmochelys,imbricata,,hawksbill,Sea turtle,Florida,Endangered,
Lepidochelys,kempii,,Kemp's ridley,Sea turtle,Florida,Endangered,
Dermochelys,coriacea,,leatherback,Sea turtle,Florida,Endangered,
Caretta,caretta,,loggerhead,Sea turtle,Florida,Threatened,
Palaemonetes,cummingi,,Squirrel Chimney Cave,Shrimp,Florida,Threatened,
Eumeces,egregius,lividus,bluetail mole,Skink,Florida,Threatened,
Neoseps,reynoldsi,,sand,Skink,Florida,Threatened,
Elliptio,chipolaensis,,Chipola,Slabshell,Florida,Threatened,
Orthalicus,reses,,Stock Island tree,Snail,Florida,Threatened,
Nerodia,clarkii,taeniata,Atlantic salt marsh,Snake,Florida,Threatened,
Drymarchon,corais,couperi,eastern indigo,Snake,Florida,Threatened,
Ammodramus,maritimus,mirabilis,Cape Sable seaside,Sparrow,Florida,Endangered,
Ammodramus,savannarum,floridanus,Florida grasshopper,Sparrow,Florida,Endangered,
Mycteria,americana,,wood,Stork,Florida,Endangered,AL FL GA SC 
Acipenser,oxyrinchus,desotoi,gulf,Sturgeon,Florida,Threatened,
Acipenser,brevirostrum,,shortnose,Sturgeon,Florida,Endangered,
Sterna,dougallii,dougallii,roseate,Tern,Florida,Threatened,Western Hemisphere except NE U.S. 
Amblema,neislerii,,fat,Three-ridge,Florida,Endangered,
Gopherus,polyphemus,,gopher,Tortoise,Florida,Threatened,W of of Mobile/Tombigbee Rs
Microtus,pennsylvanicus,dukecampbelli,Florida salt marsh,Vole,Florida,Endangered,
Vermivora,bachmanii,,Bachman's,Warbler,Florida,Endangered,
Balaenoptera,physalus,,finback,Whale,Florida,Endangered,
Megaptera,novaeangliae,,humpback,Whale,Florida,Endangered,
Eubalaena,glacialis,,North Atlantic Right,Whale,Florida,Endangered,
Campephilus,principalis,entire,ivory-billed,Woodpecker,Florida,Endangered,entire
Picoides,borealis,,red-cockaded,Woodpecker,Florida,Endangered,
Neotoma,floridana,smalli,Key Largo,Woodrat,Florida,Endangered,
Chrysopsis,floridana,,Florida golden,Aster,Florida,Endangered,
Nolina,brittoniana,,Britton's,Beargrass,Florida,Endangered,
Harperocallis,flava,,Harper's,Beauty,Florida,Endangered,
Campanula,robinsiae,,Brooksville,Bellflower,Florida,Endangered,
Macbridea,alba,,white,Birds-in-a-nest,Florida,Threatened,
Liatris,ohlingerae,,scrub,Blazingstar,Florida,Endangered,
Bonamia,grandiflora,,Florida,Bonamia,Florida,Threatened,
Eriogonum,longifolium,var. gnaphalifolium,scrub,Buckwheat,Florida,Threatened,
Pinguicula,ionantha,,Godfrey's,Butterwort,Florida,Threatened,
Pilosocereus,robinii,,Key tree,Cactus,Florida,Endangered,
Silene,polypetala,,fringed,Campion,Florida,Endangered,
Schwalbea,americana,,American,Chaffseed,Florida,Endangered,
Cladonia,perforata,,Florida perforate,Cladonia,Florida,Endangered,
Chionanthus,pygmaeus,,pygmy,Fringe-tree,Florida,Endangered,
Ribes,echinellum,,Miccosukee,Gooseberry,Florida,Threatened,
Cucurbita,okeechobeensis,ssp. okeechobeensis,Okeechobee,Gourd,Florida,Endangered,
Crotalaria,avonensis,,Avon Park,Harebells,Florida,Endangered,
Hypericum,cumulicola,,highlands scrub,Hypericum,Florida,Endangered,
Jacquemontia,reclinata,,beach,Jacquemontia,Florida,Endangered,
Amorpha,crenulata,,Crenulate,Lead-plant,Florida,Endangered,
Lupinus,aridorum,,scrub,Lupine,Florida,Endangered,
Thalictrum,cooleyi,,Cooley's,Meadowrue,Florida,Endangered,
Galactia,smallii,,Small's,Milkpea,Florida,Endangered,
Dicerandra,christmanii,,Garrett's,Mint,Florida,Endangered,
Dicerandra,immaculata,,Lakela's,Mint,Florida,Endangered,
Dicerandra,cornutissima,,longspurred,Mint,Florida,Endangered,
Dicerandra,frutescens,,scrub,Mint,Florida,Endangered,
Warea,carteri,,Carter's,Mustard,Florida,Endangered,
Deeringothamnus,pulchellus,,beautiful,Pawpaw,Florida,Endangered,
Asimina, tetramera,,four-petal,Pawpaw,Florida,Endangered,
Deeringothamnus,rugelii,,Rugel's,Pawpaw,Florida,Endangered,
fragrans,,,Clitoria,Pigeon wings,Florida,Threatened,
Spigelia,gentianoides,,gentian,Pinkroot,Florida,Endangered,
Prunus,geniculata,,scrub,Plum,Florida,Endangered,
Polygala,lewtonii,,Lewton's,Polygala,Florida,Endangered,
Polygala,smallii,,tiny,Polygala,Florida,Endangered,
melissifolia,,,Lindera,Pondberry,Florida,Endangered,
Cereus,eriophorus,var. fragrans,fragrant,Prickly-apple,Florida,Endangered,
Rhododendron,chapmanii,,Chapman,Rhododendron,Florida,Endangered,
Conradina,glabra,,Apalachicola,Rosemary,Florida,Endangered,
Conradina,etonia,,Etonia,Rosemary,Florida,Endangered,
Conradina,brevifolia,,short-leaved,Rosemary,Florida,Endangered,
myriophylla,,,Polygonella,Sandlace,Florida,Endangered,
Halophila,johnsonii,,Johnson's,Seagrass,Florida,Threatened,
Scutellaria,floridana,,Florida,Skullcap,Florida,Threatened,
cuneifolium,,,Eryngium,Snakeroot,Florida,Endangered,
Chamaesyce,deltoidea,ssp. deltoidea,deltoid,Spurge,Florida,Endangered,
Chamaesyce,garberi,,Garber's,Spurge,Florida,Threatened,
Euphorbia, telephioides,,telephus,Spurge,Florida,Threatened,
Torreya,taxifolia,,Florida,Torreya,Florida,Endangered,
Warea,amplexifolia,,wide-leaf,Warea,Florida,Endangered,
Justicia,cooleyi,,Cooley's,Water-willow,Florida,Endangered,
Paronychia,chartacea,,papery,Whitlow-wort,Florida,Threatened,
basiramia,,,Polygonella,Wireweed,Florida,Endangered,
Ziziphus,celata,,Florida,Ziziphus,Florida,Endangered,
Canis,lupus,,gray,Wolf,Georgia,Endangered,U.S.A. All of AL AR CA CO CT DE FL GA KS KY LA MA MD ME MO MS NC NE NH NJ NV NY OK PA RI SC TN VA VT and WV those portions of AZ NM and TX not included in an experimental population and portions of IA IN IL ND OH OR SD UT and WA Mexico
Epioblasma,othcaloogensis,,southern,Acornshell,Georgia,Endangered,
Elliptoideus,sloatianus,,purple,Bankclimber,Georgia,Threatened,
Myotis,grisescens,,gray,Bat,Georgia,Endangered,
Myotis,sodalis,,Indiana,Bat,Georgia,Endangered,
Nicrophorus,americanus,,American burying,Beetle,Georgia,Endangered,
Erimonax,monachus,,spotfin Entire,Chub,Georgia,Threatened,
Pleurobema,perovatum,,ovate,Clubshell,Georgia,Endangered,
Pleurobema,decisum,,southern,Clubshell,Georgia,Endangered,
Epioblasma,metastriata,,upland,Combshell,Georgia,Endangered,
Numenius,borealis,,Eskimo,Curlew,Georgia,Endangered,
Percina,antesella,,amber,Darter,Georgia,Endangered,
Etheostoma,scotti,,Cherokee,Darter,Georgia,Threatened,
Etheostoma,etowahae,,Etowah,Darter,Georgia,Endangered,
Percina,aurolineata,,goldline,Darter,Georgia,Threatened,
Percina,tanasi,,snail,Darter,Georgia,Threatened,
Ptychobranchus,greenii,,triangular,Kidneyshell,Georgia,Endangered,
Lioplax,cyclostomaformis,, cylindrical,Lioplax,Georgia,Endangered,
Percina,jenkinsi,,Conasauga,Logperch,Georgia,Endangered,
Trichechus,manatus,,West Indian,Manatee,Georgia,Endangered,
Medionidus,acutissimus,,Alabama,Moccasinshell,Georgia,Threatened,
Medionidus,parvulus,,Coosa,Moccasinshell,Georgia,Endangered,
Medionidus,penicillatus,,Gulf,Moccasinshell,Georgia,Endangered,
Medionidus,simpsonianus,,Ochlockonee,Moccasinshell,Georgia,Endangered,
Epioblasma,capsaeformis,,oyster,Mussel,Georgia,Endangered,Entire Range Except where listed as Experimental Populations 
Puma,concolor,coryi,Florida,Panther,Georgia,Endangered,
Pleurobema,hanleyianum,,Georgia,Pigtoe,Georgia,Endangered,
Pleurobema,pyriforme,,oval,Pigtoe,Georgia,Endangered,
Pleurobema,georgianum,,southern,Pigtoe,Georgia,Endangered,
Charadrius,melodus,,piping,Plover,Georgia,Threatened,except Great Lakes watershed
Lampsilis,altilis,,finelined,Pocketbook,Georgia,Threatened,
Lampsilis,subangulata,,shinyrayed,Pocketbook,Georgia,Endangered,
Athearnia,anthonyi,,Anthony's,Riversnail,Georgia,Endangered,Entire Range Except where listed as Experimental Populations
Leptoxis,foremani,,interrupted,Rocksnail,Georgia,Endangered,
Ambystoma,cingulatum,,frosted flatwoods,Salamander,Georgia,Threatened,
Ambystoma,bishopi,,Reticulated flatwoods,salamander,Georgia,Endangered,
Chelonia,mydas,,green,Sea turtle,Georgia,Threatened,except where endangered
Eretmochelys,imbricata,,hawksbill,Sea turtle,Georgia,Endangered,
Lepidochelys,kempii,,Kemp's ridley,Sea turtle,Georgia,Endangered,
Dermochelys,coriacea,,leatherback,Sea turtle,Georgia,Endangered,
Caretta,caretta,,loggerhead,Sea turtle,Georgia,Threatened,
Cyprinella,caerulea,,blue,Shiner,Georgia,Threatened,
Drymarchon,corais,couperi,eastern indigo,Snake,Georgia,Threatened,
Elliptio,spinosa,,Altamaha,Spinymussel,Georgia,Endangered,
Mycteria,americana,,wood,Stork,Georgia,Endangered,AL FL GA SC
Acipenser,oxyrinchus,desotoi,gulf,Sturgeon,Georgia,Threatened,
Acipenser,brevirostrum,,shortnose,Sturgeon,Georgia,Endangered,
Amblema,neislerii,,fat,Three-ridge,Georgia,Endangered,
Gopherus,polyphemus,,gopher,Tortoise,Georgia,Threatened,W of of Mobile/Tombigbee Rs.
Vermivora,bachmanii,,Bachman's,Warbler,Georgia,Endangered,
Balaenoptera,physalus,,finback,Whale,Georgia,Endangered,
Megaptera,novaeangliae,,humpback,Whale,Georgia,Endangered,
Eubalaena,glacialis,,North Atlantic Right,Whale,Georgia,Endangered,
Campephilus,principalis,,ivory-billed entire,Woodpecker,Georgia,Endangered,
Picoides,borealis,,red-cockaded,Woodpecker,Georgia,Endangered,
Amphianthus,pusillus,,little,Amphianthus,Georgia,Threatened,
Marshallia,mohrii,,Mohr's Barbara,Button,Georgia,Threatened,
Silene,polypetala,,fringed,Campion,Georgia,Endangered,
Schwalbea,americana,,American,Chaffseed,Georgia,Endangered,
Echinacea,laevigata,,smooth,Coneflower,Georgia,Endangered,
Oxypolis,canbyi,,Canby's,Dropwort,Georgia,Endangered,
Xyris,tennesseensis,,Tennessee yellow-eyed,Grass,Georgia,Endangered,
nodosum,,,Ptilimnium,Harperella,Georgia,Endangered,
Helonias,bullata,,swamp,Pink,Georgia,Threatened,
Sarracenia,oreophila,,green,Pitcher-plant,Georgia,Endangered,
Isotria,medeoloides,,small whorled,Pogonia,Georgia,Threatened,
melissifolia,,,Lindera,Pondberry,Georgia,Endangered,
Isoetes,melanospora,,black spored,Quillwort,Georgia,Endangered,
Isoetes,tegetiformans,,mat-forming,Quillwort,Georgia,Endangered,
Baptisia,arachnifera,,hairy,Rattleweed,Georgia,Endangered,
Scutellaria,montana,,large-flowered,Skullcap,Georgia,Threatened,
Spiraea,virginiana,,Virginia,Spiraea,Georgia,Threatened,
Rhus,michauxii,,Michaux's,Sumac,Georgia,Endangered,
Torreya,taxifolia,,Florida,Torreya,Georgia,Endangered,
Trillium,persistens,,persistent,Trillium,Georgia,Endangered,
Trillium,reliquum,,relict,Trillium,Georgia,Endangered,
Sagittaria,secundifolia,,Kral's,Water-plantain,Georgia,Threatened,
Loxops, caeruleirostris,, ,Akekee,Hawaii,Endangered,
 Loxops, coccineus, coccineus, Hawaii honeycreeper,Akepa,Hawaii,Endangered,
Loxops, coccineus, ochraceus, Maui honeycreeper,kepa,Hawaii,Endangered,
Hemignathus, procerus,, Kauai honeycreeper,Akialoa,Hawaii,Endangered,
Hemignathus, munroi,,honeycreeper,Akiapola`au ,Hawaii,Endangered,
Oreomystis, bairdi,, ,Akikiki,Hawaii,Endangered,
Phoebastria, albatrus,, short-tailed ,lbatross,Hawaii,Endangered,
Spelaeorchestia, koloana,, Kauai cave ,Amphipod,Hawaii,Endangered,
Lasiurus, cinereus, semotus, Hawaiian hoary ,Bat,Hawaii,Endangered,
Fulica, americana, alai, Hawaiian ,Coot,Hawaii,Endangered,
Oreomystis, mana,, Hawaii ,Creeper,Hawaii,Endangered,
Paroreomyza, flammea,, Molokai ,Creeper,Hawaii,Endangered,
Paroreomyza, maculata,, Oahu ,Creeper,Hawaii,Endangered,
Corvus, hawaiiensis,, Hawaiian,Crow,Hawaii,Endangered,
Megalagrion, nesiotes,, flying earwig Hawaiian ,Damselfly,Hawaii,Endangered,
Megalagrion, pacificum,, Pacific Hawaiian ,Damselfly,Hawaii,Endangered,
Anas, wyvilliana,, Hawaiian ,Duck,Hawaii,Endangered,
Anas, laysanensis,, Laysan ,Duck,Hawaii,Endangered,
Chasiempis, sandwichensis, ibidis, Oahu ,Elepaio,Hawaii,Endangered,
 Telespyza, cantans,, Laysan honeycreeper,Finch,Hawaii,Endangered,
honeycreeper, Telespyza, ultima, Nihoa ,Finch,Hawaii,Endangered,
Drosophila, sharpi,, Hawaiian picture-wing ,Fly,Hawaii,Endangered,
Branta ,sandvicensis,, Hawaiian ,Goose,Hawaii,Endangered,
Buteo, solitarius,, Hawaiian,Hawk,Hawaii,Endangered,
Palmeria, dolei,, crested ,Honeycreeper,Hawaii,Endangered,
Acrocephalus, familiaris, kingi, Nihoa ,Millerbird,Hawaii,Endangered,
Gallinula, chloropus, sandvicensis, Hawaiian common ,Moorhen,Hawaii,Endangered,
Manduca, blackburni,, Blackburn's sphinx ,Moth,Hawaii,Endangered,
Hemignathus, lucidus,,honeycreeper,Nukupu`u ,Hawaii,Endangered,
 Moho, braccatus,, Kauai honeyeater,`O`o,Hawaii,Endangered,
 Psittirostra, psittacea,,honeycreeper,`O`u ,Hawaii,Endangered,
 Loxioides, bailleui,,honeycreeper,Palila ,Hawaii,Endangered,
 Pseudonestor, xanthophrys,, Maui honeycreeper,Parrotbill,Hawaii,Endangered,
Pterodroma, phaeopygia, sandwichensis, Hawaiian dark-rumped ,Petrel,Hawaii,Endangered,
Drosophila, aglaia,,Pomace fly,,Hawaii,Endangered,
Drosophila, differens,,Pomace fly,,Hawaii,Endangered,
Drosophila, hemipeza,,Pomace fly,,Hawaii,Endangered,
Drosophila, heteroneura,,Pomace fly,,Hawaii,Endangered,
Drosophila, montgomeryi,,Pomace fly,,Hawaii,Endangered,
Drosophila, mulli,,Pomace fly,,Hawaii,Threatened,
Drosophila, musaphila,,Pomace fly,,Hawaii,Endangered,
Drosophila, neoclavisetae,,Pomace fly,,Hawaii,Endangered,
Drosophila, obatai,,Pomace fly,,Hawaii,Endangered,
Drosophila, ochrobasis,,Pomace fly,,Hawaii,Endangered,
Drosophila, substenoptera,,Pomace fly,,Hawaii,Endangered,
Drosophila, tarphytrichia,,Pomace fly,,Hawaii,Endangered,
Melamprosops ,phaeosoma,,honeycreeper,Po`ouli ,Hawaii,Endangered,
Monachus, schauinslandi,, Hawaiian monk ,Seal,Hawaii,Endangered,
Chelonia, mydas,, green,Sea turtle,Hawaii,Threatened,except where endangered 
Eretmochelys, imbricata,, hawksbill ,Sea turtle,Hawaii,Endangered,
Dermochelys, coriacea,, leatherback ,Sea turtle,Hawaii,Endangered,
Caretta, caretta,, loggerhead ,Sea turtle,Hawaii,Threatened,
Puffinus, auricularis, newelli, Newell's,Shearwater,Hawaii,Threatened,
Erinna, newcombi,, Newcomb's ,Snail,Hawaii,Threatened,
Achatinella spp.,,, Oahu tree ,Snails,Hawaii,Endangered,
Adelocosa, anops,, Kauai cave wolf,Spider,Hawaii,Endangered,
Himantopus, mexicanus, knudseni, Hawaiian ,Stilt,Hawaii,Endangered,
Myadestes, myadestinus,, large Kauai,Thrush,Hawaii,Endangered,
Myadestes, lanaiensis, rutha, Molokai ,Thrush,Hawaii,Endangered,
Myadestes, palmeri,, small Kauai ,Thrush,Hawaii,Endangered,
Megaptera, novaeangliae,, humpback ,Whale,Hawaii,Endangered,
Zanthoxylum, dipetalum ,var. tomentosum,A`e,,Hawaii,Endangered,
Zanthoxylum, hawaiiense,,A`e,,Hawaii,Endangered,
Argyroxiphium, sandwicense, ssp. macrocephalum,`Ahinahina ,,Hawaii,Threatened,
Argyroxiphium, sandwicense ,ssp. sandwicense,`Ahinahina ,,Hawaii,Endangered,
Solanum, sandwicense,,popolo ,`Aiakeakua,Hawaii,Endangered,
Nothocestrum, breviflorum,,`Aiea,,Hawaii,Endangered,
Nothocestrum, peltatum,,`Aiea,,Hawaii,Endangered,
Chamaesyce, celastroides, var. kaenana,`Akoko,,Hawaii,Endangered,
Chamaesyce, deppeana,,`Akoko,,Hawaii,Endangered,
Chamaesyce, eleanoriae,,`Akoko,,Hawaii,Endangered,
Chamaesyce, herbstii,,`Akoko,,Hawaii,Endangered,
Chamaesyce, kuwaleana,,`Akoko,,Hawaii,Endangered,
Chamaesyce, remyi, var. kauaiensis,`Akoko,,Hawaii,Endangered,
Chamaesyce, remyi, var. remyi,`Akoko,,Hawaii,Endangered,
Chamaesyce, rockii,,`Akoko,,Hawaii,Endangered,
Euphorbia, haeleeleana,,`Akoko,,Hawaii,Endangered,
Chamaesyce, skottsbergii, var. kalaeloana, Ewa Plains ,`Akoko,Hawaii,Endangered,
Melicope, adscendens,,Alani,,Hawaii,Endangered,
Melicope, balloui,,Alani,,Hawaii,Endangered,
Melicope, degeneri,,Alani,,Hawaii,Endangered,
Melicope, haupuensis,,Alani,,Hawaii,Endangered,
Melicope, knudsenii,,Alani,,Hawaii,Endangered,
Melicope, lydgatei,,Alani,,Hawaii,Endangered,
Melicope, mucronulata,,Alani,,Hawaii,Endangered,
Melicope, munroi,,Alani,,Hawaii,Endangered,
Melicope, ovalis,,Alani,,Hawaii,Endangered,
Melicope, pallida,,Alani,,Hawaii,Endangered,
Melicope, paniculata,,Alani,,Hawaii,Endangered,
Melicope, puberula,,Alani,,Hawaii,Endangered,
Melicope, quadrangularis,,Alani,,Hawaii,Endangered,
Melicope, reflexa,,Alani,,Hawaii,Endangered,
Melicope, saint-johnii,,Alani,,Hawaii,Endangered,
Melicope, zahlbruckneri,,Alani,,Hawaii,Endangered,
Lepidium, arbuscula,,`Anaunau,,Hawaii,Endangered,
Sicyos, alba,,`Anunu,,Hawaii,Endangered,
Dryopteris, crinalis, var. podosorus, Palapalai ,aumakua,Hawaii,Endangered,
Isodendrion, hosakae,,Aupaka,,Hawaii,Endangered,
Isodendrion, laurifolium,,Aupaka,,Hawaii,Endangered,
Isodendrion, longifolium,,Aupaka,,Hawaii,Threatened,
Canavalia, molokaiensis,,`Awikiwiki,,Hawaii,Endangered,
Canavalia, napaliensis,,`Awikiwiki,,Hawaii,Endangered,
Centaurium, sebaeoides,,Awiwi,,Hawaii,Endangered,
Hedyotis, cookiana,,Awiwi,,Hawaii,Endangered,
Poa, sandvicensis,, Hawaiian ,Bluegrass,Hawaii,Endangered,
Poa, mannii,, Mann's ,Bluegrass,Hawaii,Endangered,
Achyranthes, splendens, var. rotundata, round-leaved ,Chaff-flower,Hawaii,Endangered,
Diellia, erecta,, asplenium-leaved ,Diellia,Hawaii,Endangered,
Adenophorus, periens,, pendant kihi ,Fern,Hawaii,Endangered,
Gardenia, brighamii,,Hawaiian ,Gardenia,Hawaii,Endangered,
Geranium, arboreum,, Hawaiian red-flowered ,Geranium,Hawaii,Endangered,
Cyanea, acuminata,,Haha,,Hawaii,Endangered,
Cyanea, asarifolia,,Haha,,Hawaii,Endangered,
Cyanea, copelandii ssp. copelandii,,Haha,,Hawaii,Endangered,
Cyanea, copelandii ssp. haleakalaensis,,Haha,,Hawaii,Endangered,
Cyanea, dolichopoda,,Haha,,Hawaii,Endangered,
Cyanea, dunbarii,,Haha,,Hawaii,Endangered,
Cyanea, eleeleensis,,Haha,,Hawaii,Endangered,
Cyanea, glabra,,Haha,,Hawaii,Endangered,
Cyanea, grimesiana ssp. grimesiana,,Haha,,Hawaii,Endangered,
Cyanea ,grimesiana ssp. obatae,,Haha,,Hawaii,Endangered,
Cyanea ,hamatiflora ssp. carlsonii,,Haha,,Hawaii,Endangered,
Cyanea ,hamatiflora ssp. hamatiflora,,Haha,,Hawaii,Endangered,
Cyanea ,humboldtiana,,Haha,,Hawaii,Endangered,
Cyanea ,kolekoleensis,,Haha,,Hawaii,Endangered,
Cyanea ,koolauensis,,Haha,,Hawaii,Endangered,
Cyanea ,kuhihewa,,Haha,,Hawaii,Endangered,
Cyanea ,lobata,,Haha,,Hawaii,Endangered,
Cyanea ,longiflora,,Haha,,Hawaii,Endangered,
Cyanea, macrostegia ssp. gibsonii,,Haha,,Hawaii,Endangered,
Cyanea, mannii,,Haha,,Hawaii,Endangered,
Cyanea, mceldowneyi,,Haha,,Hawaii,Endangered,
Cyanea, pinnatifida,,Haha,,Hawaii,Endangered,
Cyanea, platyphylla,,Haha,,Hawaii,Endangered,
Cyanea, procera,,Haha,,Hawaii,Endangered,
Cyanea, recta,,Haha,,Hawaii,Threatened,
Cyanea, remyi,,Haha,,Hawaii,Endangered,
Cyanea, shipmanii,,Haha,,Hawaii,Endangered,
Cyanea, stictophylla,,Haha,,Hawaii,Endangered,
Cyanea, st.-johnii,,Haha,,Hawaii,Endangered,
Cyanea, superba,,Haha,,Hawaii,Endangered,
Cyanea, truncata,,Haha,,Hawaii,Endangered,
Cyanea, undulata,,Haha ,,Hawaii,Endangered,
Cyrtandra ,paliku,,Haiwale ,,Hawaii,Endangered,
Cyrtandra, crenata,,Ha`iwale ,,Hawaii,Endangered,
Cyrtandra, dentata,,Ha`iwale ,,Hawaii,Endangered,
Cyrtandra, giffardii,,Ha`iwale ,,Hawaii,Endangered,
Cyrtandra ,limahuliensis,,Ha`iwale ,,Hawaii,Threatened,
Cyrtandra, munroi,,Ha`iwale ,,Hawaii,Endangered,
Cyrtandra, oenobarba,,Ha`iwale ,,Hawaii,Endangered,
Cyrtandra, polyantha,,Ha`iwale ,,Hawaii,Endangered,
Cyrtandra, subumbellata,,Ha`iwale ,,Hawaii,Endangered,
Cyrtandra, tintinnabula,,Ha`iwale ,,Hawaii,Endangered,
Cyrtandra, viridiflora,,Ha`iwale ,,Hawaii,Endangered,
Pleomele, hawaiiensis,,Hala pepe,,Hawaii,Endangered,
Hibiscadelphus, giffardianus,,Hau kuahiwi,,Hawaii,Endangered,
Hibiscadelphus ,hualalaiensis,,Hau kuahiwi,,Hawaii,Endangered,
Hibiscadelphus ,woodii,,Hau kuahiwi,,Hawaii,Endangered,
Exocarpos, luteolus,,Heau,,Hawaii,Endangered,
Hedyotis, st.-johnii,, Na Pali beach ,Hedyotis,Hawaii,Endangered,
Hibiscus, clayi,, Clay's ,Hibiscus,Hawaii,Endangered,
Pittosporum, napaliense,,Ho`awa ,,Hawaii,Endangered,
Ochrosia, kilaueaensis,,Holei ,,Hawaii,Endangered,
Haplostachys, haplostachya,,Honohono ,,Hawaii,Endangered,
Marsilea, villosa,,Ihi`ihi ,,Hawaii,Endangered,
Wilkesia, hobdyi,, dwarf ,Iliau,Hawaii,Endangered,
Ischaemum, byrone,, Hilo ,Ischaemum,Hawaii,Endangered,
Labordia, cyrtandrae,,Kamakahala ,,Hawaii,Endangered,
Labordia, helleri,,Kamakahala ,,Hawaii,Endangered,
Labordia, lydgatei,,Kamakahala ,,Hawaii,Endangered,
Labordia, pumila,,Kamakahala ,,Hawaii,Endangered,
Labordia, tinifolia, var. lanaiensis,Kamakahala ,,Hawaii,Endangered,
Labordia, tinifolia, var. wahiawaensis,Kamakahala ,,Hawaii,Endangered,
Labordia, triflora,,Kamakahala ,,Hawaii,Endangered,
Cenchrus, agrimonioides,,Kamanomano ,,Hawaii,Endangered,
Hibiscadelphus, distans,,Kauai hau kuahiwi,,Hawaii,Endangered,
Colubrina, oppositifolia,,Kauila,,Hawaii,Endangered,
Pteralyxia, kauaiensis,,Kaulu,,Hawaii,Endangered,
Hedyotis, coriacea,,Kio`ele,,Hawaii,Endangered,
Phyllostegia, racemosa,,Kiponapona,,Hawaii,Endangered,
Kanaloa, kahoolawensis,,Kohe malama malama o kanaloa,,Hawaii,Endangered,
Kokia, drynarioides,,Koki`o ,,Hawaii,Endangered,
Kokia, kauaiensis,,Koki`o ,,Hawaii,Endangered,
Kokia, cookei,, Cooke's,Koki`o,Hawaii,Endangered,
Hibiscus, arnottianus, ssp. immaculatus,Koki`o ke`oke`o,,Hawaii,Endangered,
Hibiscus, waimeae, ssp. hannerae,Koki`o ke`oke`o,,Hawaii,Endangered,
Myrsine ,juddii,,Kolea,,Hawaii,Endangered,
Myrsine ,knudsenii,,Kolea,,Hawaii,Endangered,
Myrsine, linearifolia,,Kolea,,Hawaii,Threatened,
Myrsine, mezii,,Kolea,,Hawaii,Endangered,
Bidens ,micrantha, ssp. kalealaha,Ko`oko`olau,,Hawaii,Endangered,
Bidens, wiebkei,,Ko`oko`olau,,Hawaii,Endangered,
Abutilon, menziesii,,Ko`oloa`ula,,Hawaii,Endangered,
Hedyotis, schlechtendahliana, var. remyi,Kopa,,Hawaii,Endangered,
Psychotria, grandiflora,,Kopiko,,Hawaii,Endangered,
Psychotria, hobdyi,,Kopiko,,Hawaii,Endangered,
Plantago, hawaiensis,,Kuahiwi laukahi,,Hawaii,Endangered,
Plantago, princeps,,Kuahiwi laukahi,,Hawaii,Endangered,
Alsinidendron, lychnoides,,Kuawawaenohu,,Hawaii,Endangered,
Isodendrion, pyrifolium,,Kula wahine noho,,Hawaii,Endangered,
Nototrichium, humile,,Kulu`i,,Hawaii,Endangered,
Panicum, niihauense,,Lau `ehu,,Hawaii,Endangered,
Schiedea, stellarioides,,Laulihilihi,,Hawaii,Endangered,
Lysimachia, daphnoides,, makanoe ,lehua,Hawaii,Endangered,
Acaena, exigua,,Liliwai,,Hawaii,Endangered,
Pritchardia, affinis,,Lo`ulu,,Hawaii,Endangered,
Pritchardia, kaalae,,Lo`ulu,,Hawaii,Endangered,
Pritchardia, munroi,,Lo`ulu,,Hawaii,Endangered,
Pritchardia, napaliensis,,Lo`ulu,,Hawaii,Endangered,
Pritchardia, remota,,Lo`ulu,,Hawaii,Endangered,
Pritchardia, schattaueri,,Lo`ulu,,Hawaii,Endangered,
Pritchardia, viscosa,,Lo`ulu,,Hawaii,Endangered,
Pritchardia, hardyi,,Na`ena`e,Lo`ulu,Hawaii,Endangered,
Eragrostis, fosbergii,, Fosberg's ,Love grass,Hawaii,Endangered,
Alectryon, macrococcus,,Mahoe,,Hawaii,Endangered,
Peucedanum, sandwicense,,Makou,,Hawaii,Threatened,
Hibiscus, brackenridgei,,native yellow hibiscus,Ma`o hau hele,Hawaii,Endangered,
Schiedea, apokremnos,,Ma`oli`oli ,,Hawaii,Endangered,
Schiedea, kealiae,,Ma`oli`oli ,,Hawaii,Endangered,
Cyrtandra, cyaneoides,,Mapele ,,Hawaii,Endangered,
Flueggea, neowawraea,,Mehamehame ,,Hawaii,Endangered,
Dubautia, kalalauensis,,Naenae ,,Hawaii,Endangered,
Dubautia, kenwoodii,,Naenae ,,Hawaii,Endangered,
Dubautia, herbstobatae,,Na`ena`e ,,Hawaii,Endangered,
Dubautia, imbricata, imbricata,Na`ena`e ,,Hawaii,Endangered,
Dubautia, latifolia,,Na`ena`e ,,Hawaii,Endangered,
Dubautia, pauciflorula,,Na`ena`e ,,Hawaii,Endangered,
Dubautia, plantaginea, magnifolia,Na`ena`e ,,Hawaii,Endangered,
Dubautia, plantaginea, ssp. humilis,Na`ena`e ,,Hawaii,Endangered,
Dubautia, waialealae,,Na`ena`e ,,Hawaii,Endangered,
Viola, kauaiensis, var. wahiawaensis,Nani wai`ale`ale ,,Hawaii,Endangered,
Gardenia, mannii,,Nanu ,,Hawaii,Endangered,
Scaevola, coriacea,, dwarf ,Naupaka,Hawaii,Endangered,
Lipochaeta, fauriei,,Nehe ,,Hawaii,Endangered,
Lipochaeta, kamolensis,,Nehe ,,Hawaii,Endangered,
Lipochaeta, lobata, var. leptophylla,Nehe ,,Hawaii,Endangered,
Lipochaeta, micrantha,,Nehe ,,Hawaii,Endangered,
Lipochaeta, tenuifolia,,Nehe ,,Hawaii,Endangered,
Lipochaeta, waimeaensis,,Nehe ,,Hawaii,Endangered,
Eugenia, koolauensis,,Nioi ,,Hawaii,Endangered,
Abutilon, eremitopetalum ,,,,Hawaii,Endangered,
Abutilon, sandwicense ,,,,Hawaii,Endangered,
Achyranthes, mutica ,,,,Hawaii,Endangered,
Alsinidendron, obovatum ,,,,Hawaii,Endangered,
Alsinidendron, trinerve ,,,,Hawaii,Endangered,
Alsinidendron, viscosum ,,,,Hawaii,Endangered,
Amaranthus, brownii ,,,,Hawaii,Endangered,
Asplenium, fragile var. insulare ,,,,Hawaii,Endangered,
Bonamia, menziesii ,,,,Hawaii,Endangered,
Chamaesyce, halemanui ,,,,Hawaii,Endangered,
Cyanea , crispa ,,,,Hawaii,Endangered,
Delissea, rhytidosperma ,,,,Hawaii,Endangered,
Delissea, undulata ,,,,Hawaii,Endangered,
Diellia, falcata ,,,,Hawaii,Endangered,
Diellia, mannii ,,,,Hawaii,Endangered,
Diellia, pallida ,,,,Hawaii,Endangered,
Diellia, unisora ,,,,Hawaii,Endangered,
Diplazium, molokaiense ,,,,Hawaii,Endangered,
Doryopteris, angelica ,,,,Hawaii,Endangered,
Gahnia, lanaiensis ,,,,Hawaii,Endangered,
Gouania, hillebrandii ,,,,Hawaii,Endangered,
Gouania, meyenii ,,,,Hawaii,Endangered,
Gouania, vitifolia ,,,,Hawaii,Endangered,
Hedyotis, degeneri ,,,,Hawaii,Endangered,
Hedyotis, parvula ,,,,Hawaii,Endangered,
Hesperomannia, arborescens ,,,,Hawaii,Endangered,
Hesperomannia, arbuscula ,,,,Hawaii,Endangered,
Hesperomannia, lydgatei ,,,,Hawaii,Endangered,
Keysseria ,erici ,,,,Hawaii,Endangered,
Keysseria ,helenae ,,,,Hawaii,Endangered,
Lipochaeta, venosa ,,,,Hawaii,Endangered,
Lobelia, gaudichaudii,,,,Hawaii,Endangered,
Lobelia, monostachya ,,,,Hawaii,Endangered,
Lobelia, niihauensis ,,,,Hawaii,Endangered,
Lobelia, oahuensis ,,,,Hawaii,Endangered,
Lysimachia, filifolia ,,,,Hawaii,Endangered,
Lysimachia, iniki ,,,,Hawaii,Endangered,
Lysimachia, lydgatei ,,,,Hawaii,Endangered,
Lysimachia, maxima ,,,,Hawaii,Endangered,
Lysimachia, pendens ,,,,Hawaii,Endangered,
Lysimachia, scopulensis ,,,,Hawaii,Endangered,
Lysimachia, venosa ,,,,Hawaii,Endangered,
Mariscus, fauriei ,,,,Hawaii,Endangered,
Mariscus, pennatiformis ,,,,Hawaii,Endangered,
Munroidendron, racemosum ,,,,Hawaii,Endangered,
Neraudia, angulata ,,,,Hawaii,Endangered,
Neraudia, ovata ,,,,Hawaii,Endangered,
Neraudia, sericea ,,,,Hawaii,Endangered,
Phyllostegia, glabra ,var. lanaiensis ,,,Hawaii,Endangered,
Phyllostegia, hirsuta ,,,,Hawaii,Endangered,
Phyllostegia, hispida ,,,,Hawaii,Endangered,
Phyllostegia, kaalaensis ,,,,Hawaii,Endangered,
Phyllostegia, knudsenii ,,,,Hawaii,Endangered,
Phyllostegia, mannii ,,,,Hawaii,Endangered,
Phyllostegia, mollis ,,,,Hawaii,Endangered,
Phyllostegia, parviflora ,,,,Hawaii,Endangered,
Phyllostegia, renovans ,,,,Hawaii,Endangered,
Phyllostegia, velutina ,,,,Hawaii,Endangered,
Phyllostegia, waimeae ,,,,Hawaii,Endangered,
Phyllostegia, warshaueri ,,,,Hawaii,Endangered,
Phyllostegia, wawrana ,,,,Hawaii,Endangered,
Platanthera, holochila ,,,,Hawaii,Endangered,
Poa, siphonoglossa ,,,,Hawaii,Endangered,
Pteris, lidgatei ,,,,Hawaii,Endangered,
Remya, kauaiensis ,,,,Hawaii,Endangered,
Remya, montgomeryi ,,,,Hawaii,Endangered,
Sanicula, mariversa ,,,,Hawaii,Endangered,
Sanicula, purpurea ,,,,Hawaii,Endangered,
Schiedea, attenuata ,,,,Hawaii,Endangered,
Schiedea, haleakalensis ,,,,Hawaii,Endangered,
Schiedea, helleri ,,,,Hawaii,Endangered,
Schiedea, hookeri ,,,,Hawaii,Endangered,
Schiedea, kaalae ,,,,Hawaii,Endangered,
Schiedea, kauaiensis ,,,,Hawaii,Endangered,
Schiedea, lydgatei ,,,,Hawaii,Endangered,
Schiedea, membranacea ,,,,Hawaii,Endangered,
Schiedea, nuttallii ,,,,Hawaii,Endangered,
Schiedea, sarmentosa ,,,,Hawaii,Endangered,
Schiedea, spergulina, var. leiopoda ,,,Hawaii,Endangered,
Schiedea, spergulina, var. spergulina ,,,Hawaii,Threatened,
Schiedea, verticillata ,,,,Hawaii,Endangered,
Silene, alexandri ,,,,Hawaii,Endangered,
Silene, hawaiiensis ,,,,Hawaii,Threatened,
Silene, lanceolata ,,,,Hawaii,Endangered,
Silene, perlmanii ,,,,Hawaii,Endangered,
Spermolepis, hawaiiensis ,,,,Hawaii,Endangered,
Stenogyne, angustifolia, angustifolia ,,,Hawaii,Endangered,
Stenogyne, bifida ,,,,Hawaii,Endangered,
Stenogyne, campanulata ,,,,Hawaii,Endangered,
Stenogyne, kanehoana, ,,,Hawaii,Endangered, 
Stenogyne, kealiae ,,,,Hawaii,Endangered,
Tetramolopium, arenarium ,,,,Hawaii,Endangered,
Tetramolopium, filiforme ,,,,Hawaii,Endangered,
Tetramolopium, lepidotum, ssp. lepidotum ,,,Hawaii,Endangered,
Tetramolopium, remyi ,,,,Hawaii,Endangered,
Tetramolopium, rockii ,,,,Hawaii,Threatened,
Tetraplasandra, bisattenuata ,,,,Hawaii,Endangered,
Tetraplasandra, flynnii ,,,,Hawaii,Endangered,
Trematolobelia, singularis ,,,,Hawaii,Endangered,
Vigna, o-wahuensis ,,,,Hawaii,Endangered,
Viola, helenae ,,,,Hawaii,Endangered,
Viola, lanaiensis ,,,,Hawaii,Endangered,
Viola, oahuensis ,,,,Hawaii,Endangered,
Xylosma, crenatum ,,,,Hawaii,Endangered,
Geranium, kauaiense,,,Nohoanu ,Hawaii,Endangered,
Geranium, multiflorum,,,Nohoanu ,Hawaii,Endangered,
Delissea, rivularis,,,Oha ,Hawaii,Endangered,
Delissea, subcordata,,,Oha ,Hawaii,Endangered,
Sesbania, tomentosa,, ,Ohai,Hawaii,Endangered,
Clermontia, drepanomorpha,,,`Oha wai ,Hawaii,Endangered,
Clermontia, lindseyana,,,`Oha wai ,Hawaii,Endangered,
Clermontia oblongifolia, ssp. brevipes,,,`Oha wai ,Hawaii,Endangered,
Clermontia ,oblongifolia, ssp. mauiensis,,`Oha wai ,Hawaii,Endangered,
Clermontia ,peleana,,,`Oha wai ,Hawaii,Endangered,
Clermontia ,pyrularia,,,`Oha wai ,Hawaii,Endangered,
Clermontia, samuelii,,,`Oha wai ,Hawaii,Endangered,
Tetraplasandra, gymnocarpa,, ,`Ohe`ohe,Hawaii,Endangered,
Brighamia, insignis,, ,Olulu,Hawaii,Endangered,
Urera, kaalae,, ,Opuhe,Hawaii,Endangered,
Astelia, waialealae,, ,Pa`iniu,Hawaii,Endangered,
Tetramolopium, capillare,, ,Pamakani,Hawaii,Endangered,
Viola, chamissoniana, ssp. chamissoniana, ,Pamakani,Hawaii,Endangered,
Panicum, fauriei, var. carteri, Carter's ,Panicgrass,Hawaii,Endangered,
Charpentiera, densiflora,, ,Papala,Hawaii,Endangered,
Ctenitis, squamigera,, ,Pauoa,Hawaii,Endangered,
Hedyotis, mannii,,,Pilo ,Hawaii,Endangered,
Platydesma, rostrata,, ,Pilo kea lau li`i,Hawaii,Endangered,
Portulaca, sclerocarpa,,,Po`e ,Hawaii,Endangered,
Solanum, incompletum,, ,Popolo ku mai,Hawaii,Endangered,
Brighamia, rockii,, ,Pua `ala,Hawaii,Endangered,
Cyperus, trachysanthos,, ,Pu`uka`a,Hawaii,Endangered,
Remya, mauiensis,, Maui ,Remya,Hawaii,Endangered,
Santalum, freycinetianum, var. lanaiense, Lanai,Sandalwood,Hawaii,Endangered,
Schiedea, adamantis,, Diamond Head ,Schiedea,Hawaii,Endangered,
Argyroxiphium kauense,,, Mauna Loa,Silversword,Hawaii,Endangered,
Caesalpinia, kavaiense,, ,Uhiuhi,Hawaii,Endangered,
Vicia, menziesii,, Hawaiian ,Vetch,Hawaii,Endangered,
Pritchardia, aylmer-robinsonii,,,Wahane,Hawaii,Endangered,
Huperzia, mannii,,,Wawae`iole ,Hawaii,Endangered,
Lycopodium,nutans,,,Wawae`iole,Hawaii,Endangered,
Canis,lupus,,gray,Wolf,Idaho,Endangered, U.S.A.: All of AL AR CA CO CT DE FL GA KS KY LA MA MD ME MO MS NC NE NH NJ NV NY OK PA RI SC TN VA VT WV those portions of AZ NM and TX not included in an experimental population; and portions of IA IN IL ND OH OR SD UT and WA. Mexico 
Ursus,arctos,horribilis,grizzly,Bear,Idaho,Threatened,lower 48 States except where listed as an experimental population or delisted 
Rangifer,tarandus,caribou,woodland,Caribou,Idaho,Endangered,Selkirk Mountain population 
Numenius borealis,,,Eskimo,Curlew,Idaho,Endangered,
Lanx,sp.,,Banbury Springs,Limpet,Idaho,Endangered,
Lynx,canadensis,,Canada,Lynx,Idaho,Threatened,Contiguous U.S. DPS
Brachylagus,idahoensis,,pygmy,Rabbit,Idaho,Endangered,Columbia Basin DPS 
Oncorhynchus,tshawytscha,,chinook,Salmon,Idaho,Threatened,Snake River fall-run ESU 
Oncorhynchus,tshawytscha,,chinook,Salmon,Idaho,Threatened,Snake River spring/summer-run ESU 
Oncorhynchus, nerka,,sockeye,Salmon,Idaho,Endangered,U.S.A. Snake River ID stock wherever found.
Taylorconcha,serpenticola,,Bliss Rapids,Snail,Idaho,Threatened,
Physa,natricina,,Snake River physa,Snail,Idaho,Endangered,
Pyrgulopsis,bruneauensis,,Bruneau Hot,Springsnail,Idaho,Endangered,
Spermophilus,brunneus,brunneus,northern Idaho ground,Squirrel,Idaho,Threatened,
Oncorhynchus,mykiss,,,Steelhead,Idaho,Threatened,Snake R. Basin
Acipenser,transmontanus,,white,Sturgeon,Idaho,Endangered,U.S.A. ID MT Canada B.C. Kootenai R. system
Salvelinus,confluentus,,bull,Trout,Idaho,Threatened,U.S.A. conterminous lower 48 states 
Silene,spaldingii,,Spalding's,Catchfly,Idaho,Threatened,
Mirabilis,macfarlanei,,MacFarlane's,Four-o'clock,Idaho,Threatened,
Howellia,aquatilis,,water,Howellia,Idaho,Threatened,
Spiranthes,diluvialis,,Ute,Ladies'-tresses,Idaho,Threatened,
Lepidium,papilliferum,,Slickspot,Peppergrass,Idaho,Threatened,
Canis,lupus,,gray,Wolf,Illinois,Endangered, U.S.A.: All of AL AR CA CO CT DE FL GA KS KY LA MA MD ME MO MS NC NE NH NJ NV NY OK PA RI SC TN VA VT WV those portions of AZ NM and TX not included in an experimental population; and portions of IA IN IL ND OH OR SD UT and WA. Mexico 
Gammarus ,acherondytes,, Illinois cave ,Amphipod,Illinois,Endangered,
Myotis, grisescens,, gray ,Bat,Illinois,Endangered,
Myotis, sodalis,,Indiana ,Bat,Illinois,Endangered,
Villosa, fabalis,,rayed ,Bean,Illinois,Endangered,
Nicrophorus, americanus,, American burying ,Beetle,Illinois,Endangered,
Epioblasma, torulosa,, tubercled,Blossom,Illinois,Endangered,Entire Range Except where listed as Experimental Populations
Lycaeides, melissa,, Karner blue,Butterfly,Illinois,Endangered,
Pleurobema, clava,,,Clubshell,Illinois,Endangered,Entire Range Except where listed as Experimental Populations 
Numenius, borealis,,Eskimo,Curlew,Illinois,Endangered,
Somatochlora, hineana,, Hine's emerald ,Dragonfly,Illinois,Endangered,
Cyprogenia, stegaria,, ,Fanshell,Illinois,Endangered,
 Lampsilis, higginsii,,pearlymussel,Higgins eye ,Illinois,Endangered,
Quadrula, fragosa,, winged ,Mapleleaf,Illinois,Endangered,Entire except where listed as experimental populations 
Lampsilis ,abrupta,, pink,Mucket,Illinois,Endangered,
Leptodea, leptodon,, scaleshell ,Mussel,Illinois,Endangered,
Plethobasus, cyphyus,, sheepnose ,Mussel,Illinois,Endangered,
Epioblasma, triquetra,, snuffbox ,Mussel,Illinois,Endangered,
 Hemistena,lata,, cracking,Pearlymussel,Illinois,Endangered,Entire Range; Except where listed as Experimental Populations
Plethobasus, cooperianus,, orangefoot ,Pimpleback,Illinois,Endangered,
Charadrius, melodus,, piping,Plover,Illinois,Endangered, Great Lakes watershed 
Potamilus, capax,, fat ,Pocketbook,Illinois,Endangered,
Puma, concolor,, eastern ,Puma,Illinois,Endangered,
Epioblasma, obliquata,,,purple cat's paw,Illinois,Endangered,Entire Range Except where listed as Experimental Populations
Epioblasma, torulosa,, northern ,Riffleshell,Illinois,Endangered,
Obovaria, retusa,,mussel,Ring pink ,Illinois,Endangered,
Discus, macclintocki,, Iowa Pleistocene ,Snail,Illinois,Endangered,
 Nerodia, erythrogaster,, copperbelly water,Snake,Illinois,Threatened,Indiana north of 40 degrees north latitude Michigan Ohio 
 Cumberlandia, monodonta,,mussel,Spectaclecase ,Illinois,Endangered,
Scaphirhynchus, albus,, pallid ,Sturgeon,Illinois,Endangered,
Sterna, antillarum,, least,Tern,Illinois,Endangered,interior pop. 
Plethobasus,cicatricosus,, white,Wartyback,Illinois,Endangered,
Campephilus, principalis,, ivory-billed,Woodpecker,Illinois,Endangered,entire 
Boltonia, decurrens,, decurrent false ,Aster,Illinois,Threatened,
Lespedeza, leptostachya,, prairie ,Bush-clover,Illinois,Threatened,
Trifolium, stoloniferum,, running buffalo ,Clover,Illinois,Endangered,
Hymenoxys, herbacea,, lakeside ,Daisy,Illinois,Threatened,
Asclepias, meadii,, Mead's ,Milkweed,Illinois,Threatened,
Platanthera, leucophaea,, eastern prairie fringed ,Orchid,Illinois,Threatened,
Isotria, medeoloides,, small whorled ,Pogonia,Illinois,Threatened,
Apios, priceana,, Price's ,Potato-bean,Illinois,Threatened,
Dalea, foliosa,, leafy ,Prairie-clover,Illinois,Endangered,
Cirsium, pitcheri,, Pitcher's ,Thistle,Illinois,Threatened,
Canis,lupus,,gray,Wolf,Indiana,Endangered, U.S.A.: All of AL AR CA CO CT DE FL GA KS KY LA MA MD ME MO MS NC NE NH NJ NV NY OK PA RI SC TN VA VT WV those portions of AZ NM and TX not included in an experimental population; and portions of IA IN IL ND OH OR SD UT and WA. Mexico 
Myotis, grisescens,, gray ,Bat,Indiana,Endangered,
Myotis, sodalis,, Indiana ,Bat,Indiana,Endangered,
Villosa, fabalis,, rayed ,Bean,Indiana,Endangered,
Nicrophorus, americanus,, American burying ,Beetle,Indiana,Endangered,
Epioblasma, torulosa, torulosa, tubercled,Blossom,Indiana,Endangered, Entire Range Except where listed as Experimental Populations 
Lycaeides, melissa, samuelis, Karner blue ,Butterfly,Indiana,Endangered,
Neonympha, mitchellii, mitchellii, Mitchell's satyr ,Butterfly,Indiana,Endangered,
Epioblasma, obliquata, perobliqua, white,Catspaw,Indiana,Endangered,
Pleurobema, clava,,,Clubshell,Indiana,Endangered,Entire Range Except where listed as Experimental Populations 
Numenius, borealis,, Eskimo ,Curlew,Indiana,Endangered,
Somatochlora, hineana,, Hine's emerald ,Dragonfly,Indiana,Endangered,
Cyprogenia, stegaria,, ,Fanshell,Indiana,Endangered,
Quadrula, fragosa,, winged ,Mapleleaf,Indiana,Endangered, Entire except where listed as experimental populations 
Lampsilis, abrupta,, pink ,Mucket,Indiana,Endangered,
Leptodea, leptodon,, scaleshell ,Mussel,Indiana,Endangered,
Plethobasus, cyphyus,, sheepnose ,Mussel,Indiana,Endangered,
Epioblasma, triquetra,, snuffbox ,Mussel,Indiana,Endangered,
Hemistena, lata,, cracking ,Pearlymussel,Indiana,Endangered, Entire Range Except where listed as Experimental Populations 
Pleurobema, plenum,, rough ,Pigtoe,Indiana,Endangered,
Plethobasus, cooperianus,, orangefoot,Pimpleback,Indiana,Endangered,
Charadrius, melodus,, piping ,Plover,Indiana,Threatened,except Great Lakes watershed 
Charadrius, melodus,, piping,Plover,Indiana,Endangered, Great Lakes watershed 
Potamilus, capax,, fat ,Pocketbook,Indiana,Endangered,
Puma, concolor, couguar,eastern,Puma,Indiana,Endangered,
Epioblasma, obliquata, obliquata, ,purple cat's paw,Indiana,Endangered, Entire Range Except where listed as Experimental Populations 
Epioblasma, torulosa, rangiana, northern ,Riffleshell,Indiana,Endangered,
Obovaria, retusa,, ,Ring pink,Indiana,Endangered,
 Nerodia, erythrogaster, neglecta, copperbelly water,Snake,Indiana,Threatened,Indiana north of 40 degrees north latitude Michigan Ohio
Cumberlandia, monodonta,, ,Spectaclecase,Indiana,Endangered,
Sterna, antillarum,, least,Tern,Indiana,Endangered,interior pop. 
Plethobasus, cicatricosus,, white,Wartyback,Indiana,Endangered,
Trifolium, stoloniferum,, running buffalo ,Clover,Indiana,Endangered,
Asclepias, meadii,, Mead's ,Milkweed,Indiana,Threatened,
Platanthera, leucophaea,, eastern prairie fringed ,Orchid,Indiana,Threatened,
Cirsium, pitcheri,, Pitcher's ,Thistle,Indiana,Threatened,
Canis,lupus,,gray,Wolf,Iowa,Endangered, U.S.A.: All of AL AR CA CO CT DE FL GA KS KY LA MA MD ME MO MS NC NE NH NJ NV NY OK PA RI SC TN VA VT WV those portions of AZ NM and TX not included in an experimental population; and portions of IA IN IL ND OH OR SD UT and WA. Mexico 
Myotis, sodalis,, Indiana ,Bat,Iowa,Endangered,
Nicrophorus, americanus,, American burying ,Beetle,Iowa,Endangered,
Numenius, borealis,, Eskimo ,Curlew,Iowa,Endangered,
Vulpes, velox, hebes, northern swift ,Fox,Iowa,Endangered,
Lampsilis, higginsii,, ,Higgins eye,Iowa,Endangered,
Quadrula, fragosa,, winged,Mapleleaf,Iowa,Endangered,
Leptodea, leptodon,, scaleshell ,Mussel,Iowa,Endangered,
Plethobasus, cyphyus,, sheepnose ,Mussel,Iowa,Endangered,
Epioblasma, triquetra,, snuffbox ,Mussel,Iowa,Endangered,
Plethobasus, cooperianus,, orangefoot,Pimpleback,Iowa,Endangered,
Charadrius, melodus,, piping,Plover,Iowa,Threatened,
Potamilus, capax,, fat ,Pocketbook,Iowa,Endangered,
Notropis, topeka,, Topeka ,Shiner,Iowa,Endangered,
Discus, macclintocki,, Iowa Pleistocene ,Snail,Iowa,Endangered,
Cumberlandia, monodonta,, ,Spectaclecase ,Iowa,Endangered,
Scaphirhynchus, albus,, pallid ,Sturgeon,Iowa,Endangered,
 ,Sterna, antillarum, least,Tern,Iowa,Endangered,
Lespedeza, leptostachya,, prairie ,Bush-clover,Iowa,Threatened,
Asclepias, meadii,, Mead's ,Milkweed,Iowa,Threatened,
Aconitum, noveboracense,, northern wild ,Monkshood,Iowa,Threatened,
Platanthera, leucophaea,, eastern prairie fringed ,Orchid,Iowa,Threatened,
Platanthera, praeclara,, western prairie fringed ,Orchid,Iowa,Threatened,
Canis,lupus,,gray,Wolf,Kansas,Endangered, U.S.A.: All of AL AR CA CO CT DE FL GA KS KY LA MA MD ME MO MS NC NE NH NJ NV NY OK PA RI SC TN VA VT WV those portions of AZ NM and TX not included in an experimental population; and portions of IA IN IL ND OH OR SD UT and WA. Mexico 
Myotis, grisescens,, gray ,Bat,Kansas,Endangered,
Myotis, sodalis,, Indiana ,Bat,Kansas,Endangered,
Nicrophorus, americanus,, American burying ,Beetle,Kansas,Endangered,
Grus, americana,, whooping,Crane,Kansas,Endangered,
Numenius, borealis,, Eskimo ,Curlew,Kansas,Endangered,
Noturus, placidus,, Neosho ,Madtom,Kansas,Threatened,
Plethobasus, cyphyus,, sheepnose ,Mussel,Kansas,Endangered,
Epioblasma, triquetra,, snuffbox ,Mussel,Kansas,Endangered,
Charadrius, melodus,, piping,Plover,Kansas,Threatened,
Charadrius, alexandrinus, nivosus, western snowy ,Plover,Kansas,Threatened,
Notropis, girardi,, Arkansas River,Shiner,Kansas,Threatened,
Notropis, topeka,, Topeka ,Shiner,Kansas,Endangered,
Cumberlandia, monodonta,, ,Spectaclecase,Kansas,Endangered,
Scaphirhynchus, albus,, pallid ,Sturgeon,Kansas,Endangered,
Sterna, antillarum,, least,Tern,Kansas,Endangered,
Vireo, atricapilla,, black-capped ,Vireo,Kansas,Endangered,
Trifolium, stoloniferum,, running buffalo ,Clover,Kansas,Endangered,
Asclepias, meadii,, Mead's ,Milkweed,Kansas,Threatened,
Platanthera, praeclara,, western prairie fringed ,Orchid,Kansas,Threatened,
Canis,lupus,,gray,Wolf,Kentucky,Endangered, U.S.A.: All of AL AR CA CO CT DE FL GA KS KY LA MA MD ME MO MS NC NE NH NJ NV NY OK PA RI SC TN VA VT WV those portions of AZ NM and TX not included in an experimental population; and portions of IA IN IL ND OH OR SD UT and WA. Mexico 
Myotis, grisescens,, gray ,Bat,Kentucky,Endangered,
Myotis, sodalis,, Indiana ,Bat,Kentucky,Endangered,
Corynorhinus, townsendii, virginianus, Virginia big-eared ,Bat,Kentucky,Endangered,
 ,Villosa, trabalis,Cumberland,Bean,Kentucky,Endangered, Entire Range Except where listed as Experimental Populations 
Villosa, fabalis,, rayed ,Bean,Kentucky,Endangered,
Nicrophorus, americanus,, American burying ,Beetle,Kentucky,Endangered,
Epioblasma, torulosa, torulosa, tubercled,Blossom,Kentucky,Endangered,Entire Range Except where listed as Experimental Populations 
Pleurobema, clava,, ,Clubshell,Kentucky,Endangered, Entire Range Except where listed as Experimental Populations 
Epioblasma, brevidens,, Cumberlandian ,Combshell,Kentucky,Endangered,Entire Range; Except where listed as Experimental Populations 
Numenius, borealis,, Eskimo ,Curlew,Kentucky,Endangered,
Phoxinus, cumberlandensis,, blackside ,Dace,Kentucky,Threatened,
Etheostoma, susanae,, Cumberland ,Darter,Kentucky,Endangered,
Etheostoma, chienense,, relict ,Darter,Kentucky,Endangered,
Alasmidonta, atropurpurea,, Cumberland ,Elktoe,Kentucky,Endangered,
Cyprogenia, stegaria,,,Fanshell ,Kentucky,Endangered,
Quadrula, fragosa,, winged ,Mapleleaf,Kentucky,Endangered, Entire except where listed as experimental populations 
Lampsilis, abrupta,, pink,Mucket,Kentucky,Endangered,
Epioblasma, capsaeformis,, oyster ,Mussel,Kentucky,Endangered,Entire Range; Except where listed as Experimental Populations 
Leptodea, leptodon,, scaleshell ,Mussel,Kentucky,Endangered,
Plethobasus, cyphyus,, sheepnose ,Mussel,Kentucky,Endangered,
Epioblasma, triquetra,, snuffbox ,Mussel,Kentucky,Endangered,
Hemistena, lata,, cracking ,Pearlymussel,Kentucky,Endangered,Entire Range; Except where listed as Experimental Populations 
Dromus, dromas,, dromedary ,Pearlymussel,Kentucky,Endangered,Entire Range; Except where listed as Experimental Populations 
Pegias, fabula,, littlewing ,Pearlymussel,Kentucky,Endangered,
Pleurobema, plenum,, rough ,Pigtoe,Kentucky,Endangered,
Plethobasus, cooperianus,, orangefoot ,Pimpleback,Kentucky,Endangered,
Charadrius, melodus,, piping ,Plover,Kentucky,Threatened,except Great Lakes watershed 
Potamilus, capax,, fat ,Pocketbook,Kentucky,Endangered,
Puma, concolor, couguar,eastern,Puma,Kentucky,Endangered,
Epioblasma, obliquata, obliquata,,purple cat's paw,Kentucky,Endangered, Entire Range; Except where listed as Experimental Populations 
Epioblasma, torulosa, rangiana, northern ,Riffleshell,Kentucky,Endangered,
Epioblasma, florentina, walkeri, tan ,Riffleshell,Kentucky,Endangered,
Obovaria, retusa,,,Ring pink,Kentucky,Endangered,
Notropis, albizonatus,, palezone ,Shiner,Kentucky,Endangered,
Palaemonias, ganteri,, Kentucky cave ,Shrimp,Kentucky,Endangered,
Nerodia, erythrogaster, neglecta, copperbelly water ,Snake,Kentucky,Threatened,Indiana north of 40 degrees north latitude Michigan Ohio 
Cumberlandia, monodonta,, ,Spectaclecase,Kentucky,Endangered,
Scaphirhynchus, albus,, pallid ,Sturgeon,Kentucky,Endangered,
Sterna, antillarum,, least ,Tern,Kentucky,Endangered,interior pop. 
Plethobasus, cicatricosus,, white,Wartyback,Kentucky,Endangered,
Campephilus, principalis,, ivory-billed,Woodpecker,Kentucky,Endangered,
Trifolium, stoloniferum,, running buffalo ,Clover,Kentucky,Endangered,
Solidago, shortii,, Short's ,Goldenrod,Kentucky,Endangered,
Solidago, albopilosa,, white-haired ,Goldenrod,Kentucky,Threatened,
Apios, priceana,, Price's ,Potato-bean,Kentucky,Threatened,
Arabis, perstellata,, Braun's ,Rock-cress,Kentucky,Endangered,
Conradina, verticillata,, Cumberland ,Rosemary,Kentucky,Threatened,
Arenaria, cumberlandensis,, Cumberland ,Sandwort,Kentucky,Endangered,
Spiraea, virginiana,, Virginia ,Spiraea,Kentucky,Threatened,
